This is XeTeX, Version 3.141592653-2.6-0.999997 (TeX Live 2025) (preloaded format=xelatex 2025.11.11)  27 NOV 2025 12:42
entering extended mode
 restricted \write18 enabled.
 %&-line parsing enabled.
**index.tex
(./index.tex
LaTeX2e <2025-11-01>
L3 programming layer <2025-10-24>
(c:/Users/Cleuler/AppData/Roaming/TinyTeX/texmf-dist/tex/latex/koma-script/scrreprt.cls
Document Class: scrreprt 2025/09/09 v3.48 KOMA-Script document class (report)
(c:/Users/Cleuler/AppData/Roaming/TinyTeX/texmf-dist/tex/latex/koma-script/scrkbase.sty
Package: scrkbase 2025/09/09 v3.48 KOMA-Script package (KOMA-Script-dependent basics and keyval usage)
(c:/Users/Cleuler/AppData/Roaming/TinyTeX/texmf-dist/tex/latex/koma-script/scrbase.sty
Package: scrbase 2025/09/09 v3.48 KOMA-Script package (KOMA-Script-independent basics and keyval usage)
(c:/Users/Cleuler/AppData/Roaming/TinyTeX/texmf-dist/tex/latex/koma-script/scrlfile.sty
Package: scrlfile 2025/09/09 v3.48 KOMA-Script package (file load hooks)
(c:/Users/Cleuler/AppData/Roaming/TinyTeX/texmf-dist/tex/latex/koma-script/scrlfile-hook.sty
Package: scrlfile-hook 2025/09/09 v3.48 KOMA-Script package (using LaTeX hooks)
(c:/Users/Cleuler/AppData/Roaming/TinyTeX/texmf-dist/tex/latex/koma-script/scrlogo.sty
Package: scrlogo 2025/09/09 v3.48 KOMA-Script package (logo)
))) (c:/Users/Cleuler/AppData/Roaming/TinyTeX/texmf-dist/tex/latex/graphics/keyval.sty
Package: keyval 2022/05/29 v1.15 key=value parser (DPC)
\KV@toks@=\toks17
)
Applying: [2021/05/01] Usage of raw or classic option list on input line 254.
Already applied: [0000/00/00] Usage of raw or classic option list on input line 370.
)) (c:/Users/Cleuler/AppData/Roaming/TinyTeX/texmf-dist/tex/latex/koma-script/tocbasic.sty
Package: tocbasic 2025/09/09 v3.48 KOMA-Script package (handling toc-files)
\scr@dte@tocline@numberwidth=\skip49
\scr@dte@tocline@numbox=\box53
)
Package tocbasic Info: omitting babel extension for `toc'
(tocbasic)             because of feature `nobabel' available
(tocbasic)             for `toc' on input line 143.
Package scrreprt Info: You've used standard option `12pt'.
(scrreprt)             This is correct!
(scrreprt)             Internally I'm using `fontsize=12pt'.
(scrreprt)             If you'd like to set the option with \KOMAoptions,
(scrreprt)             you'd have to use `fontsize=12pt' there
(scrreprt)             instead of `12pt', too.
Class scrreprt Info: File `scrsize12pt.clo' used to setup font sizes on input line 2707.
(c:/Users/Cleuler/AppData/Roaming/TinyTeX/texmf-dist/tex/latex/koma-script/scrsize12pt.clo
File: scrsize12pt.clo 2025/09/09 v3.48 KOMA-Script font size class option (12pt)
) (c:/Users/Cleuler/AppData/Roaming/TinyTeX/texmf-dist/tex/latex/koma-script/typearea.sty
Package: typearea 2025/09/09 v3.48 KOMA-Script package (type area)
\ta@bcor=\skip50
\ta@div=\count271
Package typearea Info: You've used standard option `a4paper'.
(typearea)             This is correct!
(typearea)             Internally I'm using `paper=a4'.
(typearea)             If you'd like to set the option with \KOMAoptions,
(typearea)             you'd have to use `paper=a4' there
(typearea)             instead of `a4paper', too.
\ta@hblk=\skip51
\ta@vblk=\skip52
\ta@temp=\skip53
\footheight=\skip54
Package typearea Info: These are the values describing the layout:
(typearea)             DIV  = 11
(typearea)             BCOR = 0.0pt
(typearea)             \paperwidth      = 597.50793pt
(typearea)              \textwidth      = 434.55125pt
(typearea)              DIV departure   = -3%
(typearea)              \evensidemargin = 9.20834pt
(typearea)              \oddsidemargin  = 9.20834pt
(typearea)             \paperheight     = 845.04694pt
(typearea)              \textheight     = 621.0pt
(typearea)              \topmargin      = -35.32254pt
(typearea)              \headheight     = 18.125pt
(typearea)              \headsep        = 21.75pt
(typearea)              \topskip        = 12.0pt
(typearea)              \footskip       = 50.75pt
(typearea)              \baselineskip   = 14.5pt
(typearea)              on input line 1807.
)
\c@part=\count272
\c@chapter=\count273
\c@section=\count274
\c@subsection=\count275
\c@subsubsection=\count276
\c@paragraph=\count277
\c@subparagraph=\count278
\scr@dte@chapter@maxnumwidth=\skip55
Class scrreprt Info: using compatibility default `afterindent=bysign'
(scrreprt)           for `\chapter on input line 6080.
\scr@dte@section@maxnumwidth=\skip56
Class scrreprt Info: using compatibility default `runin=bysign'
(scrreprt)           for `\section on input line 6091.
Class scrreprt Info: using compatibility default `afterindent=bysign'
(scrreprt)           for `\section on input line 6091.
\scr@dte@part@maxnumwidth=\skip57
Class scrreprt Info: using compatibility default `afterindent=true'
(scrreprt)           for `\part on input line 6100.
\scr@dte@subsection@maxnumwidth=\skip58
Class scrreprt Info: using compatibility default `runin=bysign'
(scrreprt)           for `\subsection on input line 6110.
Class scrreprt Info: using compatibility default `afterindent=bysign'
(scrreprt)           for `\subsection on input line 6110.
\scr@dte@subsubsection@maxnumwidth=\skip59
Class scrreprt Info: using compatibility default `runin=bysign'
(scrreprt)           for `\subsubsection on input line 6120.
Class scrreprt Info: using compatibility default `afterindent=bysign'
(scrreprt)           for `\subsubsection on input line 6120.
\scr@dte@paragraph@maxnumwidth=\skip60
Class scrreprt Info: using compatibility default `runin=bysign'
(scrreprt)           for `\paragraph on input line 6131.
Class scrreprt Info: using compatibility default `afterindent=bysign'
(scrreprt)           for `\paragraph on input line 6131.
\scr@dte@subparagraph@maxnumwidth=\skip61
Class scrreprt Info: using compatibility default `runin=bysign'
(scrreprt)           for `\subparagraph on input line 6141.
Class scrreprt Info: using compatibility default `afterindent=bysign'
(scrreprt)           for `\subparagraph on input line 6141.
\abovecaptionskip=\skip62
\belowcaptionskip=\skip63
\c@pti@nb@sid@b@x=\box54
Package tocbasic Info: omitting babel extension for `lof'
(tocbasic)             because of feature `nobabel' available
(tocbasic)             for `lof' on input line 7348.
\scr@dte@figure@maxnumwidth=\skip64
\c@figure=\count279
Package tocbasic Info: omitting babel extension for `lot'
(tocbasic)             because of feature `nobabel' available
(tocbasic)             for `lot' on input line 7361.
\scr@dte@table@maxnumwidth=\skip65
\c@table=\count280
Class scrreprt Info: Redefining `\numberline' on input line 7532.
\bibindent=\dimen148
) (c:/Users/Cleuler/AppData/Roaming/TinyTeX/texmf-dist/tex/latex/xcolor/xcolor.sty
Package: xcolor 2024/09/29 v3.02 LaTeX color extensions (UK)
(c:/Users/Cleuler/AppData/Roaming/TinyTeX/texmf-dist/tex/latex/graphics-cfg/color.cfg
File: color.cfg 2016/01/02 v1.6 sample color configuration
)
Package xcolor Info: Driver file: xetex.def on input line 274.
(c:/Users/Cleuler/AppData/Roaming/TinyTeX/texmf-dist/tex/latex/graphics-def/xetex.def
File: xetex.def 2025/11/01 v5.0p Graphics/color driver for xetex
) (c:/Users/Cleuler/AppData/Roaming/TinyTeX/texmf-dist/tex/latex/graphics/mathcolor.ltx)
Package xcolor Info: Model `cmy' substituted by `cmy0' on input line 1349.
Package xcolor Info: Model `RGB' extended on input line 1365.
Package xcolor Info: Model `HTML' substituted by `rgb' on input line 1367.
Package xcolor Info: Model `Hsb' substituted by `hsb' on input line 1368.
Package xcolor Info: Model `tHsb' substituted by `hsb' on input line 1369.
Package xcolor Info: Model `HSB' substituted by `hsb' on input line 1370.
Package xcolor Info: Model `Gray' substituted by `gray' on input line 1371.
Package xcolor Info: Model `wave' substituted by `hsb' on input line 1372.
) (c:/Users/Cleuler/AppData/Roaming/TinyTeX/texmf-dist/tex/latex/graphics/dvipsnam.def
File: dvipsnam.def 2016/06/17 v3.0m Driver-dependent file (DPC,SPQR)
) (c:/Users/Cleuler/AppData/Roaming/TinyTeX/texmf-dist/tex/latex/xcolor/svgnam.def
File: svgnam.def 2024/09/29 v3.02 Predefined colors according to SVG 1.1 (UK)
) (c:/Users/Cleuler/AppData/Roaming/TinyTeX/texmf-dist/tex/latex/xcolor/x11nam.def
File: x11nam.def 2024/09/29 v3.02 Predefined colors according to Unix/X11 (UK)
) (c:/Users/Cleuler/AppData/Roaming/TinyTeX/texmf-dist/tex/latex/geometry/geometry.sty
Package: geometry 2020/01/02 v5.9 Page Geometry
(c:/Users/Cleuler/AppData/Roaming/TinyTeX/texmf-dist/tex/generic/iftex/ifvtex.sty
Package: ifvtex 2019/10/25 v1.7 ifvtex legacy package. Use iftex instead.
(c:/Users/Cleuler/AppData/Roaming/TinyTeX/texmf-dist/tex/generic/iftex/iftex.sty
Package: iftex 2024/12/12 v1.0g TeX engine tests
))
\Gm@cnth=\count281
\Gm@cntv=\count282
\c@Gm@tempcnt=\count283
\Gm@bindingoffset=\dimen149
\Gm@wd@mp=\dimen150
\Gm@odd@mp=\dimen151
\Gm@even@mp=\dimen152
\Gm@layoutwidth=\dimen153
\Gm@layoutheight=\dimen154
\Gm@layouthoffset=\dimen155
\Gm@layoutvoffset=\dimen156
\Gm@dimlist=\toks18
) (c:/Users/Cleuler/AppData/Roaming/TinyTeX/texmf-dist/tex/latex/amsmath/amsmath.sty
Package: amsmath 2025/07/09 v2.17z AMS math features
\@mathmargin=\skip66
For additional information on amsmath, use the `?' option.
(c:/Users/Cleuler/AppData/Roaming/TinyTeX/texmf-dist/tex/latex/amsmath/amstext.sty
Package: amstext 2024/11/17 v2.01 AMS text
(c:/Users/Cleuler/AppData/Roaming/TinyTeX/texmf-dist/tex/latex/amsmath/amsgen.sty
File: amsgen.sty 1999/11/30 v2.0 generic functions
\@emptytoks=\toks19
\ex@=\dimen157
)) (c:/Users/Cleuler/AppData/Roaming/TinyTeX/texmf-dist/tex/latex/amsmath/amsbsy.sty
Package: amsbsy 1999/11/29 v1.2d Bold Symbols
\pmbraise@=\dimen158
) (c:/Users/Cleuler/AppData/Roaming/TinyTeX/texmf-dist/tex/latex/amsmath/amsopn.sty
Package: amsopn 2022/04/08 v2.04 operator names
)
\inf@bad=\count284
LaTeX Info: Redefining \frac on input line 233.
\uproot@=\count285
\leftroot@=\count286
LaTeX Info: Redefining \overline on input line 398.
LaTeX Info: Redefining \colon on input line 409.
\classnum@=\count287
\DOTSCASE@=\count288
LaTeX Info: Redefining \ldots on input line 495.
LaTeX Info: Redefining \dots on input line 498.
LaTeX Info: Redefining \cdots on input line 619.
\Mathstrutbox@=\box55
\strutbox@=\box56
LaTeX Info: Redefining \big on input line 721.
LaTeX Info: Redefining \Big on input line 722.
LaTeX Info: Redefining \bigg on input line 723.
LaTeX Info: Redefining \Bigg on input line 724.
\big@size=\dimen159
LaTeX Font Info:    Redeclaring font encoding OML on input line 742.
LaTeX Font Info:    Redeclaring font encoding OMS on input line 743.
\macc@depth=\count289
LaTeX Info: Redefining \bmod on input line 904.
LaTeX Info: Redefining \pmod on input line 909.
LaTeX Info: Redefining \smash on input line 939.
LaTeX Info: Redefining \relbar on input line 969.
LaTeX Info: Redefining \Relbar on input line 970.
\c@MaxMatrixCols=\count290
\dotsspace@=\muskip17
\c@parentequation=\count291
\dspbrk@lvl=\count292
\tag@help=\toks20
\row@=\count293
\column@=\count294
\maxfields@=\count295
\andhelp@=\toks21
\eqnshift@=\dimen160
\alignsep@=\dimen161
\tagshift@=\dimen162
\tagwidth@=\dimen163
\totwidth@=\dimen164
\lineht@=\dimen165
\@envbody=\toks22
\multlinegap=\skip67
\multlinetaggap=\skip68
\mathdisplay@stack=\toks23
LaTeX Info: Redefining \[ on input line 2950.
LaTeX Info: Redefining \] on input line 2951.
) (c:/Users/Cleuler/AppData/Roaming/TinyTeX/texmf-dist/tex/latex/amsfonts/amssymb.sty
Package: amssymb 2013/01/14 v3.01 AMS font symbols
(c:/Users/Cleuler/AppData/Roaming/TinyTeX/texmf-dist/tex/latex/amsfonts/amsfonts.sty
Package: amsfonts 2013/01/14 v3.01 Basic AMSFonts support
\symAMSa=\mathgroup4
\symAMSb=\mathgroup5
LaTeX Font Info:    Redeclaring math symbol \hbar on input line 98.
LaTeX Font Info:    Overwriting math alphabet `\mathfrak' in version `bold'
(Font)                  U/euf/m/n --> U/euf/b/n on input line 106.
)) (c:/Users/Cleuler/AppData/Roaming/TinyTeX/texmf-dist/tex/latex/unicode-math/unicode-math.sty (c:/Users/Cleuler/AppData/Roaming/TinyTeX/texmf-dist/tex/latex/l3kernel/expl3.sty
Package: expl3 2025-10-24 L3 programming layer (loader) 
(c:/Users/Cleuler/AppData/Roaming/TinyTeX/texmf-dist/tex/latex/l3backend/l3backend-xetex.def
File: l3backend-xetex.def 2025-10-09 L3 backend support: XeTeX
\g__graphics_track_int=\count296
\g__pdfannot_backend_int=\count297
\g__pdfannot_backend_link_int=\count298
))
Package: unicode-math 2023/08/13 v0.8r Unicode maths in XeLaTeX and LuaLaTeX
(c:/Users/Cleuler/AppData/Roaming/TinyTeX/texmf-dist/tex/latex/unicode-math/unicode-math-xetex.sty
Package: unicode-math-xetex 2023/08/13 v0.8r Unicode maths in XeLaTeX and LuaLaTeX
(c:/Users/Cleuler/AppData/Roaming/TinyTeX/texmf-dist/tex/latex/l3packages/xparse/xparse.sty
Package: xparse 2025-10-09 L3 Experimental document command parser
) (c:/Users/Cleuler/AppData/Roaming/TinyTeX/texmf-dist/tex/latex/l3packages/l3keys2e/l3keys2e.sty
Package: l3keys2e 2025-10-09 LaTeX2e option processing using LaTeX3 keys
) (c:/Users/Cleuler/AppData/Roaming/TinyTeX/texmf-dist/tex/latex/fontspec/fontspec.sty
Package: fontspec 2025/09/29 v2.9g Font selection for XeLaTeX and LuaLaTeX
(c:/Users/Cleuler/AppData/Roaming/TinyTeX/texmf-dist/tex/latex/fontspec/fontspec-xetex.sty
Package: fontspec-xetex 2025/09/29 v2.9g Font selection for XeLaTeX and LuaLaTeX
\l__fontspec_script_int=\count299
\l__fontspec_language_int=\count300
\l__fontspec_strnum_int=\count301
\l__fontspec_tmp_int=\count302
\l__fontspec_tmpa_int=\count303
\l__fontspec_tmpb_int=\count304
\l__fontspec_tmpc_int=\count305
\l__fontspec_em_int=\count306
\l__fontspec_emdef_int=\count307
\l__fontspec_strong_int=\count308
\l__fontspec_strongdef_int=\count309
\l__fontspec_tmpa_dim=\dimen166
\l__fontspec_tmpb_dim=\dimen167
\l__fontspec_tmpc_dim=\dimen168
(c:/Users/Cleuler/AppData/Roaming/TinyTeX/texmf-dist/tex/latex/base/fontenc.sty
Package: fontenc 2025/07/18 v2.1d Standard LaTeX package
) (c:/Users/Cleuler/AppData/Roaming/TinyTeX/texmf-dist/tex/latex/fontspec/fontspec.cfg))) (c:/Users/Cleuler/AppData/Roaming/TinyTeX/texmf-dist/tex/latex/base/fix-cm.sty
Package: fix-cm 2020/11/24 v1.1t fixes to LaTeX
(c:/Users/Cleuler/AppData/Roaming/TinyTeX/texmf-dist/tex/latex/base/ts1enc.def
File: ts1enc.def 2001/06/05 v3.0e (jk/car/fm) Standard LaTeX file
LaTeX Font Info:    Redeclaring font encoding TS1 on input line 47.
LaTeX Encoding Info:    Redeclaring text command \capitalcedilla (encoding TS1) on input line 49.
LaTeX Encoding Info:    Redeclaring text command \capitalogonek (encoding TS1) on input line 52.
LaTeX Encoding Info:    Redeclaring text command \capitalgrave (encoding TS1) on input line 55.
LaTeX Encoding Info:    Redeclaring text command \capitalacute (encoding TS1) on input line 56.
LaTeX Encoding Info:    Redeclaring text command \capitalcircumflex (encoding TS1) on input line 57.
LaTeX Encoding Info:    Redeclaring text command \capitaltilde (encoding TS1) on input line 58.
LaTeX Encoding Info:    Redeclaring text command \capitaldieresis (encoding TS1) on input line 59.
LaTeX Encoding Info:    Redeclaring text command \capitalhungarumlaut (encoding TS1) on input line 60.
LaTeX Encoding Info:    Redeclaring text command \capitalring (encoding TS1) on input line 61.
LaTeX Encoding Info:    Redeclaring text command \capitalcaron (encoding TS1) on input line 62.
LaTeX Encoding Info:    Redeclaring text command \capitalbreve (encoding TS1) on input line 63.
LaTeX Encoding Info:    Redeclaring text command \capitalmacron (encoding TS1) on input line 64.
LaTeX Encoding Info:    Redeclaring text command \capitaldotaccent (encoding TS1) on input line 65.
LaTeX Encoding Info:    Redeclaring text command \t (encoding TS1) on input line 66.
LaTeX Encoding Info:    Redeclaring text command \capitaltie (encoding TS1) on input line 67.
LaTeX Encoding Info:    Redeclaring text command \newtie (encoding TS1) on input line 68.
LaTeX Encoding Info:    Redeclaring text command \capitalnewtie (encoding TS1) on input line 69.
LaTeX Encoding Info:    Redeclaring text symbol \textcapitalcompwordmark (encoding TS1) on input line 70.
LaTeX Encoding Info:    Redeclaring text symbol \textascendercompwordmark (encoding TS1) on input line 71.
LaTeX Encoding Info:    Redeclaring text symbol \textquotestraightbase (encoding TS1) on input line 72.
LaTeX Encoding Info:    Redeclaring text symbol \textquotestraightdblbase (encoding TS1) on input line 73.
LaTeX Encoding Info:    Redeclaring text symbol \texttwelveudash (encoding TS1) on input line 74.
LaTeX Encoding Info:    Redeclaring text symbol \textthreequartersemdash (encoding TS1) on input line 75.
LaTeX Encoding Info:    Redeclaring text symbol \textleftarrow (encoding TS1) on input line 76.
LaTeX Encoding Info:    Redeclaring text symbol \textrightarrow (encoding TS1) on input line 77.
LaTeX Encoding Info:    Redeclaring text symbol \textblank (encoding TS1) on input line 78.
LaTeX Encoding Info:    Redeclaring text symbol \textdollar (encoding TS1) on input line 79.
LaTeX Encoding Info:    Redeclaring text symbol \textquotesingle (encoding TS1) on input line 80.
LaTeX Encoding Info:    Redeclaring text command \textasteriskcentered (encoding TS1) on input line 81.
LaTeX Encoding Info:    Redeclaring text symbol \textdblhyphen (encoding TS1) on input line 92.
LaTeX Encoding Info:    Redeclaring text symbol \textfractionsolidus (encoding TS1) on input line 93.
LaTeX Encoding Info:    Redeclaring text symbol \textzerooldstyle (encoding TS1) on input line 94.
LaTeX Encoding Info:    Redeclaring text symbol \textoneoldstyle (encoding TS1) on input line 95.
LaTeX Encoding Info:    Redeclaring text symbol \texttwooldstyle (encoding TS1) on input line 96.
LaTeX Encoding Info:    Redeclaring text symbol \textthreeoldstyle (encoding TS1) on input line 97.
LaTeX Encoding Info:    Redeclaring text symbol \textfouroldstyle (encoding TS1) on input line 98.
LaTeX Encoding Info:    Redeclaring text symbol \textfiveoldstyle (encoding TS1) on input line 99.
LaTeX Encoding Info:    Redeclaring text symbol \textsixoldstyle (encoding TS1) on input line 100.
LaTeX Encoding Info:    Redeclaring text symbol \textsevenoldstyle (encoding TS1) on input line 101.
LaTeX Encoding Info:    Redeclaring text symbol \texteightoldstyle (encoding TS1) on input line 102.
LaTeX Encoding Info:    Redeclaring text symbol \textnineoldstyle (encoding TS1) on input line 103.
LaTeX Encoding Info:    Redeclaring text symbol \textlangle (encoding TS1) on input line 104.
LaTeX Encoding Info:    Redeclaring text symbol \textminus (encoding TS1) on input line 105.
LaTeX Encoding Info:    Redeclaring text symbol \textrangle (encoding TS1) on input line 106.
LaTeX Encoding Info:    Redeclaring text symbol \textmho (encoding TS1) on input line 107.
LaTeX Encoding Info:    Redeclaring text symbol \textbigcircle (encoding TS1) on input line 108.
LaTeX Encoding Info:    Redeclaring text command \textcircled (encoding TS1) on input line 109.
LaTeX Encoding Info:    Redeclaring text symbol \textohm (encoding TS1) on input line 115.
LaTeX Encoding Info:    Redeclaring text symbol \textlbrackdbl (encoding TS1) on input line 116.
LaTeX Encoding Info:    Redeclaring text symbol \textrbrackdbl (encoding TS1) on input line 117.
LaTeX Encoding Info:    Redeclaring text symbol \textuparrow (encoding TS1) on input line 118.
LaTeX Encoding Info:    Redeclaring text symbol \textdownarrow (encoding TS1) on input line 119.
LaTeX Encoding Info:    Redeclaring text symbol \textasciigrave (encoding TS1) on input line 120.
LaTeX Encoding Info:    Redeclaring text symbol \textborn (encoding TS1) on input line 121.
LaTeX Encoding Info:    Redeclaring text symbol \textdivorced (encoding TS1) on input line 122.
LaTeX Encoding Info:    Redeclaring text symbol \textdied (encoding TS1) on input line 123.
LaTeX Encoding Info:    Redeclaring text symbol \textleaf (encoding TS1) on input line 124.
LaTeX Encoding Info:    Redeclaring text symbol \textmarried (encoding TS1) on input line 125.
LaTeX Encoding Info:    Redeclaring text symbol \textmusicalnote (encoding TS1) on input line 126.
LaTeX Encoding Info:    Redeclaring text symbol \texttildelow (encoding TS1) on input line 127.
LaTeX Encoding Info:    Redeclaring text symbol \textdblhyphenchar (encoding TS1) on input line 128.
LaTeX Encoding Info:    Redeclaring text symbol \textasciibreve (encoding TS1) on input line 129.
LaTeX Encoding Info:    Redeclaring text symbol \textasciicaron (encoding TS1) on input line 130.
LaTeX Encoding Info:    Redeclaring text symbol \textacutedbl (encoding TS1) on input line 131.
LaTeX Encoding Info:    Redeclaring text symbol \textgravedbl (encoding TS1) on input line 132.
LaTeX Encoding Info:    Redeclaring text symbol \textdagger (encoding TS1) on input line 133.
LaTeX Encoding Info:    Redeclaring text symbol \textdaggerdbl (encoding TS1) on input line 134.
LaTeX Encoding Info:    Redeclaring text symbol \textbardbl (encoding TS1) on input line 135.
LaTeX Encoding Info:    Redeclaring text symbol \textperthousand (encoding TS1) on input line 136.
LaTeX Encoding Info:    Redeclaring text symbol \textbullet (encoding TS1) on input line 137.
LaTeX Encoding Info:    Redeclaring text symbol \textcelsius (encoding TS1) on input line 138.
LaTeX Encoding Info:    Redeclaring text symbol \textdollaroldstyle (encoding TS1) on input line 139.
LaTeX Encoding Info:    Redeclaring text symbol \textcentoldstyle (encoding TS1) on input line 140.
LaTeX Encoding Info:    Redeclaring text symbol \textflorin (encoding TS1) on input line 141.
LaTeX Encoding Info:    Redeclaring text symbol \textcolonmonetary (encoding TS1) on input line 142.
LaTeX Encoding Info:    Redeclaring text symbol \textwon (encoding TS1) on input line 143.
LaTeX Encoding Info:    Redeclaring text symbol \textnaira (encoding TS1) on input line 144.
LaTeX Encoding Info:    Redeclaring text symbol \textguarani (encoding TS1) on input line 145.
LaTeX Encoding Info:    Redeclaring text symbol \textpeso (encoding TS1) on input line 146.
LaTeX Encoding Info:    Redeclaring text symbol \textlira (encoding TS1) on input line 147.
LaTeX Encoding Info:    Redeclaring text symbol \textrecipe (encoding TS1) on input line 148.
LaTeX Encoding Info:    Redeclaring text symbol \textinterrobang (encoding TS1) on input line 149.
LaTeX Encoding Info:    Redeclaring text symbol \textinterrobangdown (encoding TS1) on input line 150.
LaTeX Encoding Info:    Redeclaring text symbol \textdong (encoding TS1) on input line 151.
LaTeX Encoding Info:    Redeclaring text symbol \texttrademark (encoding TS1) on input line 152.
LaTeX Encoding Info:    Redeclaring text symbol \textpertenthousand (encoding TS1) on input line 153.
LaTeX Encoding Info:    Redeclaring text symbol \textpilcrow (encoding TS1) on input line 154.
LaTeX Encoding Info:    Redeclaring text symbol \textbaht (encoding TS1) on input line 155.
LaTeX Encoding Info:    Redeclaring text symbol \textnumero (encoding TS1) on input line 156.
LaTeX Encoding Info:    Redeclaring text symbol \textdiscount (encoding TS1) on input line 157.
LaTeX Encoding Info:    Redeclaring text symbol \textestimated (encoding TS1) on input line 158.
LaTeX Encoding Info:    Redeclaring text symbol \textopenbullet (encoding TS1) on input line 159.
LaTeX Encoding Info:    Redeclaring text symbol \textservicemark (encoding TS1) on input line 160.
LaTeX Encoding Info:    Redeclaring text symbol \textlquill (encoding TS1) on input line 161.
LaTeX Encoding Info:    Redeclaring text symbol \textrquill (encoding TS1) on input line 162.
LaTeX Encoding Info:    Redeclaring text symbol \textcent (encoding TS1) on input line 163.
LaTeX Encoding Info:    Redeclaring text symbol \textsterling (encoding TS1) on input line 164.
LaTeX Encoding Info:    Redeclaring text symbol \textcurrency (encoding TS1) on input line 165.
LaTeX Encoding Info:    Redeclaring text symbol \textyen (encoding TS1) on input line 166.
LaTeX Encoding Info:    Redeclaring text symbol \textbrokenbar (encoding TS1) on input line 167.
LaTeX Encoding Info:    Redeclaring text symbol \textsection (encoding TS1) on input line 168.
LaTeX Encoding Info:    Redeclaring text symbol \textasciidieresis (encoding TS1) on input line 169.
LaTeX Encoding Info:    Redeclaring text symbol \textcopyright (encoding TS1) on input line 170.
LaTeX Encoding Info:    Redeclaring text symbol \textordfeminine (encoding TS1) on input line 171.
LaTeX Encoding Info:    Redeclaring text symbol \textcopyleft (encoding TS1) on input line 172.
LaTeX Encoding Info:    Redeclaring text symbol \textlnot (encoding TS1) on input line 173.
LaTeX Encoding Info:    Redeclaring text symbol \textcircledP (encoding TS1) on input line 174.
LaTeX Encoding Info:    Redeclaring text symbol \textregistered (encoding TS1) on input line 175.
LaTeX Encoding Info:    Redeclaring text symbol \textasciimacron (encoding TS1) on input line 176.
LaTeX Encoding Info:    Redeclaring text symbol \textdegree (encoding TS1) on input line 177.
LaTeX Encoding Info:    Redeclaring text symbol \textpm (encoding TS1) on input line 178.
LaTeX Encoding Info:    Redeclaring text symbol \texttwosuperior (encoding TS1) on input line 179.
LaTeX Encoding Info:    Redeclaring text symbol \textthreesuperior (encoding TS1) on input line 180.
LaTeX Encoding Info:    Redeclaring text symbol \textasciiacute (encoding TS1) on input line 181.
LaTeX Encoding Info:    Redeclaring text symbol \textmu (encoding TS1) on input line 182.
LaTeX Encoding Info:    Redeclaring text symbol \textparagraph (encoding TS1) on input line 183.
LaTeX Encoding Info:    Redeclaring text symbol \textperiodcentered (encoding TS1) on input line 184.
LaTeX Encoding Info:    Redeclaring text symbol \textreferencemark (encoding TS1) on input line 185.
LaTeX Encoding Info:    Redeclaring text symbol \textonesuperior (encoding TS1) on input line 186.
LaTeX Encoding Info:    Redeclaring text symbol \textordmasculine (encoding TS1) on input line 187.
LaTeX Encoding Info:    Redeclaring text symbol \textsurd (encoding TS1) on input line 188.
LaTeX Encoding Info:    Redeclaring text symbol \textonequarter (encoding TS1) on input line 189.
LaTeX Encoding Info:    Redeclaring text symbol \textonehalf (encoding TS1) on input line 190.
LaTeX Encoding Info:    Redeclaring text symbol \textthreequarters (encoding TS1) on input line 191.
LaTeX Encoding Info:    Redeclaring text symbol \texteuro (encoding TS1) on input line 192.
LaTeX Encoding Info:    Redeclaring text symbol \texttimes (encoding TS1) on input line 193.
LaTeX Encoding Info:    Redeclaring text symbol \textdiv (encoding TS1) on input line 194.
))
\g__um_fam_int=\count310
\g__um_fonts_used_int=\count311
\l__um_primecount_int=\count312
\g__um_primekern_muskip=\muskip18
(c:/Users/Cleuler/AppData/Roaming/TinyTeX/texmf-dist/tex/latex/unicode-math/unicode-math-table.tex))) (c:/Users/Cleuler/AppData/Roaming/TinyTeX/texmf-dist/tex/latex/lm/lmodern.sty
Package: lmodern 2015/05/01 v1.6.1 Latin Modern Fonts
LaTeX Font Info:    Overwriting symbol font `operators' in version `normal'
(Font)                  OT1/cmr/m/n --> OT1/lmr/m/n on input line 22.
LaTeX Font Info:    Overwriting symbol font `letters' in version `normal'
(Font)                  OML/cmm/m/it --> OML/lmm/m/it on input line 23.
LaTeX Font Info:    Overwriting symbol font `symbols' in version `normal'
(Font)                  OMS/cmsy/m/n --> OMS/lmsy/m/n on input line 24.
LaTeX Font Info:    Overwriting symbol font `largesymbols' in version `normal'
(Font)                  OMX/cmex/m/n --> OMX/lmex/m/n on input line 25.
LaTeX Font Info:    Overwriting symbol font `operators' in version `bold'
(Font)                  OT1/cmr/bx/n --> OT1/lmr/bx/n on input line 26.
LaTeX Font Info:    Overwriting symbol font `letters' in version `bold'
(Font)                  OML/cmm/b/it --> OML/lmm/b/it on input line 27.
LaTeX Font Info:    Overwriting symbol font `symbols' in version `bold'
(Font)                  OMS/cmsy/b/n --> OMS/lmsy/b/n on input line 28.
LaTeX Font Info:    Overwriting symbol font `largesymbols' in version `bold'
(Font)                  OMX/cmex/m/n --> OMX/lmex/m/n on input line 29.
LaTeX Font Info:    Overwriting math alphabet `\mathbf' in version `normal'
(Font)                  OT1/cmr/bx/n --> OT1/lmr/bx/n on input line 31.
LaTeX Font Info:    Overwriting math alphabet `\mathsf' in version `normal'
(Font)                  OT1/cmss/m/n --> OT1/lmss/m/n on input line 32.
LaTeX Font Info:    Overwriting math alphabet `\mathit' in version `normal'
(Font)                  OT1/cmr/m/it --> OT1/lmr/m/it on input line 33.
LaTeX Font Info:    Overwriting math alphabet `\mathtt' in version `normal'
(Font)                  OT1/cmtt/m/n --> OT1/lmtt/m/n on input line 34.
LaTeX Font Info:    Overwriting math alphabet `\mathbf' in version `bold'
(Font)                  OT1/cmr/bx/n --> OT1/lmr/bx/n on input line 35.
LaTeX Font Info:    Overwriting math alphabet `\mathsf' in version `bold'
(Font)                  OT1/cmss/bx/n --> OT1/lmss/bx/n on input line 36.
LaTeX Font Info:    Overwriting math alphabet `\mathit' in version `bold'
(Font)                  OT1/cmr/bx/it --> OT1/lmr/bx/it on input line 37.
LaTeX Font Info:    Overwriting math alphabet `\mathtt' in version `bold'
(Font)                  OT1/cmtt/m/n --> OT1/lmtt/m/n on input line 38.
) (c:/Users/Cleuler/AppData/Roaming/TinyTeX/texmf-dist/tex/latex/upquote/upquote.sty
Package: upquote 2012/04/19 v1.3 upright-quote and grave-accent glyphs in verbatim
(c:/Users/Cleuler/AppData/Roaming/TinyTeX/texmf-dist/tex/latex/base/textcomp.sty
Package: textcomp 2024/04/24 v2.1b Standard LaTeX package
)) (c:/Users/Cleuler/AppData/Roaming/TinyTeX/texmf-dist/tex/latex/microtype/microtype.sty
Package: microtype 2025/07/09 v3.2b Micro-typographical refinements (RS)
(c:/Users/Cleuler/AppData/Roaming/TinyTeX/texmf-dist/tex/latex/etoolbox/etoolbox.sty
Package: etoolbox 2025/10/02 v2.5m e-TeX tools for LaTeX (JAW)
\etb@tempcnta=\count313
)
\MT@toks=\toks24
\MT@tempbox=\box57
\MT@count=\count314
LaTeX Info: Redefining \noprotrusionifhmode on input line 1087.
LaTeX Info: Redefining \leftprotrusion on input line 1088.
\MT@prot@toks=\toks25
LaTeX Info: Redefining \rightprotrusion on input line 1107.
LaTeX Info: Redefining \textls on input line 1449.
\MT@outer@kern=\dimen169
LaTeX Info: Redefining \microtypecontext on input line 2053.
LaTeX Info: Redefining \textmicrotypecontext on input line 2070.
\MT@listname@count=\count315
(c:/Users/Cleuler/AppData/Roaming/TinyTeX/texmf-dist/tex/latex/microtype/microtype-xetex.def
File: microtype-xetex.def 2025/07/09 v3.2b Definitions specific to xetex (RS)
LaTeX Info: Redefining \lsstyle on input line 443.
LaTeX Info: Redefining \lslig on input line 451.
\MT@outer@space=\skip69
)
Package microtype Info: Loading configuration file microtype.cfg.
(c:/Users/Cleuler/AppData/Roaming/TinyTeX/texmf-dist/tex/latex/microtype/microtype.cfg
File: microtype.cfg 2025/07/09 v3.2b microtype main configuration file (RS)
)
LaTeX Info: Redefining \microtypesetup on input line 3065.
) (c:/Users/Cleuler/AppData/Roaming/TinyTeX/texmf-dist/tex/latex/fancyvrb/fancyvrb.sty
Package: fancyvrb 2025/07/28 4.6 verbatim text (tvz,hv)
\FV@CodeLineNo=\count316
\FV@InFile=\read2
\FV@TabBox=\box58
\c@FancyVerbLine=\count317
\FV@StepNumber=\count318
\FV@OutFile=\write3
) (c:/Users/Cleuler/AppData/Roaming/TinyTeX/texmf-dist/tex/latex/framed/framed.sty
Package: framed 2011/10/22 v 0.96: framed or shaded text with page breaks
\OuterFrameSep=\skip70
\fb@frw=\dimen170
\fb@frh=\dimen171
\FrameRule=\dimen172
\FrameSep=\dimen173
) (c:/Users/Cleuler/AppData/Roaming/TinyTeX/texmf-dist/tex/latex/tools/longtable.sty
Package: longtable 2025-10-13 v4.24 Multi-page Table package (DPC)
\LTleft=\skip71
\LTright=\skip72
\LTpre=\skip73
\LTpost=\skip74
\LTchunksize=\count319
\LTcapwidth=\dimen174
\LT@head=\box59
\LT@firsthead=\box60
\LT@foot=\box61
\LT@lastfoot=\box62
\LT@gbox=\box63
\LT@cols=\count320
\LT@rows=\count321
\c@LT@tables=\count322
\c@LT@chunks=\count323
\LT@p@ftn=\toks26
)
Class scrreprt Info: longtable captions redefined on input line 112.
(c:/Users/Cleuler/AppData/Roaming/TinyTeX/texmf-dist/tex/latex/booktabs/booktabs.sty
Package: booktabs 2020/01/12 v1.61803398 Publication quality tables
\heavyrulewidth=\dimen175
\lightrulewidth=\dimen176
\cmidrulewidth=\dimen177
\belowrulesep=\dimen178
\belowbottomsep=\dimen179
\aboverulesep=\dimen180
\abovetopsep=\dimen181
\cmidrulesep=\dimen182
\cmidrulekern=\dimen183
\defaultaddspace=\dimen184
\@cmidla=\count324
\@cmidlb=\count325
\@aboverulesep=\dimen185
\@belowrulesep=\dimen186
\@thisruleclass=\count326
\@lastruleclass=\count327
\@thisrulewidth=\dimen187
) (c:/Users/Cleuler/AppData/Roaming/TinyTeX/texmf-dist/tex/latex/tools/array.sty
Package: array 2025/09/25 v2.6n Tabular extension package (FMi)
\col@sep=\dimen188
\ar@mcellbox=\box64
\extrarowheight=\dimen189
\NC@list=\toks27
\extratabsurround=\skip75
\backup@length=\skip76
\ar@cellbox=\box65
) (c:/Users/Cleuler/AppData/Roaming/TinyTeX/texmf-dist/tex/latex/tools/calc.sty
Package: calc 2025/03/01 v4.3b Infix arithmetic (KKT,FJ)
\calc@Acount=\count328
\calc@Bcount=\count329
\calc@Adimen=\dimen190
\calc@Bdimen=\dimen191
\calc@Askip=\skip77
\calc@Bskip=\skip78
LaTeX Info: Redefining \setlength on input line 86.
LaTeX Info: Redefining \addtolength on input line 87.
\calc@Ccount=\count330
\calc@Cskip=\skip79
) (c:/Users/Cleuler/AppData/Roaming/TinyTeX/texmf-dist/tex/latex/mdwtools/footnote.sty
Package: footnote 1997/01/28 1.13 Save footnotes around boxes
\fn@notes=\box66
\fn@width=\dimen192
) (c:/Users/Cleuler/AppData/Roaming/TinyTeX/texmf-dist/tex/latex/graphics/graphicx.sty
Package: graphicx 2024/12/31 v1.2e Enhanced LaTeX Graphics (DPC,SPQR)
(c:/Users/Cleuler/AppData/Roaming/TinyTeX/texmf-dist/tex/latex/graphics/graphics.sty
Package: graphics 2024/08/06 v1.4g Standard LaTeX Graphics (DPC,SPQR)
(c:/Users/Cleuler/AppData/Roaming/TinyTeX/texmf-dist/tex/latex/graphics/trig.sty
Package: trig 2023/12/02 v1.11 sin cos tan (DPC)
) (c:/Users/Cleuler/AppData/Roaming/TinyTeX/texmf-dist/tex/latex/graphics-cfg/graphics.cfg
File: graphics.cfg 2016/06/04 v1.11 sample graphics configuration
)
Package graphics Info: Driver file: xetex.def on input line 106.
)
\Gin@req@height=\dimen193
\Gin@req@width=\dimen194
)
\pandoc@box=\box67
(c:/Users/Cleuler/AppData/Roaming/TinyTeX/texmf-dist/tex/generic/soul/soul.sty
Package: soul 2023-06-14 v3.1 Permit use of UTF-8 characters in soul (HO)
(c:/Users/Cleuler/AppData/Roaming/TinyTeX/texmf-dist/tex/generic/soul/soul-ori.sty
Package: soul-ori 2023-06-14 v3.1 letterspacing/underlining (mf)
\SOUL@word=\toks28
\SOUL@lasttoken=\toks29
\SOUL@syllable=\toks30
\SOUL@cmds=\toks31
\SOUL@buffer=\toks32
\SOUL@token=\toks33
\SOUL@syllgoal=\dimen195
\SOUL@syllwidth=\dimen196
\SOUL@charkern=\dimen197
\SOUL@hyphkern=\dimen198
\SOUL@dimen=\dimen199
\SOUL@dimeni=\dimen256
\SOUL@minus=\count331
\SOUL@comma=\count332
\SOUL@apo=\count333
\SOUL@grave=\count334
\SOUL@spaceskip=\skip80
\SOUL@ttwidth=\dimen257
\SOUL@uldp=\dimen258
\SOUL@ulht=\dimen259
) (c:/Users/Cleuler/AppData/Roaming/TinyTeX/texmf-dist/tex/generic/infwarerr/infwarerr.sty
Package: infwarerr 2019/12/03 v1.5 Providing info/warning/error messages (HO)
) (c:/Users/Cleuler/AppData/Roaming/TinyTeX/texmf-dist/tex/generic/etexcmds/etexcmds.sty
Package: etexcmds 2019/12/15 v1.7 Avoid name clashes with e-TeX commands (HO)
))
\cslhangindent=\skip81
\csllabelwidth=\skip82
(c:/Users/Cleuler/AppData/Roaming/TinyTeX/texmf-dist/tex/latex/caption/caption.sty
Package: caption 2023/08/05 v3.6o Customizing captions (AR)
(c:/Users/Cleuler/AppData/Roaming/TinyTeX/texmf-dist/tex/latex/caption/caption3.sty
Package: caption3 2023/07/31 v2.4d caption3 kernel (AR)
\caption@tempdima=\dimen260
\captionmargin=\dimen261
\caption@leftmargin=\dimen262
\caption@rightmargin=\dimen263
\caption@width=\dimen264
\caption@indent=\dimen265
\caption@parindent=\dimen266
\caption@hangindent=\dimen267
Package caption Info: Unknown document class (or package),
(caption)             standard defaults will be used.
Package caption Info: \@makecaption = \long macro:#1#2->\@abovecaptionbreak \vskip \abovecaptionskip \@abovecaptionbreak \@@makecaption \@firstofone {#1}{#2}\@belowcaptionbreak \vskip \belowcaptionskip \@belowcaptionbreak  on input line 1175.
)

Package caption Warning: Unknown document class (or package),
(caption)                standard defaults will be used.
See the caption package documentation for explanation.

\c@caption@flags=\count335
\c@continuedfloat=\count336
Package caption Info: longtable package is loaded.
(c:/Users/Cleuler/AppData/Roaming/TinyTeX/texmf-dist/tex/latex/caption/ltcaption.sty
Package: ltcaption 2021/01/08 v1.4c longtable captions (AR)
)) (c:/Users/Cleuler/AppData/Roaming/TinyTeX/texmf-dist/tex/latex/colortbl/colortbl.sty
Package: colortbl 2024/10/29 v1.0k Color table columns (DPC)
\everycr=\toks34
\minrowclearance=\skip83
\rownum=\count337
) (c:/Users/Cleuler/AppData/Roaming/TinyTeX/texmf-dist/tex/latex/anyfontsize/anyfontsize.sty
Invalid UTF-8 byte or sequence at line 3 replaced by U+FFFD.
Invalid UTF-8 byte or sequence at line 3 replaced by U+FFFD.
Package: anyfontsize 2007/11/22 anyfontsize.sty by pts
) (c:/Users/Cleuler/AppData/Roaming/TinyTeX/texmf-dist/tex/latex/multirow/multirow.sty
Package: multirow 2024/11/12 v2.9 Span multiple rows of a table
\multirow@colwidth=\skip84
\multirow@cntb=\count338
\multirow@dima=\skip85
\bigstrutjot=\dimen268
) (c:/Users/Cleuler/AppData/Roaming/TinyTeX/texmf-dist/tex/latex/wrapfig/wrapfig.sty
\wrapoverhang=\dimen269
\WF@size=\dimen270
\c@WF@wrappedlines=\count339
\WF@box=\box68
\WF@everypar=\toks35
Package: wrapfig 2003/01/31  v 3.6
) (c:/Users/Cleuler/AppData/Roaming/TinyTeX/texmf-dist/tex/latex/float/float.sty
Package: float 2001/11/08 v1.3d Float enhancements (AL)
\c@float@type=\count340
\float@exts=\toks36
\float@box=\box69
\@float@everytoks=\toks37
\@floatcapt=\box70
) (c:/Users/Cleuler/AppData/Roaming/TinyTeX/texmf-dist/tex/latex/pdflscape/pdflscape.sty
Package: pdflscape 2025-06-23 v0.14 Display of landscape pages in PDF
(c:/Users/Cleuler/AppData/Roaming/TinyTeX/texmf-dist/tex/latex/pdflscape/pdflscape-nometadata.sty
Package: pdflscape-nometadata 2025-06-23 v0.14 Display of landscape pages in PDF (HO)
(c:/Users/Cleuler/AppData/Roaming/TinyTeX/texmf-dist/tex/latex/graphics/lscape.sty
Package: lscape 2020/05/28 v3.02 Landscape Pages (DPC)
)
Package pdflscape Info: Auto-detected driver: dvipdfm (xetex) on input line 98.
)) (c:/Users/Cleuler/AppData/Roaming/TinyTeX/texmf-dist/tex/latex/tabu/tabu.sty
Package: tabu 2019/01/11 v2.9 - flexible LaTeX tabulars (FC+tabu-fixed)
(c:/Users/Cleuler/AppData/Roaming/TinyTeX/texmf-dist/tex/latex/varwidth/varwidth.sty
Package: varwidth 2009/03/30 ver 0.92;  Variable-width minipages
\@vwid@box=\box71
\sift@deathcycles=\count341
\@vwid@loff=\dimen271
\@vwid@roff=\dimen272
)
==> First Aid for varwidth.sty applied!
\c@taburow=\count342
\tabu@nbcols=\count343
\tabu@cnt=\count344
\tabu@Xcol=\count345
\tabu@alloc=\count346
\tabu@nested=\count347
\tabu@target=\dimen273
\tabu@spreadtarget=\dimen274
\tabu@naturalX=\dimen275
\tabucolX=\dimen276
\tabu@Xsum=\dimen277
\extrarowdepth=\dimen278
\abovetabulinesep=\dimen279
\belowtabulinesep=\dimen280
\tabustrutrule=\dimen281
\tabu@thebody=\toks38
\tabu@footnotes=\toks39
\tabu@box=\box72
\tabu@arstrutbox=\box73
\tabu@hleads=\box74
\tabu@vleads=\box75
\tabu@cellskip=\skip86
) (c:/Users/Cleuler/AppData/Roaming/TinyTeX/texmf-dist/tex/latex/threeparttable/threeparttable.sty
Package: threeparttable 2003/06/13  v 3.0
\@tempboxb=\box76
) (c:/Users/Cleuler/AppData/Roaming/TinyTeX/texmf-dist/tex/latex/threeparttablex/threeparttablex.sty
Package: threeparttablex 2013/07/23 v0.3 by daleif
(c:/Users/Cleuler/AppData/Roaming/TinyTeX/texmf-dist/tex/latex/environ/environ.sty
Package: environ 2014/05/04 v0.3 A new way to define environments
(c:/Users/Cleuler/AppData/Roaming/TinyTeX/texmf-dist/tex/latex/trimspaces/trimspaces.sty
Package: trimspaces 2009/09/17 v1.1 Trim spaces around a token list
))
\TPTL@width=\skip87
) (c:/Users/Cleuler/AppData/Roaming/TinyTeX/texmf-dist/tex/generic/ulem/ulem.sty
\UL@box=\box77
\UL@hyphenbox=\box78
\UL@skip=\skip88
\UL@hook=\toks40
\UL@height=\dimen282
\UL@pe=\count348
\UL@pixel=\dimen283
\ULC@box=\box79
Package: ulem 2019/11/18
\ULdepth=\dimen284
) (c:/Users/Cleuler/AppData/Roaming/TinyTeX/texmf-dist/tex/latex/makecell/makecell.sty
Package: makecell 2009/08/03 V0.1e Managing of Tab Column Heads and Cells
\rotheadsize=\dimen285
\c@nlinenum=\count349
\TeXr@lab=\toks41
) (c:/Users/Cleuler/AppData/Roaming/TinyTeX/texmf-dist/tex/latex/polyglossia/polyglossia.sty
Package: polyglossia 2025/09/22 v2.8 Modern multilingual typesetting with XeLaTeX and LuaLaTeX
\l_xpg_alias_keyvals_int=\count350
(c:/Users/Cleuler/AppData/Roaming/TinyTeX/texmf-dist/tex/latex/polyglossia/gloss-latex.ldf
File: gloss-latex.ldf polyglossia: module for default language
)) (c:/Users/Cleuler/AppData/Roaming/TinyTeX/texmf-dist/tex/latex/polyglossia/gloss-portuguese.ldf
File: gloss-portuguese.ldf polyglossia: module for Portuguese

Package polyglossia Warning: No hyphenation patterns were loaded for
(polyglossia)                `portuguese'
(polyglossia)                I will use \language=\l@nohyphenation instead.

\l@portuguese = a dialect from \language\l@nohyphenation 
(c:/Users/Cleuler/AppData/Roaming/TinyTeX/texmf-dist/tex/latex/polyglossia/babelsh.def
File: babelsh.def 2022/06/21 Babel common definitions for shorthands
 Taken verbatim from babel files (2022/06/06 v3.76)
)
Package babel Info: Making " an active character on input line 68.
\portuguese@hyphen=\XeTeXcharclass1
)

Package polyglossia Info: Default language is portuguese


Package fontspec Info: 
(fontspec)             Liberation Serif scale = 0.9390266538490309.


Package fontspec Info: 
(fontspec)             Liberation Serif scale = 1.


Package fontspec Info: 
(fontspec)             Liberation Serif scale = 0.9390266538490309.


Package fontspec Info: 
(fontspec)             Liberation Serif scale = 1.


Package fontspec Info: 
(fontspec)             Liberation Serif/B scale = 0.9390266538490309.


Package fontspec Info: 
(fontspec)             Liberation Serif/B scale = 1.


Package fontspec Info: 
(fontspec)             Liberation Serif/I scale = 0.9390266538490309.


Package fontspec Info: 
(fontspec)             Liberation Serif/I scale = 1.


Package fontspec Info: 
(fontspec)             Liberation Serif/BI scale = 0.9390266538490309.


Package fontspec Info: 
(fontspec)             Liberation Serif/BI scale = 1.


Package fontspec Info: 
(fontspec)             Font family 'LiberationSerif(0)' created for font
(fontspec)             'Liberation Serif' with options
(fontspec)             [Scale=MatchLowercase,Ligatures=TeX,Scale=1].
(fontspec)              
(fontspec)              This font family consists of the following NFSS
(fontspec)             series/shapes:
(fontspec)              
(fontspec)             - 'normal' (m/n) with NFSS spec.: <->s*[1]"Liberation
(fontspec)             Serif/OT:script=latn;language=dflt;mapping=tex-text;"
(fontspec)             - 'bold' (b/n) with NFSS spec.: <->s*[1]"Liberation
(fontspec)             Serif/B/OT:script=latn;language=dflt;mapping=tex-text;"
(fontspec)             - 'italic' (m/it) with NFSS spec.: <->s*[1]"Liberation
(fontspec)             Serif/I/OT:script=latn;language=dflt;mapping=tex-text;"
(fontspec)             - 'bold italic' (b/it) with NFSS spec.:
(fontspec)             <->s*[1]"Liberation
(fontspec)             Serif/BI/OT:script=latn;language=dflt;mapping=tex-text;"

LaTeX Font Info:    Font shape `TU/LiberationSerif(0)/m/n' will be
(Font)              scaled to size 12.0pt on input line 210.

Package fontspec Info: 
(fontspec)             Liberation Serif scale = 0.9999972296176042.


Package fontspec Info: 
(fontspec)             Liberation Serif scale = 0.9999972296176042.


Package fontspec Info: 
(fontspec)             Liberation Serif/B scale = 0.9999972296176042.


Package fontspec Info: 
(fontspec)             Liberation Serif/I scale = 0.9999972296176042.


Package fontspec Info: 
(fontspec)             Liberation Serif/BI scale = 0.9999972296176042.


Package fontspec Info: 
(fontspec)             Font family 'LiberationSerif(1)' created for font
(fontspec)             'Liberation Serif' with options [Scale=MatchLowercase].
(fontspec)              
(fontspec)              This font family consists of the following NFSS
(fontspec)             series/shapes:
(fontspec)              
(fontspec)             - 'normal' (m/n) with NFSS spec.:
(fontspec)             <->s*[0.9999972296176042]"Liberation
(fontspec)             Serif/OT:script=latn;language=dflt;"
(fontspec)             - 'bold' (b/n) with NFSS spec.:
(fontspec)             <->s*[0.9999972296176042]"Liberation
(fontspec)             Serif/B/OT:script=latn;language=dflt;"
(fontspec)             - 'italic' (m/it) with NFSS spec.:
(fontspec)             <->s*[0.9999972296176042]"Liberation
(fontspec)             Serif/I/OT:script=latn;language=dflt;"
(fontspec)             - 'bold italic' (b/it) with NFSS spec.:
(fontspec)             <->s*[0.9999972296176042]"Liberation
(fontspec)             Serif/BI/OT:script=latn;language=dflt;"

LaTeX Font Info:    Overwriting math alphabet `\mathrm' in version `normal'
(Font)                  OT1/lmr/m/n --> TU/LiberationSerif(1)/m/n on input line 210.
LaTeX Font Info:    Overwriting math alphabet `\mathit' in version `normal'
(Font)                  OT1/lmr/m/it --> TU/LiberationSerif(1)/m/it on input line 210.
LaTeX Font Info:    Overwriting math alphabet `\mathbf' in version `normal'
(Font)                  OT1/lmr/bx/n --> TU/LiberationSerif(1)/b/n on input line 210.
(c:/Users/Cleuler/AppData/Roaming/TinyTeX/texmf-dist/tex/latex/grffile/grffile.sty
Package: grffile 2019/11/11 v2.1 Extended file name support for graphics (legacy)
Package grffile Info: This package is an empty stub for compatibility on input line 40.
) (c:/Users/Cleuler/AppData/Roaming/TinyTeX/texmf-dist/tex/latex/fvextra/fvextra.sty
Package: fvextra 2025/05/29 v1.13.2 fvextra - extensions and patches for fancyvrb
(c:/Users/Cleuler/AppData/Roaming/TinyTeX/texmf-dist/tex/generic/pdftexcmds/pdftexcmds.sty
Package: pdftexcmds 2020-06-27 v0.33 Utility functions of pdfTeX for LuaTeX (HO)
(c:/Users/Cleuler/AppData/Roaming/TinyTeX/texmf-dist/tex/generic/ltxcmds/ltxcmds.sty
Package: ltxcmds 2023-12-04 v1.26 LaTeX kernel commands for general use (HO)
)
Package pdftexcmds Info: \pdf@primitive is available.
Package pdftexcmds Info: \pdf@ifprimitive is available.
Package pdftexcmds Info: \pdfdraftmode not found.
) (c:/Users/Cleuler/AppData/Roaming/TinyTeX/texmf-dist/tex/latex/lineno/lineno.sty
Package: lineno 2025/05/13 line numbers on paragraphs v5.5
(c:/Users/Cleuler/AppData/Roaming/TinyTeX/texmf-dist/tex/latex/kvoptions/kvoptions.sty
Package: kvoptions 2022-06-15 v3.15 Key value format for package options (HO)
(c:/Users/Cleuler/AppData/Roaming/TinyTeX/texmf-dist/tex/latex/kvsetkeys/kvsetkeys.sty
Package: kvsetkeys 2022-10-05 v1.19 Key value parser (HO)
))
\linenopenalty=\count351
\output=\toks42
\linenoprevgraf=\count352
\linenumbersep=\dimen286
\linenumberwidth=\dimen287
\c@linenumber=\count353
\c@pagewiselinenumber=\count354
\c@LN@truepage=\count355
\c@internallinenumber=\count356
\c@internallinenumbers=\count357
\quotelinenumbersep=\dimen288
\bframerule=\dimen289
\bframesep=\dimen290
\bframebox=\box80
\@LN@amsmath@ams@eqpen=\count358
)
\c@FancyVerbWriteLine=\count359
\c@FancyVerbBufferLine=\count360
\c@FV@TrueTabGroupLevel=\count361
\c@FV@TrueTabCounter=\count362
\FV@TabBox@Group=\box81
\FV@bgcolorstructbox=\box82
\FV@TmpLength=\skip89
\c@FV@HighlightLinesStart=\count363
\c@FV@HighlightLinesStop=\count364
\FV@LoopCount=\count365
\FV@NCharsBox=\box83
\FV@BreakIndent=\dimen291
\FV@BreakIndentNChars=\count366
\FV@BreakSymbolSepLeft=\dimen292
\FV@BreakSymbolSepLeftNChars=\count367
\FV@BreakSymbolSepRight=\dimen293
\FV@BreakSymbolSepRightNChars=\count368
\FV@BreakSymbolIndentLeft=\dimen294
\FV@BreakSymbolIndentLeftNChars=\count369
\FV@BreakSymbolIndentRight=\dimen295
\FV@BreakSymbolIndentRightNChars=\count370
\c@FancyVerbLineBreakLast=\count371
\FV@LineBox=\box84
\FV@LineIndentBox=\box85
\c@FV@BreakBufferDepth=\count372
\FV@LineWidth=\dimen296
)

Class scrreprt Warning: Usage of package `fancyhdr' together
(scrreprt)              with a KOMA-Script class is not recommended.
(scrreprt)              I'd suggest to use 
(scrreprt)              package `scrlayer' or `scrlayer-scrpage', because
(scrreprt)              they support KOMA-Script classes.
(scrreprt)              With `fancyhdr' several features of class `scrreprt'
(scrreprt)              like options `headsepline', `footsepline' or command
(scrreprt)              `\MakeMarkcase' and the commands `\setkomafont' and
(scrreprt)              `\addtokomafont' for the page style elements need
(scrreprt)              explicite user intervention to work.
(scrreprt)              Nevertheless, using requested
(scrreprt)              package `fancyhdr' on input line 215.

(c:/Users/Cleuler/AppData/Roaming/TinyTeX/texmf-dist/tex/latex/fancyhdr/fancyhdr.sty
Package: fancyhdr 2025/02/07 v5.2 Extensive control of page headers and footers
\f@nch@headwidth=\skip90
\f@nch@offset@elh=\skip91
\f@nch@offset@erh=\skip92
\f@nch@offset@olh=\skip93
\f@nch@offset@orh=\skip94
\f@nch@offset@elf=\skip95
\f@nch@offset@erf=\skip96
\f@nch@offset@olf=\skip97
\f@nch@offset@orf=\skip98
\f@nch@height=\skip99
\f@nch@footalignment=\skip100
\f@nch@widthL=\skip101
\f@nch@widthC=\skip102
\f@nch@widthR=\skip103
\@temptokenb=\toks43
)

Package fancyhdr Warning: \fancyhead's `E' option without twoside option is useless.
(fancyhdr)                Please consider using the `twoside' option on input line 217.


Package fancyhdr Warning: \fancyfoot's `E' option without twoside option is useless.
(fancyhdr)                Please consider using the `twoside' option on input line 219.

(c:/Users/Cleuler/AppData/Roaming/TinyTeX/texmf-dist/tex/latex/tcolorbox/tcolorbox.sty
Package: tcolorbox 2025/09/09 version 6.8.0 text color boxes
(c:/Users/Cleuler/AppData/Roaming/TinyTeX/texmf-dist/tex/latex/pgf/frontendlayer/tikz.sty (c:/Users/Cleuler/AppData/Roaming/TinyTeX/texmf-dist/tex/latex/pgf/basiclayer/pgf.sty (c:/Users/Cleuler/AppData/Roaming/TinyTeX/texmf-dist/tex/latex/pgf/utilities/pgfrcs.sty (c:/Users/Cleuler/AppData/Roaming/TinyTeX/texmf-dist/tex/generic/pgf/utilities/pgfutil-common.tex
\pgfutil@everybye=\toks44
\pgfutil@tempdima=\dimen297
\pgfutil@tempdimb=\dimen298
) (c:/Users/Cleuler/AppData/Roaming/TinyTeX/texmf-dist/tex/generic/pgf/utilities/pgfutil-latex.def
\pgfutil@abb=\box86
) (c:/Users/Cleuler/AppData/Roaming/TinyTeX/texmf-dist/tex/generic/pgf/utilities/pgfrcs.code.tex (c:/Users/Cleuler/AppData/Roaming/TinyTeX/texmf-dist/tex/generic/pgf/pgf.revision.tex)
Package: pgfrcs 2025-08-29 v3.1.11a (3.1.11a)
))
Package: pgf 2025-08-29 v3.1.11a (3.1.11a)
(c:/Users/Cleuler/AppData/Roaming/TinyTeX/texmf-dist/tex/latex/pgf/basiclayer/pgfcore.sty (c:/Users/Cleuler/AppData/Roaming/TinyTeX/texmf-dist/tex/latex/pgf/systemlayer/pgfsys.sty (c:/Users/Cleuler/AppData/Roaming/TinyTeX/texmf-dist/tex/generic/pgf/systemlayer/pgfsys.code.tex
Package: pgfsys 2025-08-29 v3.1.11a (3.1.11a)
(c:/Users/Cleuler/AppData/Roaming/TinyTeX/texmf-dist/tex/generic/pgf/utilities/pgfkeys.code.tex
\pgfkeys@pathtoks=\toks45
\pgfkeys@temptoks=\toks46
(c:/Users/Cleuler/AppData/Roaming/TinyTeX/texmf-dist/tex/generic/pgf/utilities/pgfkeyslibraryfiltered.code.tex
\pgfkeys@tmptoks=\toks47
))
\pgf@x=\dimen299
\pgf@y=\dimen300
\pgf@xa=\dimen301
\pgf@ya=\dimen302
\pgf@xb=\dimen303
\pgf@yb=\dimen304
\pgf@xc=\dimen305
\pgf@yc=\dimen306
\pgf@xd=\dimen307
\pgf@yd=\dimen308
\w@pgf@writea=\write4
\r@pgf@reada=\read3
\c@pgf@counta=\count373
\c@pgf@countb=\count374
\c@pgf@countc=\count375
\c@pgf@countd=\count376
\t@pgf@toka=\toks48
\t@pgf@tokb=\toks49
\t@pgf@tokc=\toks50
\pgf@sys@id@count=\count377
(c:/Users/Cleuler/AppData/Roaming/TinyTeX/texmf-dist/tex/generic/pgf/systemlayer/pgf.cfg
File: pgf.cfg 2025-08-29 v3.1.11a (3.1.11a)
)
Driver file for pgf: pgfsys-xetex.def
(c:/Users/Cleuler/AppData/Roaming/TinyTeX/texmf-dist/tex/generic/pgf/systemlayer/pgfsys-xetex.def
File: pgfsys-xetex.def 2025-08-29 v3.1.11a (3.1.11a)
(c:/Users/Cleuler/AppData/Roaming/TinyTeX/texmf-dist/tex/generic/pgf/systemlayer/pgfsys-dvipdfmx.def
File: pgfsys-dvipdfmx.def 2025-08-29 v3.1.11a (3.1.11a)
(c:/Users/Cleuler/AppData/Roaming/TinyTeX/texmf-dist/tex/generic/pgf/systemlayer/pgfsys-common-pdf.def
File: pgfsys-common-pdf.def 2025-08-29 v3.1.11a (3.1.11a)
)
\pgfsys@objnum=\count378
))) (c:/Users/Cleuler/AppData/Roaming/TinyTeX/texmf-dist/tex/generic/pgf/systemlayer/pgfsyssoftpath.code.tex
File: pgfsyssoftpath.code.tex 2025-08-29 v3.1.11a (3.1.11a)
\pgfsyssoftpath@smallbuffer@items=\count379
\pgfsyssoftpath@bigbuffer@items=\count380
) (c:/Users/Cleuler/AppData/Roaming/TinyTeX/texmf-dist/tex/generic/pgf/systemlayer/pgfsysprotocol.code.tex
File: pgfsysprotocol.code.tex 2025-08-29 v3.1.11a (3.1.11a)
)) (c:/Users/Cleuler/AppData/Roaming/TinyTeX/texmf-dist/tex/generic/pgf/basiclayer/pgfcore.code.tex
Package: pgfcore 2025-08-29 v3.1.11a (3.1.11a)
(c:/Users/Cleuler/AppData/Roaming/TinyTeX/texmf-dist/tex/generic/pgf/math/pgfmath.code.tex (c:/Users/Cleuler/AppData/Roaming/TinyTeX/texmf-dist/tex/generic/pgf/math/pgfmathutil.code.tex) (c:/Users/Cleuler/AppData/Roaming/TinyTeX/texmf-dist/tex/generic/pgf/math/pgfmathparser.code.tex
\pgfmath@dimen=\dimen309
\pgfmath@count=\count381
\pgfmath@box=\box87
\pgfmath@toks=\toks51
\pgfmath@stack@operand=\toks52
\pgfmath@stack@operation=\toks53
) (c:/Users/Cleuler/AppData/Roaming/TinyTeX/texmf-dist/tex/generic/pgf/math/pgfmathfunctions.code.tex) (c:/Users/Cleuler/AppData/Roaming/TinyTeX/texmf-dist/tex/generic/pgf/math/pgfmathfunctions.basic.code.tex) (c:/Users/Cleuler/AppData/Roaming/TinyTeX/texmf-dist/tex/generic/pgf/math/pgfmathfunctions.trigonometric.code.tex) (c:/Users/Cleuler/AppData/Roaming/TinyTeX/texmf-dist/tex/generic/pgf/math/pgfmathfunctions.random.code.tex) (c:/Users/Cleuler/AppData/Roaming/TinyTeX/texmf-dist/tex/generic/pgf/math/pgfmathfunctions.comparison.code.tex) (c:/Users/Cleuler/AppData/Roaming/TinyTeX/texmf-dist/tex/generic/pgf/math/pgfmathfunctions.base.code.tex) (c:/Users/Cleuler/AppData/Roaming/TinyTeX/texmf-dist/tex/generic/pgf/math/pgfmathfunctions.round.code.tex) (c:/Users/Cleuler/AppData/Roaming/TinyTeX/texmf-dist/tex/generic/pgf/math/pgfmathfunctions.misc.code.tex) (c:/Users/Cleuler/AppData/Roaming/TinyTeX/texmf-dist/tex/generic/pgf/math/pgfmathfunctions.integerarithmetics.code.tex) (c:/Users/Cleuler/AppData/Roaming/TinyTeX/texmf-dist/tex/generic/pgf/math/pgfmathcalc.code.tex) (c:/Users/Cleuler/AppData/Roaming/TinyTeX/texmf-dist/tex/generic/pgf/math/pgfmathfloat.code.tex
\c@pgfmathroundto@lastzeros=\count382
)) (c:/Users/Cleuler/AppData/Roaming/TinyTeX/texmf-dist/tex/generic/pgf/math/pgfint.code.tex) (c:/Users/Cleuler/AppData/Roaming/TinyTeX/texmf-dist/tex/generic/pgf/basiclayer/pgfcorepoints.code.tex
File: pgfcorepoints.code.tex 2025-08-29 v3.1.11a (3.1.11a)
\pgf@picminx=\dimen310
\pgf@picmaxx=\dimen311
\pgf@picminy=\dimen312
\pgf@picmaxy=\dimen313
\pgf@pathminx=\dimen314
\pgf@pathmaxx=\dimen315
\pgf@pathminy=\dimen316
\pgf@pathmaxy=\dimen317
\pgf@xx=\dimen318
\pgf@xy=\dimen319
\pgf@yx=\dimen320
\pgf@yy=\dimen321
\pgf@zx=\dimen322
\pgf@zy=\dimen323
) (c:/Users/Cleuler/AppData/Roaming/TinyTeX/texmf-dist/tex/generic/pgf/basiclayer/pgfcorepathconstruct.code.tex
File: pgfcorepathconstruct.code.tex 2025-08-29 v3.1.11a (3.1.11a)
\pgf@path@lastx=\dimen324
\pgf@path@lasty=\dimen325
) (c:/Users/Cleuler/AppData/Roaming/TinyTeX/texmf-dist/tex/generic/pgf/basiclayer/pgfcorepathusage.code.tex
File: pgfcorepathusage.code.tex 2025-08-29 v3.1.11a (3.1.11a)
\pgf@shorten@end@additional=\dimen326
\pgf@shorten@start@additional=\dimen327
) (c:/Users/Cleuler/AppData/Roaming/TinyTeX/texmf-dist/tex/generic/pgf/basiclayer/pgfcorescopes.code.tex
File: pgfcorescopes.code.tex 2025-08-29 v3.1.11a (3.1.11a)
\pgfpic=\box88
\pgf@hbox=\box89
\pgf@layerbox@main=\box90
\pgf@picture@serial@count=\count383
) (c:/Users/Cleuler/AppData/Roaming/TinyTeX/texmf-dist/tex/generic/pgf/basiclayer/pgfcoregraphicstate.code.tex
File: pgfcoregraphicstate.code.tex 2025-08-29 v3.1.11a (3.1.11a)
\pgflinewidth=\dimen328
) (c:/Users/Cleuler/AppData/Roaming/TinyTeX/texmf-dist/tex/generic/pgf/basiclayer/pgfcoretransformations.code.tex
File: pgfcoretransformations.code.tex 2025-08-29 v3.1.11a (3.1.11a)
\pgf@pt@x=\dimen329
\pgf@pt@y=\dimen330
\pgf@pt@temp=\dimen331
) (c:/Users/Cleuler/AppData/Roaming/TinyTeX/texmf-dist/tex/generic/pgf/basiclayer/pgfcorequick.code.tex
File: pgfcorequick.code.tex 2025-08-29 v3.1.11a (3.1.11a)
) (c:/Users/Cleuler/AppData/Roaming/TinyTeX/texmf-dist/tex/generic/pgf/basiclayer/pgfcoreobjects.code.tex
File: pgfcoreobjects.code.tex 2025-08-29 v3.1.11a (3.1.11a)
) (c:/Users/Cleuler/AppData/Roaming/TinyTeX/texmf-dist/tex/generic/pgf/basiclayer/pgfcorepathprocessing.code.tex
File: pgfcorepathprocessing.code.tex 2025-08-29 v3.1.11a (3.1.11a)
) (c:/Users/Cleuler/AppData/Roaming/TinyTeX/texmf-dist/tex/generic/pgf/basiclayer/pgfcorearrows.code.tex
File: pgfcorearrows.code.tex 2025-08-29 v3.1.11a (3.1.11a)
\pgfarrowsep=\dimen332
) (c:/Users/Cleuler/AppData/Roaming/TinyTeX/texmf-dist/tex/generic/pgf/basiclayer/pgfcoreshade.code.tex
File: pgfcoreshade.code.tex 2025-08-29 v3.1.11a (3.1.11a)
\pgf@max=\dimen333
\pgf@sys@shading@range@num=\count384
\pgf@shadingcount=\count385
) (c:/Users/Cleuler/AppData/Roaming/TinyTeX/texmf-dist/tex/generic/pgf/basiclayer/pgfcoreimage.code.tex
File: pgfcoreimage.code.tex 2025-08-29 v3.1.11a (3.1.11a)
) (c:/Users/Cleuler/AppData/Roaming/TinyTeX/texmf-dist/tex/generic/pgf/basiclayer/pgfcoreexternal.code.tex
File: pgfcoreexternal.code.tex 2025-08-29 v3.1.11a (3.1.11a)
\pgfexternal@startupbox=\box91
) (c:/Users/Cleuler/AppData/Roaming/TinyTeX/texmf-dist/tex/generic/pgf/basiclayer/pgfcorelayers.code.tex
File: pgfcorelayers.code.tex 2025-08-29 v3.1.11a (3.1.11a)
) (c:/Users/Cleuler/AppData/Roaming/TinyTeX/texmf-dist/tex/generic/pgf/basiclayer/pgfcoretransparency.code.tex
File: pgfcoretransparency.code.tex 2025-08-29 v3.1.11a (3.1.11a)
) (c:/Users/Cleuler/AppData/Roaming/TinyTeX/texmf-dist/tex/generic/pgf/basiclayer/pgfcorepatterns.code.tex
File: pgfcorepatterns.code.tex 2025-08-29 v3.1.11a (3.1.11a)
) (c:/Users/Cleuler/AppData/Roaming/TinyTeX/texmf-dist/tex/generic/pgf/basiclayer/pgfcorerdf.code.tex
File: pgfcorerdf.code.tex 2025-08-29 v3.1.11a (3.1.11a)
))) (c:/Users/Cleuler/AppData/Roaming/TinyTeX/texmf-dist/tex/generic/pgf/modules/pgfmoduleshapes.code.tex
File: pgfmoduleshapes.code.tex 2025-08-29 v3.1.11a (3.1.11a)
\pgfnodeparttextbox=\box92
) (c:/Users/Cleuler/AppData/Roaming/TinyTeX/texmf-dist/tex/generic/pgf/modules/pgfmoduleplot.code.tex
File: pgfmoduleplot.code.tex 2025-08-29 v3.1.11a (3.1.11a)
) (c:/Users/Cleuler/AppData/Roaming/TinyTeX/texmf-dist/tex/latex/pgf/compatibility/pgfcomp-version-0-65.sty
Package: pgfcomp-version-0-65 2025-08-29 v3.1.11a (3.1.11a)
\pgf@nodesepstart=\dimen334
\pgf@nodesepend=\dimen335
) (c:/Users/Cleuler/AppData/Roaming/TinyTeX/texmf-dist/tex/latex/pgf/compatibility/pgfcomp-version-1-18.sty
Package: pgfcomp-version-1-18 2025-08-29 v3.1.11a (3.1.11a)
)) (c:/Users/Cleuler/AppData/Roaming/TinyTeX/texmf-dist/tex/latex/pgf/utilities/pgffor.sty (c:/Users/Cleuler/AppData/Roaming/TinyTeX/texmf-dist/tex/latex/pgf/utilities/pgfkeys.sty (c:/Users/Cleuler/AppData/Roaming/TinyTeX/texmf-dist/tex/generic/pgf/utilities/pgfkeys.code.tex)) (c:/Users/Cleuler/AppData/Roaming/TinyTeX/texmf-dist/tex/latex/pgf/math/pgfmath.sty (c:/Users/Cleuler/AppData/Roaming/TinyTeX/texmf-dist/tex/generic/pgf/math/pgfmath.code.tex)) (c:/Users/Cleuler/AppData/Roaming/TinyTeX/texmf-dist/tex/generic/pgf/utilities/pgffor.code.tex
Package: pgffor 2025-08-29 v3.1.11a (3.1.11a)
\pgffor@iter=\dimen336
\pgffor@skip=\dimen337
\pgffor@stack=\toks54
\pgffor@toks=\toks55
)) (c:/Users/Cleuler/AppData/Roaming/TinyTeX/texmf-dist/tex/generic/pgf/frontendlayer/tikz/tikz.code.tex
Package: tikz 2025-08-29 v3.1.11a (3.1.11a)
(c:/Users/Cleuler/AppData/Roaming/TinyTeX/texmf-dist/tex/generic/pgf/libraries/pgflibraryplothandlers.code.tex
File: pgflibraryplothandlers.code.tex 2025-08-29 v3.1.11a (3.1.11a)
\pgf@plot@mark@count=\count386
\pgfplotmarksize=\dimen338
)
\tikz@lastx=\dimen339
\tikz@lasty=\dimen340
\tikz@lastxsaved=\dimen341
\tikz@lastysaved=\dimen342
\tikz@lastmovetox=\dimen343
\tikz@lastmovetoy=\dimen344
\tikzleveldistance=\dimen345
\tikzsiblingdistance=\dimen346
\tikz@figbox=\box93
\tikz@figbox@bg=\box94
\tikz@tempbox=\box95
\tikz@tempbox@bg=\box96
\tikztreelevel=\count387
\tikznumberofchildren=\count388
\tikznumberofcurrentchild=\count389
\tikz@fig@count=\count390
(c:/Users/Cleuler/AppData/Roaming/TinyTeX/texmf-dist/tex/generic/pgf/modules/pgfmodulematrix.code.tex
File: pgfmodulematrix.code.tex 2025-08-29 v3.1.11a (3.1.11a)
\pgfmatrixcurrentrow=\count391
\pgfmatrixcurrentcolumn=\count392
\pgf@matrix@numberofcolumns=\count393
)
\tikz@expandcount=\count394
(c:/Users/Cleuler/AppData/Roaming/TinyTeX/texmf-dist/tex/generic/pgf/frontendlayer/tikz/libraries/tikzlibrarytopaths.code.tex
File: tikzlibrarytopaths.code.tex 2025-08-29 v3.1.11a (3.1.11a)
))) (c:/Users/Cleuler/AppData/Roaming/TinyTeX/texmf-dist/tex/latex/tools/verbatim.sty
Package: verbatim 2024-01-22 v1.5x LaTeX2e package for verbatim enhancements
\every@verbatim=\toks56
\verbatim@line=\toks57
\verbatim@in@stream=\read4
)
\tcb@titlebox=\box97
\tcb@upperbox=\box98
\tcb@lowerbox=\box99
\tcb@phantombox=\box100
\c@tcbbreakpart=\count395
\c@tcblayer=\count396
\c@tcolorbox@number=\count397
\l__tcobox_tmpa_box=\box101
\l__tcobox_tmpa_dim=\dimen347
\tcb@temp=\box102
\tcb@temp=\box103
\tcb@temp=\box104
\tcb@temp=\box105
(c:/Users/Cleuler/AppData/Roaming/TinyTeX/texmf-dist/tex/latex/tcolorbox/tcbskins.code.tex
Library (tcolorbox): 'tcbskins.code.tex' version '6.8.0'
(c:/Users/Cleuler/AppData/Roaming/TinyTeX/texmf-dist/tex/latex/tikzfill/tikzfill.image.sty
Package: tikzfill.image 2023/08/08 v1.0.1 Image filling library for TikZ
(c:/Users/Cleuler/AppData/Roaming/TinyTeX/texmf-dist/tex/latex/tikzfill/tikzfill-common.sty
Package: tikzfill-common 2023/08/08 v1.0.1 Auxiliary code for tikzfill
) (c:/Users/Cleuler/AppData/Roaming/TinyTeX/texmf-dist/tex/latex/tikzfill/tikzlibraryfill.image.code.tex
File: tikzlibraryfill.image.code.tex 2023/08/08 v1.0.1 Image filling library
\l__tikzfill_img_box=\box106
)) (c:/Users/Cleuler/AppData/Roaming/TinyTeX/texmf-dist/tex/latex/tcolorbox/tcbskinsjigsaw.code.tex
Library (tcolorbox): 'tcbskinsjigsaw.code.tex' version '6.8.0'
)) (c:/Users/Cleuler/AppData/Roaming/TinyTeX/texmf-dist/tex/latex/tcolorbox/tcbbreakable.code.tex
Library (tcolorbox): 'tcbbreakable.code.tex' version '6.8.0'
(c:/Users/Cleuler/AppData/Roaming/TinyTeX/texmf-dist/tex/latex/pdfcol/pdfcol.sty
Package: pdfcol 2022-09-21 v1.7 Handle new color stacks for pdfTeX (HO)
Package pdfcol Info: Interface disabled because of missing PDF mode of pdfTeX.
)
Package pdfcol Info: pdfTeX's color stacks are not available.
\tcb@testbox=\box107
\tcb@totalupperbox=\box108
\tcb@totallowerbox=\box109
)) (c:/Users/Cleuler/AppData/Roaming/TinyTeX/texmf-dist/tex/latex/fontawesome5/fontawesome5.sty
Package: fontawesome5 2022/05/02 v5.15.4 Font Awesome 5
(c:/Users/Cleuler/AppData/Roaming/TinyTeX/texmf-dist/tex/latex/fontawesome5/fontawesome5-utex-helper.sty
Package: fontawesome5-utex-helper 2022/05/02 v5.15.4 uTeX helper for fontawesome5
LaTeX Font Info:    Trying to load font information for TU+fontawesomefree on input line 69.
(c:/Users/Cleuler/AppData/Roaming/TinyTeX/texmf-dist/tex/latex/fontawesome5/tufontawesomefree.fd)
LaTeX Font Info:    Trying to load font information for TU+fontawesomebrands on input line 70.
(c:/Users/Cleuler/AppData/Roaming/TinyTeX/texmf-dist/tex/latex/fontawesome5/tufontawesomebrands.fd))) (c:/Users/Cleuler/AppData/Roaming/TinyTeX/texmf-dist/tex/latex/bookmark/bookmark.sty
Package: bookmark 2023-12-10 v1.31 PDF bookmarks (HO)
(c:/Users/Cleuler/AppData/Roaming/TinyTeX/texmf-dist/tex/latex/hyperref/hyperref.sty
Package: hyperref 2025-07-12 v7.01o Hypertext links for LaTeX
(c:/Users/Cleuler/AppData/Roaming/TinyTeX/texmf-dist/tex/generic/kvdefinekeys/kvdefinekeys.sty
Package: kvdefinekeys 2019-12-19 v1.6 Define keys (HO)
) (c:/Users/Cleuler/AppData/Roaming/TinyTeX/texmf-dist/tex/generic/pdfescape/pdfescape.sty
Package: pdfescape 2019/12/09 v1.15 Implements pdfTeX's escape features (HO)
) (c:/Users/Cleuler/AppData/Roaming/TinyTeX/texmf-dist/tex/latex/hycolor/hycolor.sty
Package: hycolor 2020-01-27 v1.10 Color options for hyperref/bookmark (HO)
) (c:/Users/Cleuler/AppData/Roaming/TinyTeX/texmf-dist/tex/latex/hyperref/nameref.sty
Package: nameref 2025-06-21 v2.57 Cross-referencing by name of section
(c:/Users/Cleuler/AppData/Roaming/TinyTeX/texmf-dist/tex/latex/refcount/refcount.sty
Package: refcount 2019/12/15 v3.6 Data extraction from label references (HO)
) (c:/Users/Cleuler/AppData/Roaming/TinyTeX/texmf-dist/tex/generic/gettitlestring/gettitlestring.sty
Package: gettitlestring 2019/12/15 v1.6 Cleanup title references (HO)
)
\c@section@level=\count398
) (c:/Users/Cleuler/AppData/Roaming/TinyTeX/texmf-dist/tex/generic/stringenc/stringenc.sty
Package: stringenc 2019/11/29 v1.12 Convert strings between diff. encodings (HO)
)
\@linkdim=\dimen348
\Hy@linkcounter=\count399
\Hy@pagecounter=\count400
(c:/Users/Cleuler/AppData/Roaming/TinyTeX/texmf-dist/tex/latex/hyperref/pd1enc.def
File: pd1enc.def 2025-07-12 v7.01o Hyperref: PDFDocEncoding definition (HO)
) (c:/Users/Cleuler/AppData/Roaming/TinyTeX/texmf-dist/tex/generic/intcalc/intcalc.sty
Package: intcalc 2019/12/15 v1.3 Expandable calculations with integers (HO)
)
\Hy@SavedSpaceFactor=\count401
(c:/Users/Cleuler/AppData/Roaming/TinyTeX/texmf-dist/tex/latex/hyperref/puenc.def
File: puenc.def 2025-07-12 v7.01o Hyperref: PDF Unicode definition (HO)
)
Package hyperref Info: Option `unicode' set `true' on input line 4066.
Package hyperref Info: Hyper figures OFF on input line 4195.
Package hyperref Info: Link nesting OFF on input line 4200.
Package hyperref Info: Hyper index ON on input line 4203.
Package hyperref Info: Plain pages OFF on input line 4210.
Package hyperref Info: Backreferencing OFF on input line 4215.
Package hyperref Info: Implicit mode ON; LaTeX internals redefined.
Package hyperref Info: Bookmarks ON on input line 4462.
\c@Hy@tempcnt=\count402
(c:/Users/Cleuler/AppData/Roaming/TinyTeX/texmf-dist/tex/latex/url/url.sty
\Urlmuskip=\muskip19
Package: url 2013/09/16  ver 3.4  Verb mode for urls, etc.
)
LaTeX Info: Redefining \url on input line 4801.
\XeTeXLinkMargin=\dimen349
(c:/Users/Cleuler/AppData/Roaming/TinyTeX/texmf-dist/tex/generic/bitset/bitset.sty
Package: bitset 2019/12/09 v1.3 Handle bit-vector datatype (HO)
(c:/Users/Cleuler/AppData/Roaming/TinyTeX/texmf-dist/tex/generic/bigintcalc/bigintcalc.sty
Package: bigintcalc 2019/12/15 v1.5 Expandable calculations on big integers (HO)
))
\Fld@menulength=\count403
\Field@Width=\dimen350
\Fld@charsize=\dimen351
Package hyperref Info: Hyper figures OFF on input line 6078.
Package hyperref Info: Link nesting OFF on input line 6083.
Package hyperref Info: Hyper index ON on input line 6086.
Package hyperref Info: backreferencing OFF on input line 6093.
Package hyperref Info: Link coloring OFF on input line 6098.
Package hyperref Info: Link coloring with OCG OFF on input line 6103.
Package hyperref Info: PDF/A mode OFF on input line 6108.
\Hy@abspage=\count404
\c@Item=\count405
\c@Hfootnote=\count406
)
Package hyperref Info: Driver (autodetected): hxetex.
(c:/Users/Cleuler/AppData/Roaming/TinyTeX/texmf-dist/tex/latex/hyperref/hxetex.def
File: hxetex.def 2025-07-12 v7.01o Hyperref driver for XeTeX
\pdfm@box=\box110
\c@Hy@AnnotLevel=\count407
\HyField@AnnotCount=\count408
\Fld@listcount=\count409
\c@bookmark@seq@number=\count410
(c:/Users/Cleuler/AppData/Roaming/TinyTeX/texmf-dist/tex/latex/rerunfilecheck/rerunfilecheck.sty
Package: rerunfilecheck 2025-06-21 v1.11 Rerun checks for auxiliary files (HO)
(c:/Users/Cleuler/AppData/Roaming/TinyTeX/texmf-dist/tex/generic/uniquecounter/uniquecounter.sty
Package: uniquecounter 2019/12/15 v1.4 Provide unlimited unique counter (HO)
)
Package uniquecounter Info: New unique counter `rerunfilecheck' on input line 284.
)
\Hy@SectionHShift=\skip104
) (c:/Users/Cleuler/AppData/Roaming/TinyTeX/texmf-dist/tex/latex/bookmark/bkm-dvipdfm.def
File: bkm-dvipdfm.def 2023-12-10 v1.31 bookmark driver for dvipdfm (HO)
\BKM@id=\count411
))
\@float@every@codelisting=\toks58
\c@codelisting=\count412
(c:/Users/Cleuler/AppData/Roaming/TinyTeX/texmf-dist/tex/latex/caption/subcaption.sty
Package: subcaption 2023/07/28 v1.6b Sub-captions (AR)
Package caption Info: New subtype `subfigure' on input line 238.
\c@subfigure=\count413
Package caption Info: New subtype `subtable' on input line 238.
\c@subtable=\count414
)
Package hyperref Info: Option `colorlinks' set `true' on input line 305.
No file index.aux.
\openout1 = `index.aux'.

LaTeX Font Info:    Checking defaults for OML/cmm/m/it on input line 334.
LaTeX Font Info:    ... okay on input line 334.
LaTeX Font Info:    Checking defaults for OMS/cmsy/m/n on input line 334.
LaTeX Font Info:    ... okay on input line 334.
LaTeX Font Info:    Checking defaults for OT1/cmr/m/n on input line 334.
LaTeX Font Info:    ... okay on input line 334.
LaTeX Font Info:    Checking defaults for T1/cmr/m/n on input line 334.
LaTeX Font Info:    ... okay on input line 334.
LaTeX Font Info:    Checking defaults for TS1/cmr/m/n on input line 334.
LaTeX Font Info:    ... okay on input line 334.
LaTeX Font Info:    Checking defaults for TU/lmr/m/n on input line 334.
LaTeX Font Info:    ... okay on input line 334.
LaTeX Font Info:    Checking defaults for OMX/cmex/m/n on input line 334.
LaTeX Font Info:    ... okay on input line 334.
LaTeX Font Info:    Checking defaults for U/cmr/m/n on input line 334.
LaTeX Font Info:    ... okay on input line 334.
LaTeX Font Info:    Checking defaults for PD1/pdf/m/n on input line 334.
LaTeX Font Info:    ... okay on input line 334.
LaTeX Font Info:    Checking defaults for PU/pdf/m/n on input line 334.
LaTeX Font Info:    ... okay on input line 334.
Package scrbase Info: activating portuguese \abstractname on input line 334.
Package scrbase Info: activating portuguese \partname on input line 334.
Package scrbase Info: activating portuguese \chaptername on input line 334.
Package scrbase Info: activating portuguese \appendixname on input line 334.
Package scrbase Info: activating portuguese \figurename on input line 334.
Package scrbase Info: activating portuguese \tablename on input line 334.
Package scrbase Info: activating portuguese \contentsname on input line 334.
Package scrbase Info: activating portuguese \listfigurename on input line 334.
Package scrbase Info: activating portuguese \listtablename on input line 334.
Package scrbase Info: activating portuguese \bibname on input line 334.
Package scrbase Info: activating portuguese \indexname on input line 334.
*geometry* driver: auto-detecting
*geometry* detected driver: xetex
*geometry* verbose mode - [ preamble ] result:
* driver: xetex
* paper: a4paper
* layout: <same size as paper>
* layoutoffset:(h,v)=(0.0pt,0.0pt)
* modes: heightrounded 
* h-part:(L,W,R)=(85.35826pt, 455.24411pt, 56.9055pt)
* v-part:(T,H,B)=(85.35826pt, 702.78308pt, 56.9055pt)
* \paperwidth=597.50787pt
* \paperheight=845.04684pt
* \textwidth=455.24411pt
* \textheight=708.0pt
* \oddsidemargin=13.08827pt
* \evensidemargin=13.08827pt
* \topmargin=-26.78673pt
* \headheight=18.125pt
* \headsep=21.75pt
* \topskip=12.0pt
* \footskip=50.75pt
* \marginparwidth=54.3189pt
* \marginparsep=12.8401pt
* \columnsep=10.0pt
* \skip\footins=10.8pt plus 4.0pt minus 2.0pt
* \hoffset=0.0pt
* \voffset=0.0pt
* \mag=1000
* \@twocolumnfalse
* \@twosidefalse
* \@mparswitchfalse
* \@reversemarginfalse
* (1in=72.27pt=25.4mm, 1cm=28.453pt)

LaTeX Font Info:    Overwriting math alphabet `\mathsf' in version `normal'
(Font)                  OT1/lmss/m/n --> TU/lmss/m/n on input line 334.
LaTeX Font Info:    Overwriting math alphabet `\mathsf' in version `bold'
(Font)                  OT1/lmss/bx/n --> TU/lmss/b/n on input line 334.
LaTeX Font Info:    Overwriting math alphabet `\mathtt' in version `normal'
(Font)                  OT1/lmtt/m/n --> TU/lmtt/m/n on input line 334.
LaTeX Font Info:    Overwriting math alphabet `\mathtt' in version `bold'
(Font)                  OT1/lmtt/m/n --> TU/lmtt/b/n on input line 334.

Package fontspec Info: 
(fontspec)             latinmodern-math scale = 1.064926405725868.


Package fontspec Info: 
(fontspec)             latinmodern-math scale = 1.064926405725868.


Package fontspec Info: 
(fontspec)             latinmodern-math scale = 1.064926405725868.


Package fontspec Info: 
(fontspec)             Font family 'latinmodern-math.otf(0)' created for font
(fontspec)             'latinmodern-math.otf' with options
(fontspec)             [Scale=MatchLowercase,BoldItalicFont={},ItalicFont={},SmallCapsFont={},Script=Math,BoldFont={latinmodern-math.otf}].
(fontspec)              
(fontspec)              This font family consists of the following NFSS
(fontspec)             series/shapes:
(fontspec)              
(fontspec)             - 'normal' (m/n) with NFSS spec.:
(fontspec)             <->s*[1.064926405725868]"[latinmodern-math.otf]/OT:script=math;language=dflt;"
(fontspec)             - 'bold' (b/n) with NFSS spec.:
(fontspec)             <->s*[1.064926405725868]"[latinmodern-math.otf]/OT:script=math;language=dflt;"

LaTeX Font Info:    Font shape `TU/latinmodern-math.otf(0)/m/n' will be
(Font)              scaled to size 12.77911pt on input line 334.

Package fontspec Info: 
(fontspec)             latinmodern-math scale = 1.064926405725868.


Package fontspec Info: 
(fontspec)             latinmodern-math scale = 1.064926405725868.


Package fontspec Info: 
(fontspec)             latinmodern-math scale = 1.064926405725868.


Package fontspec Info: 
(fontspec)             latinmodern-math scale = 1.064926405725868.


Package fontspec Info: 
(fontspec)             latinmodern-math scale = 1.064926405725868.


Package fontspec Info: 
(fontspec)             Font family 'latinmodern-math.otf(1)' created for font
(fontspec)             'latinmodern-math.otf' with options
(fontspec)             [Scale=MatchLowercase,BoldItalicFont={},ItalicFont={},SmallCapsFont={},Script=Math,SizeFeatures={{Size=10.2-},{Size=7.2-10.2,Font=latinmodern-math.otf,Style=MathScript},{Size=-7.2,Font=latinmodern-math.otf,Style=MathScriptScript}},BoldFont={latinmodern-math.otf}].
(fontspec)              
(fontspec)              This font family consists of the following NFSS
(fontspec)             series/shapes:
(fontspec)              
(fontspec)             - 'normal' (m/n) with NFSS spec.:
(fontspec)             <10.2->s*[1.064926405725868]"[latinmodern-math.otf]/OT:script=math;language=dflt;"<7.2-10.2>s*[1.064926405725868]"[latinmodern-math.otf]/OT:script=math;language=dflt;+ssty=0;"<-7.2>s*[1.064926405725868]"[latinmodern-math.otf]/OT:script=math;language=dflt;+ssty=1;"
(fontspec)             - 'bold' (b/n) with NFSS spec.:
(fontspec)             <->s*[1.064926405725868]"[latinmodern-math.otf]/OT:script=math;language=dflt;"

LaTeX Font Info:    Font shape `TU/latinmodern-math.otf(1)/m/n' will be
(Font)              scaled to size 12.77911pt on input line 334.
LaTeX Font Info:    Encoding `OT1' has changed to `TU' for symbol font
(Font)              `operators' in the math version `normal' on input line 334.
LaTeX Font Info:    Overwriting symbol font `operators' in version `normal'
(Font)                  OT1/lmr/m/n --> TU/latinmodern-math.otf(1)/m/n on input line 334.
LaTeX Font Info:    Encoding `OT1' has changed to `TU' for symbol font
(Font)              `operators' in the math version `bold' on input line 334.
LaTeX Font Info:    Overwriting symbol font `operators' in version `bold'
(Font)                  OT1/lmr/bx/n --> TU/latinmodern-math.otf(1)/b/n on input line 334.

Package fontspec Info: 
(fontspec)             latinmodern-math scale = 1.064926405725868.


Package fontspec Info: 
(fontspec)             latinmodern-math scale = 1.065032898366441.


Package fontspec Info: 
(fontspec)             latinmodern-math scale = 1.064926405725868.


Package fontspec Info: 
(fontspec)             latinmodern-math scale = 1.065032898366441.


Package fontspec Info: 
(fontspec)             latinmodern-math scale = 1.064926405725868.


Package fontspec Info: 
(fontspec)             latinmodern-math scale = 1.065032898366441.


Package fontspec Info: 
(fontspec)             latinmodern-math scale = 1.064926405725868.


Package fontspec Info: 
(fontspec)             latinmodern-math scale = 1.065032898366441.


Package fontspec Info: 
(fontspec)             latinmodern-math scale = 1.064926405725868.


Package fontspec Info: 
(fontspec)             latinmodern-math scale = 1.065032898366441.


Package fontspec Info: 
(fontspec)             Font family 'latinmodern-math.otf(2)' created for font
(fontspec)             'latinmodern-math.otf' with options
(fontspec)             [Scale=MatchLowercase,BoldItalicFont={},ItalicFont={},SmallCapsFont={},Script=Math,SizeFeatures={{Size=10.2-},{Size=7.2-10.2,Font=latinmodern-math.otf,Style=MathScript},{Size=-7.2,Font=latinmodern-math.otf,Style=MathScriptScript}},BoldFont={latinmodern-math.otf},ScaleAgain=1.0001,FontAdjustment={\fontdimen
(fontspec)             8\font =8.65146pt\relax \fontdimen 9\font
(fontspec)             =5.03497pt\relax \fontdimen 10\font =5.67392pt\relax
(fontspec)             \fontdimen 11\font =8.76648pt\relax \fontdimen 12\font
(fontspec)             =4.4088pt\relax \fontdimen 13\font =4.63882pt\relax
(fontspec)             \fontdimen 14\font =4.63882pt\relax \fontdimen 15\font
(fontspec)             =3.69316pt\relax \fontdimen 16\font =3.15645pt\relax
(fontspec)             \fontdimen 17\font =3.15645pt\relax \fontdimen 18\font
(fontspec)             =3.19478pt\relax \fontdimen 19\font =2.55582pt\relax
(fontspec)             \fontdimen 22\font =3.19478pt\relax \fontdimen 20\font
(fontspec)             =0pt\relax \fontdimen 21\font =0pt\relax }].
(fontspec)              
(fontspec)              This font family consists of the following NFSS
(fontspec)             series/shapes:
(fontspec)              
(fontspec)             - 'normal' (m/n) with NFSS spec.:
(fontspec)             <10.2->s*[1.065032898366441]"[latinmodern-math.otf]/OT:script=math;language=dflt;"<7.2-10.2>s*[1.065032898366441]"[latinmodern-math.otf]/OT:script=math;language=dflt;+ssty=0;"<-7.2>s*[1.065032898366441]"[latinmodern-math.otf]/OT:script=math;language=dflt;+ssty=1;"
(fontspec)             - 'bold' (b/n) with NFSS spec.:
(fontspec)             <->s*[1.065032898366441]"[latinmodern-math.otf]/OT:script=math;language=dflt;"

LaTeX Font Info:    Encoding `OMS' has changed to `TU' for symbol font
(Font)              `symbols' in the math version `normal' on input line 334.
LaTeX Font Info:    Overwriting symbol font `symbols' in version `normal'
(Font)                  OMS/lmsy/m/n --> TU/latinmodern-math.otf(2)/m/n on input line 334.
LaTeX Font Info:    Encoding `OMS' has changed to `TU' for symbol font
(Font)              `symbols' in the math version `bold' on input line 334.
LaTeX Font Info:    Overwriting symbol font `symbols' in version `bold'
(Font)                  OMS/lmsy/b/n --> TU/latinmodern-math.otf(2)/b/n on input line 334.

Package fontspec Info: 
(fontspec)             latinmodern-math scale = 1.064926405725868.


Package fontspec Info: 
(fontspec)             latinmodern-math scale = 1.064819913085295.


Package fontspec Info: 
(fontspec)             latinmodern-math scale = 1.064926405725868.


Package fontspec Info: 
(fontspec)             latinmodern-math scale = 1.064819913085295.


Package fontspec Info: 
(fontspec)             latinmodern-math scale = 1.064926405725868.


Package fontspec Info: 
(fontspec)             latinmodern-math scale = 1.064819913085295.


Package fontspec Info: 
(fontspec)             latinmodern-math scale = 1.064926405725868.


Package fontspec Info: 
(fontspec)             latinmodern-math scale = 1.064819913085295.


Package fontspec Info: 
(fontspec)             latinmodern-math scale = 1.064926405725868.


Package fontspec Info: 
(fontspec)             latinmodern-math scale = 1.064819913085295.


Package fontspec Info: 
(fontspec)             Font family 'latinmodern-math.otf(3)' created for font
(fontspec)             'latinmodern-math.otf' with options
(fontspec)             [Scale=MatchLowercase,BoldItalicFont={},ItalicFont={},SmallCapsFont={},Script=Math,SizeFeatures={{Size=10.2-},{Size=7.2-10.2,Font=latinmodern-math.otf,Style=MathScript},{Size=-7.2,Font=latinmodern-math.otf,Style=MathScriptScript}},BoldFont={latinmodern-math.otf},ScaleAgain=0.9999,FontAdjustment={\fontdimen
(fontspec)             8\font =0.51117pt\relax \fontdimen 9\font
(fontspec)             =2.55582pt\relax \fontdimen 10\font =2.13411pt\relax
(fontspec)             \fontdimen 11\font =1.41849pt\relax \fontdimen 12\font
(fontspec)             =7.66747pt\relax \fontdimen 13\font =0pt\relax }].
(fontspec)              
(fontspec)              This font family consists of the following NFSS
(fontspec)             series/shapes:
(fontspec)              
(fontspec)             - 'normal' (m/n) with NFSS spec.:
(fontspec)             <10.2->s*[1.064819913085295]"[latinmodern-math.otf]/OT:script=math;language=dflt;"<7.2-10.2>s*[1.064819913085295]"[latinmodern-math.otf]/OT:script=math;language=dflt;+ssty=0;"<-7.2>s*[1.064819913085295]"[latinmodern-math.otf]/OT:script=math;language=dflt;+ssty=1;"
(fontspec)             - 'bold' (b/n) with NFSS spec.:
(fontspec)             <->s*[1.064819913085295]"[latinmodern-math.otf]/OT:script=math;language=dflt;"

LaTeX Font Info:    Encoding `OMX' has changed to `TU' for symbol font
(Font)              `largesymbols' in the math version `normal' on input line 334.
LaTeX Font Info:    Overwriting symbol font `largesymbols' in version `normal'
(Font)                  OMX/lmex/m/n --> TU/latinmodern-math.otf(3)/m/n on input line 334.
LaTeX Font Info:    Encoding `OMX' has changed to `TU' for symbol font
(Font)              `largesymbols' in the math version `bold' on input line 334.
LaTeX Font Info:    Overwriting symbol font `largesymbols' in version `bold'
(Font)                  OMX/lmex/m/n --> TU/latinmodern-math.otf(3)/b/n on input line 334.
Package microtype Info: Patching varwidth to enable character protrusion.
\MT@vwid@leftmargin=\dimen352
\MT@vwid@rightmargin=\dimen353
LaTeX Info: Redefining \microtypecontext on input line 334.
Package microtype Info: Applying patch `item' on input line 334.
Package microtype Info: Applying patch `toc' on input line 334.
Package microtype Info: Applying patch `eqnum' on input line 334.
Package microtype Info: Applying patch `footnote' on input line 334.
Package microtype Info: Applying patch `verbatim' on input line 334.
LaTeX Info: Redefining \microtypesetup on input line 334.
Package microtype Info: Character protrusion enabled (level 2).
Package microtype Info: Using protrusion set `basicmath'.
Package microtype Info: No adjustment of tracking.
Package microtype Info: No adjustment of spacing.
Package microtype Info: No adjustment of kerning.
Package microtype Info: Loading generic protrusion settings for font family
(microtype)             `LiberationSerif' (encoding: TU).
(microtype)             For optimal results, create family-specific settings.
(microtype)             See the microtype manual for details.
Package caption Info: Begin \AtBeginDocument code.
Package caption Info: float package is loaded.
Package caption Info: hyperref package is loaded.
Package caption Info: threeparttable package is loaded.
Package caption Info: wrapfig package is loaded.
Package caption Info: End \AtBeginDocument code.
Package hyperref Info: Link coloring ON on input line 334.

Package hyperref Warning: Rerun to get /PageLabels entry.


Package polyglossia Warning: No hyphenation patterns were loaded for
(polyglossia)                `\portuguese@variant '
(polyglossia)                I will use \language=\l@nohyphenation instead.

\l@portuges = a dialect from \language\l@nohyphenation 
File: cover.pdf Graphic file (type pdf)
<use cover.pdf>
Package microtype Info: Loading generic protrusion settings for font family
(microtype)             `lmss' (encoding: TU).
(microtype)             For optimal results, create family-specific settings.
(microtype)             See the microtype manual for details.
File: logoUfg.png Graphic file (type bmp)
<logoUfg.png>
LaTeX Font Info:    Font shape `TU/LiberationSerif(0)/b/n' will be
(Font)              scaled to size 14.4pt on input line 336.
LaTeX Font Info:    Font shape `TU/LiberationSerif(0)/m/n' will be
(Font)              scaled to size 14.4pt on input line 336.
[1



]
File: R-logo.png Graphic file (type bmp)
<R-logo.png>
File: Rstudio.jpg Graphic file (type bmp)
<Rstudio.jpg>
LaTeX Font Info:    Font shape `TU/LiberationSerif(0)/m/n' will be
(Font)              scaled to size 17.28pt on input line 336.
LaTeX Font Info:    Font shape `TU/latinmodern-math.otf(1)/m/n' will be
(Font)              scaled to size 18.40192pt on input line 336.
LaTeX Font Info:    Font shape `TU/latinmodern-math.otf(1)/m/n' will be
(Font)              scaled to size 10.64926pt on input line 336.
LaTeX Font Info:    Trying to load font information for OML+lmm on input line 336.
(c:/Users/Cleuler/AppData/Roaming/TinyTeX/texmf-dist/tex/latex/lm/omllmm.fd
File: omllmm.fd 2015/05/01 v1.6.1 Font defs for Latin Modern
)
LaTeX Font Info:    Font shape `TU/latinmodern-math.otf(2)/m/n' will be
(Font)              scaled to size 18.40376pt on input line 336.
LaTeX Font Info:    Font shape `TU/latinmodern-math.otf(2)/m/n' will be
(Font)              scaled to size 12.7804pt on input line 336.
LaTeX Font Info:    Font shape `TU/latinmodern-math.otf(2)/m/n' will be
(Font)              scaled to size 10.65033pt on input line 336.
LaTeX Font Info:    Font shape `TU/latinmodern-math.otf(3)/m/n' will be
(Font)              scaled to size 18.40007pt on input line 336.
LaTeX Font Info:    Font shape `TU/latinmodern-math.otf(3)/m/n' will be
(Font)              scaled to size 12.77783pt on input line 336.
LaTeX Font Info:    Font shape `TU/latinmodern-math.otf(3)/m/n' will be
(Font)              scaled to size 10.6482pt on input line 336.
LaTeX Font Info:    Trying to load font information for U+msa on input line 336.
(c:/Users/Cleuler/AppData/Roaming/TinyTeX/texmf-dist/tex/latex/amsfonts/umsa.fd
File: umsa.fd 2013/01/14 v3.01 AMS symbols A
) (c:/Users/Cleuler/AppData/Roaming/TinyTeX/texmf-dist/tex/latex/microtype/mt-msa.cfg
File: mt-msa.cfg 2006/02/04 v1.1 microtype config. file: AMS symbols (a) (RS)
)
LaTeX Font Info:    Trying to load font information for U+msb on input line 336.
(c:/Users/Cleuler/AppData/Roaming/TinyTeX/texmf-dist/tex/latex/amsfonts/umsb.fd
File: umsb.fd 2013/01/14 v3.01 AMS symbols B
) (c:/Users/Cleuler/AppData/Roaming/TinyTeX/texmf-dist/tex/latex/microtype/mt-msb.cfg
File: mt-msb.cfg 2005/06/01 v1.0 microtype config. file: AMS symbols (b) (RS)
) [2] [3


]
Package tocbasic Info: character protrusion at toc deactivated on input line 378.
No file index.toc.
\tf@toc=\write5
\openout5 = `index.toc'.

[4

]
Package tocbasic Info: character protrusion at lof deactivated on input line 380.
No file index.lof.
\tf@lof=\write6
\openout6 = `index.lof'.

[5

]
Package tocbasic Info: character protrusion at lot deactivated on input line 381.
No file index.lot.
\tf@lot=\write7
\openout7 = `index.lot'.

[6

]
LaTeX Font Info:    Font shape `TU/LiberationSerif(0)/b/n' will be
(Font)              scaled to size 12.0pt on input line 390.
LaTeX Font Info:    Font shape `TU/LiberationSerif(0)/b/it' will be
(Font)              scaled to size 12.0pt on input line 391.
LaTeX Font Info:    Font shape `TU/LiberationSerif(0)/m/it' will be
(Font)              scaled to size 12.0pt on input line 408.
LaTeX Font Info:    Font shape `TU/LiberationSerif(0)/m/n' will be
(Font)              scaled to size 6.0pt on input line 433.
[7

]
LaTeX Font Info:    Font shape `TU/latinmodern-math.otf(1)/m/n' will be
(Font)              scaled to size 8.94536pt on input line 486.
LaTeX Font Info:    Font shape `TU/latinmodern-math.otf(1)/m/n' will be
(Font)              scaled to size 6.38956pt on input line 486.
LaTeX Font Info:    Font shape `TU/latinmodern-math.otf(2)/m/n' will be
(Font)              scaled to size 8.94626pt on input line 486.
LaTeX Font Info:    Font shape `TU/latinmodern-math.otf(2)/m/n' will be
(Font)              scaled to size 6.3902pt on input line 486.
LaTeX Font Info:    Font shape `TU/latinmodern-math.otf(3)/m/n' will be
(Font)              scaled to size 8.94447pt on input line 486.
LaTeX Font Info:    Font shape `TU/latinmodern-math.otf(3)/m/n' will be
(Font)              scaled to size 6.38892pt on input line 486.
LaTeX Font Info:    Font shape `TU/LiberationSerif(0)/m/n' will be
(Font)              scaled to size 8.4pt on input line 486.
[8]

LaTeX Warning: Hyper reference `0' on page 9 undefined on input line 534.


LaTeX Font Warning: Font shape `TU/LiberationSerif(0)/m/sc' undefined
(Font)              using `TU/LiberationSerif(0)/m/n' instead on input line 579.

LaTeX Font Info:    Font shape `TU/LiberationSerif(0)/m/sc' will be
(Font)              scaled to size 12.0pt on input line 579.
[9]
Underfull \hbox (badness 5847) in paragraph at lines 615--624
[]\TU/LiberationSerif(0)/m/sc/12 Tese (2006) (DAS NEVES, 2006): trata dos \TU/LiberationSerif(0)/m/it/12 fenômenos \TU/LiberationSerif(0)/m/sc/12 da \TU/LiberationSerif(0)/m/it/12 nomogênese\TU/LiberationSerif(0)/m/sc/12 , da
 []


Underfull \hbox (badness 3612) in paragraph at lines 615--624
\TU/LiberationSerif(0)/m/it/12 nomoconcreção \TU/LiberationSerif(0)/m/sc/12 e da \TU/LiberationSerif(0)/m/it/12 nomointernalização\TU/LiberationSerif(0)/m/sc/12 /\TU/LiberationSerif(0)/m/it/12 nomosocialização \TU/LiberationSerif(0)/m/sc/12 (itens 1.3, 1.4 e 1.5,
 []


Underfull \hbox (badness 1571) in paragraph at lines 615--624
\TU/LiberationSerif(0)/m/sc/12 situando-- a \TU/LiberationSerif(0)/m/it/12 entre razões e sentimentos\TU/LiberationSerif(0)/m/sc/12 , conforme as \TU/LiberationSerif(0)/m/it/12 Lições sobre Ética\TU/LiberationSerif(0)/m/sc/12 , de Ernst
 []


Underfull \hbox (badness 5217) in paragraph at lines 636--642
[]\TU/LiberationSerif(0)/m/sc/12 artigo (2018): Dever de consensualidade na atuação administrativa. \TU/LiberationSerif(0)/m/it/12 Revista
 []


Underfull \hbox (badness 7047) in paragraph at lines 636--642
\TU/LiberationSerif(0)/m/it/12 de Informação Legislativa\TU/LiberationSerif(0)/m/sc/12 : RIL (DAS NEVES; FERREIRA FILHO, 2018a),
 []


Underfull \hbox (badness 1210) in paragraph at lines 636--642
\TU/LiberationSerif(0)/m/sc/12 v. 55, n. 218, p. 63-- 84, abr./jun. 2018. (qualis A2). Disponível em: [][]$[][][][][] []
 []


Underfull \hbox (badness 10000) in paragraph at lines 642--650
\TU/LiberationSerif(0)/m/it/12 Administrativo & Constitucional \TU/LiberationSerif(0)/m/sc/12 (DAS NEVES; FERREIRA FILHO, 2018b),
 []


Underfull \hbox (badness 1237) in paragraph at lines 642--650
\TU/LiberationSerif(0)/m/sc/12 Belo Horizonte, ano 18, n. 71, p. 167-- 195, jan./mar. 2018. qualis A2. DOI:
 []


Underfull \hbox (badness 6542) in paragraph at lines 642--650
\TU/LiberationSerif(0)/m/sc/12 10.21056/aec.v18i71.587. Disponível em: [][]$[][][][] [] [] [] [][][] [] [][][][][][][][][][] [] [][][] [] [][][][][] [] [][][] []
 []


Underfull \hbox (badness 1990) in paragraph at lines 671--677
[]\TU/LiberationSerif(0)/m/sc/12 artigo (2020): A Glicobiologia e a Psicologia Comportamental como Elementos
 []

[10]
Underfull \hbox (badness 1221) in paragraph at lines 677--685
\TU/LiberationSerif(0)/m/it/12 em Direito \TU/LiberationSerif(0)/m/sc/12 [\TU/LiberationSerif(0)/m/it/12 Brazilian Journal of Empirical Legal Studies\TU/LiberationSerif(0)/m/sc/12 ], v. 8, p. 1-- 51, 2021,
 []


Underfull \hbox (badness 1708) in paragraph at lines 685--695
\TU/LiberationSerif(0)/m/sc/12 Teoria racional dos Direitos Fundamentais (ALEXY, 2008), tentando afastar seus
 []


Underfull \hbox (badness 1097) in paragraph at lines 732--737
[]\TU/LiberationSerif(0)/m/sc/12 Livro em co-- autoria (2022): \TU/LiberationSerif(0)/m/it/12 Inteligência Artificial e Jurisprudência \TU/LiberationSerif(0)/m/sc/12 - delimitação
 []

[11]
Underfull \hbox (badness 1221) in paragraph at lines 742--753
\TU/LiberationSerif(0)/m/sc/12 Geral do Processo Penal Byroniana – TGPP-- By. Capítulo escrito para coletânea
 []


Underfull \hbox (badness 1194) in paragraph at lines 773--781
\TU/LiberationSerif(0)/m/it/12 Sociales\TU/LiberationSerif(0)/m/sc/12 , São José dos Pinhais, v. 17, n. 2, p. 01-- 41, e4146, fev. 2024.ISSN
 []


Underfull \hbox (badness 4467) in paragraph at lines 773--781
\TU/LiberationSerif(0)/m/sc/12 1988-- 7833. DOI: [][][]https://doi.org/10.55905/revconv.17n.2[]-[]045[][] . Disponível em:
 []


Underfull \hbox (badness 5302) in paragraph at lines 801--810
[]\TU/LiberationSerif(0)/m/sc/12 Artigo A2 (2025): NEVES, Cleuler Barbosa das; SANTOS, Maysa Teixeira.
 []


Underfull \hbox (badness 3158) in paragraph at lines 801--810
\TU/LiberationSerif(0)/m/sc/12 Política pública judiciária: análise do conceito de nudge na atuação do poder
 []


Underfull \hbox (badness 8075) in paragraph at lines 801--810
\TU/LiberationSerif(0)/m/sc/12 judiciário pela efetividade incremental das reurb-- s de 56 municípios goianos
 []


Underfull \hbox (badness 1688) in paragraph at lines 801--810
\TU/LiberationSerif(0)/m/sc/12 (2023-- 2024), \TU/LiberationSerif(0)/m/it/12 Revista Aracê – Direitos Humanos em Revista\TU/LiberationSerif(0)/m/sc/12 , v. 7, n. 2, 2025,
 []


Underfull \hbox (badness 1694) in paragraph at lines 801--810
\TU/LiberationSerif(0)/m/sc/12 p. 4863-- 4882. ISSN 2358-- 2472. DOI: [][]$[][] [] [][][][][] [] [][][][][][][] [][] [][][]$[][]. Disponível em:
 []


Underfull \hbox (badness 4441) in paragraph at lines 801--810
[][]$[][][][][] [] [] [] [][][][][][][][][][] [] [][][][][][][][][][][][][][] [] [][][] [] [][][][][] [] [][][][][][][] [] [][][][] [] [][][][][]$[][] \TU/LiberationSerif(0)/m/sc/12 Acesso em: 14 fev.
 []

[12]
Underfull \hbox (badness 1194) in paragraph at lines 821--832
\TU/LiberationSerif(0)/m/sc/12 da cor da morte violenta no seio da República Federativa do Brasil: um estudo
 []


Underfull \hbox (badness 1005) in paragraph at lines 821--832
\TU/LiberationSerif(0)/m/sc/12 da variabilidade do perfil da morte violenta por sexo e por cor nas 27 Unidades
 []


Underfull \hbox (badness 1596) in paragraph at lines 842--852
\TU/LiberationSerif(0)/m/sc/12 - 18, 2025. ISSN:2177-- 3246. DOI: [][]10.56238/revgeov16n4-- 065[][]. Disponível em:
 []

[13] [14]
LaTeX Font Info:    Font shape `TU/lmss/bx/it' in size <17.28> not available
(Font)              Font shape `TU/lmss/bx/sl' tried instead on input line 882.
[15] (c:/Users/Cleuler/AppData/Roaming/TinyTeX/texmf-dist/tex/latex/microtype/mt-TU-empty.cfg
File: mt-TU-empty.cfg 2021/06/22 v1.1 microtype config. file: fonts with nonstandard glyph set (RS)
) [16]

LaTeX Warning: Hyper reference `0' on page 17 undefined on input line 983.

[17]
chapter 1.

Underfull \hbox (badness 1264) in paragraph at lines 1073--1084
\TU/LiberationSerif(0)/m/sc/12 (pesquisa pura) ou \TU/LiberationSerif(0)/m/it/12 profissionais \TU/LiberationSerif(0)/m/sc/12 (pesquisa aplicada), quer desde a \TU/LiberationSerif(0)/m/it/12 graduação \TU/LiberationSerif(0)/m/sc/12 (iniciação
 []


Underfull \hbox (badness 1681) in paragraph at lines 1094--1099
[]\TU/LiberationSerif(0)/m/sc/12 na \TU/LiberationSerif(0)/m/it/12 apropriação \TU/LiberationSerif(0)/m/sc/12 e \TU/LiberationSerif(0)/m/it/12 operacionalização de []\TU/LiberationSerif(0)/b/it/12 conceitos \TU/LiberationSerif(0)/m/sc/12 e de []\TU/LiberationSerif(0)/b/it/12 indicadores \TU/LiberationSerif(0)/m/sc/12 necessários e
 []

[18

]
Underfull \hbox (badness 1448) in paragraph at lines 1137--1147
[]\TU/LiberationSerif(0)/m/sc/12 na []\TU/LiberationSerif(0)/b/it/12 prescrição [][]\TU/LiberationSerif(0)/b/n/12 normativa \TU/LiberationSerif(0)/m/sc/12 de []\TU/LiberationSerif(0)/b/it/12 novas [][]intervenções \TU/LiberationSerif(0)/m/sc/12 visando []\TU/LiberationSerif(0)/b/it/12 melhoria [][]incrmental \TU/LiberationSerif(0)/m/sc/12 na
 []


Underfull \hbox (badness 3503) in paragraph at lines 1137--1147
[]\TU/LiberationSerif(0)/b/it/12 eficiência \TU/LiberationSerif(0)/m/sc/12 (orçamentária), na []\TU/LiberationSerif(0)/b/it/12 eficácia \TU/LiberationSerif(0)/m/sc/12 (jurídica) e na []\TU/LiberationSerif(0)/b/it/12 efetividade \TU/LiberationSerif(0)/m/sc/12 (social) dessas
 []


Underfull \hbox (badness 6032) in paragraph at lines 1137--1147
\TU/LiberationSerif(0)/m/sc/12 implementações metódicas, com foco na \TU/LiberationSerif(0)/m/it/12 melhoria da efetividade dos direitos
 []

[19]
Underfull \hbox (badness 10000) in paragraph at lines 1261--1285
\TU/LiberationSerif(0)/m/sc/12 - SEMINÁRIOS INTEGRADOS DE PESQUISA EM ARTICULAÇÃO À \TU/LiberationSerif(0)/m/it/12 PRAXIS
 []

[20]
Underfull \hbox (badness 2894) in paragraph at lines 1286--1304
\TU/LiberationSerif(0)/m/sc/12 que podem ser consideradas \TU/LiberationSerif(0)/b/n/12 adequadas \TU/LiberationSerif(0)/m/sc/12 e que ainda []\TU/LiberationSerif(0)/b/it/12 não \TU/LiberationSerif(0)/m/sc/12 foram \TU/LiberationSerif(0)/b/it/12 aplicadas \TU/LiberationSerif(0)/m/sc/12 ou foram
 []


Underfull \hbox (badness 1603) in paragraph at lines 1286--1304
\TU/LiberationSerif(0)/b/it/12 incompletamente aplicadas \TU/LiberationSerif(0)/m/sc/12 em \TU/LiberationSerif(0)/m/it/12 pesquisas anteriores do PPGDP\TU/LiberationSerif(0)/m/sc/12 , a fim de \TU/LiberationSerif(0)/b/it/12 avançar \TU/LiberationSerif(0)/m/sc/12 na
 []

LaTeX Font Info:    Font shape `TU/LiberationSerif(0)/m/n' will be
(Font)              scaled to size 10.0pt on input line 1323.
LaTeX Font Info:    Font shape `TU/latinmodern-math.otf(1)/m/n' will be
(Font)              scaled to size 7.45448pt on input line 1323.
LaTeX Font Info:    Font shape `TU/latinmodern-math.otf(1)/m/n' will be
(Font)              scaled to size 5.32463pt on input line 1323.
LaTeX Font Info:    Font shape `TU/latinmodern-math.otf(2)/m/n' will be
(Font)              scaled to size 7.45523pt on input line 1323.
LaTeX Font Info:    Font shape `TU/latinmodern-math.otf(2)/m/n' will be
(Font)              scaled to size 5.32516pt on input line 1323.
LaTeX Font Info:    Font shape `TU/latinmodern-math.otf(3)/m/n' will be
(Font)              scaled to size 7.45374pt on input line 1323.
LaTeX Font Info:    Font shape `TU/latinmodern-math.otf(3)/m/n' will be
(Font)              scaled to size 5.3241pt on input line 1323.
LaTeX Font Info:    Font shape `TU/LiberationSerif(0)/m/n' will be
(Font)              scaled to size 7.0pt on input line 1323.

Underfull \hbox (badness 3780) in paragraph at lines 1332--1335
[]\TU/LiberationSerif(0)/b/it/12 Articular \TU/LiberationSerif(0)/m/sc/12 a pesquisa \TU/LiberationSerif(0)/m/it/12 jurídica \TU/LiberationSerif(0)/m/sc/12 empírica às atividades e vivências da \TU/LiberationSerif(0)/m/it/12 prática jurídica\TU/LiberationSerif(0)/m/sc/12 ,
 []


Underfull \hbox (badness 2368) in paragraph at lines 1336--1342
[]\TU/LiberationSerif(0)/b/it/12 Preparar \TU/LiberationSerif(0)/m/sc/12 o discente para \TU/LiberationSerif(0)/b/it/12 aprimorar \TU/LiberationSerif(0)/m/sc/12 a escolha, a problematização, a delimitação e a
 []


Underfull \hbox (badness 3646) in paragraph at lines 1336--1342
[]\TU/LiberationSerif(0)/b/it/12 reelaboração \TU/LiberationSerif(0)/m/sc/12 de um Projeto de Pesquisa (PP) jurídico-- política, como guia de apoio
 []

[21] [22]
chapter 2.

Underfull \hbox (badness 1102) in paragraph at lines 1415--1418
[]\TU/LiberationSerif(0)/m/sc/12 Quanto aos \TU/LiberationSerif(0)/b/it/12 princípios organizadores \TU/LiberationSerif(0)/m/sc/12 de um \TU/LiberationSerif(0)/b/it/12 letramento \TU/LiberationSerif(0)/m/sc/12 ou pensamento estatístico, dois
 []

LaTeX Font Info:    Font shape `TU/LiberationSerif(0)/b/n' will be
(Font)              scaled to size 8.4pt on input line 1421.
File: fig/2-data-science-wrangle-01.png Graphic file (type bmp)
<fig/2-data-science-wrangle-01.png>
[23

]
File: fig/Conceito-Pacotes-R-ciclo-ciencia-de-dados.png Graphic file (type bmp)
<fig/Conceito-Pacotes-R-ciclo-ciencia-de-dados.png>

Package fancyhdr Warning: \headheight is too small (18.125pt): 
(fancyhdr)                Make it at least 27.29926pt, for example:
(fancyhdr)                \setlength{\headheight}{27.29926pt}.
(fancyhdr)                You might also make \topmargin smaller:
(fancyhdr)                \addtolength{\topmargin}{-9.17426pt}.

[24]
Underfull \hbox (badness 2717) in paragraph at lines 1475--1477
[]\TU/LiberationSerif(0)/m/sc/12 As habilidades que, assim, espera-- se de um \TU/LiberationSerif(0)/b/it/12 cientista de dados \TU/LiberationSerif(0)/m/sc/12 são assim resumidas
 []

File: fig/hopr_fig-10-04-3Core-SkillSets-OfDataScience_CP-DC-SR-p185-grolemund-2014.png Graphic file (type bmp)
<fig/hopr_fig-10-04-3Core-SkillSets-OfDataScience_CP-DC-SR-p185-grolemund-2014.png>
File: fig/Dados-Informacao-Decisao-Acao-Becker-fig11-p37-01.JPG Graphic file (type bmp)
<fig/Dados-Informacao-Decisao-Acao-Becker-fig11-p37-01.JPG>

Package fancyhdr Warning: \headheight is too small (18.125pt): 
(fancyhdr)                Make it at least 27.29926pt, for example:
(fancyhdr)                \setlength{\headheight}{27.29926pt}.
(fancyhdr)                You might also make \topmargin smaller:
(fancyhdr)                \addtolength{\topmargin}{-9.17426pt}.

[25]
File: fig/preciscao-ou-fidedignidade-x-exatidao-ou-acuracia.png Graphic file (type bmp)
<fig/preciscao-ou-fidedignidade-x-exatidao-ou-acuracia.png>

Package fancyhdr Warning: \headheight is too small (18.125pt): 
(fancyhdr)                Make it at least 27.29926pt, for example:
(fancyhdr)                \setlength{\headheight}{27.29926pt}.
(fancyhdr)                You might also make \topmargin smaller:
(fancyhdr)                \addtolength{\topmargin}{-9.17426pt}.

[26]
Underfull \hbox (badness 1337) in paragraph at lines 1577--1581
[]\TU/LiberationSerif(0)/m/sc/12 Essa suposição só se sustenta se forem tomados todos os cuidados qualitativos de um
 []


Package fancyhdr Warning: \headheight is too small (18.125pt): 
(fancyhdr)                Make it at least 27.29926pt, for example:
(fancyhdr)                \setlength{\headheight}{27.29926pt}.
(fancyhdr)                You might also make \topmargin smaller:
(fancyhdr)                \addtolength{\topmargin}{-9.17426pt}.

[27]

Package fancyhdr Warning: \headheight is too small (18.125pt): 
(fancyhdr)                Make it at least 27.29926pt, for example:
(fancyhdr)                \setlength{\headheight}{27.29926pt}.
(fancyhdr)                You might also make \topmargin smaller:
(fancyhdr)                \addtolength{\topmargin}{-9.17426pt}.

[28]
File: fig/inferencia.png Graphic file (type bmp)
<fig/inferencia.png>
File: fig/DiamondShape-Donovan.jpg Graphic file (type bmp)
<fig/DiamondShape-Donovan.jpg>

Overfull \hbox (17.57681pt too wide) in paragraph at lines 1698--1699
 [][] 
 []


Underfull \hbox (badness 1237) in paragraph at lines 1703--1703
[][][]|\TU/LiberationSerif(0)/m/sc/12 Conceito de Ciclo da Ciência na forma de um Diamond Shape (DONOVAN;
 []


Package fancyhdr Warning: \headheight is too small (18.125pt): 
(fancyhdr)                Make it at least 27.29926pt, for example:
(fancyhdr)                \setlength{\headheight}{27.29926pt}.
(fancyhdr)                You might also make \topmargin smaller:
(fancyhdr)                \addtolength{\topmargin}{-9.17426pt}.

[29]

Package fancyhdr Warning: \headheight is too small (18.125pt): 
(fancyhdr)                Make it at least 27.29926pt, for example:
(fancyhdr)                \setlength{\headheight}{27.29926pt}.
(fancyhdr)                You might also make \topmargin smaller:
(fancyhdr)                \addtolength{\topmargin}{-9.17426pt}.

[30]
Missing character: There is no ▶ (U+25B6) in font Liberation Serif/OT:script=latn;language=dflt;mapping=tex-text;!
Missing character: There is no ▶ (U+25B6) in font Liberation Serif/OT:script=latn;language=dflt;mapping=tex-text;!
Missing character: There is no ▶ (U+25B6) in font Liberation Serif/OT:script=latn;language=dflt;mapping=tex-text;!
Missing character: There is no ▶ (U+25B6) in font Liberation Serif/OT:script=latn;language=dflt;mapping=tex-text;!
Missing character: There is no ▶ (U+25B6) in font Liberation Serif/OT:script=latn;language=dflt;mapping=tex-text;!
Missing character: There is no ▶ (U+25B6) in font Liberation Serif/OT:script=latn;language=dflt;mapping=tex-text;!
Missing character: There is no ▶ (U+25B6) in font Liberation Serif/OT:script=latn;language=dflt;mapping=tex-text;!
Missing character: There is no ▶ (U+25B6) in font Liberation Serif/OT:script=latn;language=dflt;mapping=tex-text;!
Missing character: There is no ▶ (U+25B6) in font Liberation Serif/OT:script=latn;language=dflt;mapping=tex-text;!
Missing character: There is no ▶ (U+25B6) in font Liberation Serif/OT:script=latn;language=dflt;mapping=tex-text;!
Missing character: There is no ▶ (U+25B6) in font Liberation Serif/OT:script=latn;language=dflt;mapping=tex-text;!
Missing character: There is no ▶ (U+25B6) in font Liberation Serif/OT:script=latn;language=dflt;mapping=tex-text;!
Missing character: There is no ▶ (U+25B6) in font Liberation Serif/OT:script=latn;language=dflt;mapping=tex-text;!
Missing character: There is no ▶ (U+25B6) in font Liberation Serif/OT:script=latn;language=dflt;mapping=tex-text;!
Missing character: There is no ▶ (U+25B6) in font Liberation Serif/OT:script=latn;language=dflt;mapping=tex-text;!

Underfull \hbox (badness 3884) in paragraph at lines 1767--1769
[]\TU/LiberationSerif(0)/m/sc/12 ▶Elencar como seriam os resultados estatísticos incluindo as observações
 []

Missing character: There is no ▶ (U+25B6) in font Liberation Serif/OT:script=latn;language=dflt;mapping=tex-text;!
Missing character: There is no ▶ (U+25B6) in font Liberation Serif/OT:script=latn;language=dflt;mapping=tex-text;!
Missing character: There is no ▶ (U+25B6) in font Liberation Serif/OT:script=latn;language=dflt;mapping=tex-text;!

Underfull \hbox (badness 2042) in paragraph at lines 1775--1781
\TU/LiberationSerif(0)/m/it/12 Project \TU/LiberationSerif(0)/m/sc/12 analisado anteriormente neste capítulo, \TU/LiberationSerif(0)/m/it/12 muitas descobertas []não são
 []


Underfull \hbox (badness 1337) in paragraph at lines 1800--1806
[]\TU/LiberationSerif(0)/m/sc/12 Por esse motivo, \TU/LiberationSerif(0)/m/it/12 queremos normalmente observar []\TU/LiberationSerif(0)/b/it/12 múltiplas [][]replicações \TU/LiberationSerif(0)/m/sc/12 em
 []


Underfull \hbox (badness 3375) in paragraph at lines 1819--1822
[][]\TU/LiberationSerif(0)/b/n/12 Segundo\TU/LiberationSerif(0)/m/sc/12 , lembre-- se de que o []\TU/LiberationSerif(0)/b/it/12 valor[]-[]p [][]não [][]nos [][]fornece [][]uma [][]medida [][]da
 []


Underfull \hbox (badness 1939) in paragraph at lines 1823--1835
[]\TU/LiberationSerif(0)/m/sc/12 Conforme examinamos anteriormente, o []\TU/LiberationSerif(0)/b/it/12 valor[]-[]p \TU/LiberationSerif(0)/m/sc/12 é []\TU/LiberationSerif(0)/b/it/12 uma [][]afirmação [][]sobre [][]a
 []


Package fancyhdr Warning: \headheight is too small (18.125pt): 
(fancyhdr)                Make it at least 27.29926pt, for example:
(fancyhdr)                \setlength{\headheight}{27.29926pt}.
(fancyhdr)                You might also make \topmargin smaller:
(fancyhdr)                \addtolength{\topmargin}{-9.17426pt}.

[31]
File: fig/fig5.4_BayesTheorem.JPG Graphic file (type bmp)
<fig/fig5.4_BayesTheorem.JPG>

Underfull \hbox (badness 2020) in paragraph at lines 1884--1888
[]\TU/LiberationSerif(0)/m/sc/12 Ou seja, o \TU/LiberationSerif(0)/b/n/12 FB \TU/LiberationSerif(0)/m/sc/12 “…\TU/LiberationSerif(0)/b/it/12 Fator de Bayes caracteriza a verossimilhança relativa dos dados\TU/LiberationSerif(0)/m/sc/12 ,
 []


Package fancyhdr Warning: \headheight is too small (18.125pt): 
(fancyhdr)                Make it at least 27.29926pt, for example:
(fancyhdr)                \setlength{\headheight}{27.29926pt}.
(fancyhdr)                You might also make \topmargin smaller:
(fancyhdr)                \addtolength{\topmargin}{-9.17426pt}.

[32]

Package fancyhdr Warning: \headheight is too small (18.125pt): 
(fancyhdr)                Make it at least 27.29926pt, for example:
(fancyhdr)                \setlength{\headheight}{27.29926pt}.
(fancyhdr)                You might also make \topmargin smaller:
(fancyhdr)                \addtolength{\topmargin}{-9.17426pt}.

[33]
File: fig/Forca-Evidencia-FBayes-tab.png Graphic file (type bmp)
<fig/Forca-Evidencia-FBayes-tab.png>

Underfull \hbox (badness 1320) in paragraph at lines 2002--2007
[]\TU/LiberationSerif(0)/m/sc/12 As 2 fases, de \TU/LiberationSerif(0)/b/n/12 AED \TU/LiberationSerif(0)/m/sc/12 (Análise Exploratória \TU/LiberationSerif(0)/m/it/12 Descritiva\TU/LiberationSerif(0)/m/sc/12 ) e de \TU/LiberationSerif(0)/b/n/12 AEI \TU/LiberationSerif(0)/m/sc/12 (Análise Exploratória
 []


Underfull \hbox (badness 3229) in paragraph at lines 2008--2010
[]\TU/LiberationSerif(0)/m/sc/12 Nessa nova fase, bem mais atraente, o objetivo é \TU/LiberationSerif(0)/m/it/12 explorar os dados \TU/LiberationSerif(0)/m/sc/12 em busca do
 []


Package fancyhdr Warning: \headheight is too small (18.125pt): 
(fancyhdr)                Make it at least 27.29926pt, for example:
(fancyhdr)                \setlength{\headheight}{27.29926pt}.
(fancyhdr)                You might also make \topmargin smaller:
(fancyhdr)                \addtolength{\topmargin}{-9.17426pt}.

[34]
File: fig/TiposDeVariaveis.png Graphic file (type bmp)
<fig/TiposDeVariaveis.png>
File: fig/ValeuGalera.png Graphic file (type bmp)
<fig/ValeuGalera.png>

Package fancyhdr Warning: \headheight is too small (18.125pt): 
(fancyhdr)                Make it at least 27.29926pt, for example:
(fancyhdr)                \setlength{\headheight}{27.29926pt}.
(fancyhdr)                You might also make \topmargin smaller:
(fancyhdr)                \addtolength{\topmargin}{-9.17426pt}.

[35]

Package fancyhdr Warning: \headheight is too small (18.125pt): 
(fancyhdr)                Make it at least 27.29926pt, for example:
(fancyhdr)                \setlength{\headheight}{27.29926pt}.
(fancyhdr)                You might also make \topmargin smaller:
(fancyhdr)                \addtolength{\topmargin}{-9.17426pt}.

[36]
chapter 3.
[37

]

Package fancyhdr Warning: \headheight is too small (18.125pt): 
(fancyhdr)                Make it at least 27.19379pt, for example:
(fancyhdr)                \setlength{\headheight}{27.19379pt}.
(fancyhdr)                You might also make \topmargin smaller:
(fancyhdr)                \addtolength{\topmargin}{-9.06879pt}.

[38]
Underfull \hbox (badness 1102) in paragraph at lines 2190--2193
[]\TU/LiberationSerif(0)/m/sc/12 Quanto aos \TU/LiberationSerif(0)/b/it/12 princípios organizadores \TU/LiberationSerif(0)/m/sc/12 de um \TU/LiberationSerif(0)/b/it/12 letramento \TU/LiberationSerif(0)/m/sc/12 ou pensamento estatístico, dois
 []

File: fig/Dados-Informacao-Decisao-Acao-Becker-fig11-p37-01.JPG Graphic file (type bmp)
<fig/Dados-Informacao-Decisao-Acao-Becker-fig11-p37-01.JPG>

Package fancyhdr Warning: \headheight is too small (18.125pt): 
(fancyhdr)                Make it at least 27.19379pt, for example:
(fancyhdr)                \setlength{\headheight}{27.19379pt}.
(fancyhdr)                You might also make \topmargin smaller:
(fancyhdr)                \addtolength{\topmargin}{-9.06879pt}.

[39]
File: fig/preciscao-ou-fidedignidade-x-exatidao-ou-acuracia.png Graphic file (type bmp)
<fig/preciscao-ou-fidedignidade-x-exatidao-ou-acuracia.png>

Package fancyhdr Warning: \headheight is too small (18.125pt): 
(fancyhdr)                Make it at least 27.19379pt, for example:
(fancyhdr)                \setlength{\headheight}{27.19379pt}.
(fancyhdr)                You might also make \topmargin smaller:
(fancyhdr)                \addtolength{\topmargin}{-9.06879pt}.

[40]
Underfull \hbox (badness 1264) in paragraph at lines 2282--2285
[]\TU/LiberationSerif(0)/m/sc/12 Outro conceito importante é o de \TU/LiberationSerif(0)/b/it/12 acurácia\TU/LiberationSerif(0)/m/sc/12 , em \TU/LiberationSerif(0)/m/it/12 sentido amplo\TU/LiberationSerif(0)/m/sc/12 , que agrega tanto o de
 []

File: fig/Veracidade-Precisao-Acuracia-Cartografia-UFU-IFSC.png Graphic file (type bmp)
<fig/Veracidade-Precisao-Acuracia-Cartografia-UFU-IFSC.png>

Package fancyhdr Warning: \headheight is too small (18.125pt): 
(fancyhdr)                Make it at least 27.19379pt, for example:
(fancyhdr)                \setlength{\headheight}{27.19379pt}.
(fancyhdr)                You might also make \topmargin smaller:
(fancyhdr)                \addtolength{\topmargin}{-9.06879pt}.

[41]
File: fig/inferencia.png Graphic file (type bmp)
<fig/inferencia.png>

Package fancyhdr Warning: \headheight is too small (18.125pt): 
(fancyhdr)                Make it at least 27.19379pt, for example:
(fancyhdr)                \setlength{\headheight}{27.19379pt}.
(fancyhdr)                You might also make \topmargin smaller:
(fancyhdr)                \addtolength{\topmargin}{-9.06879pt}.

[42]
Underfull \hbox (badness 1789) in paragraph at lines 2328--2335
[]\TU/LiberationSerif(0)/m/sc/12 A ferramenta \TU/LiberationSerif(0)/b/it/12 statkey \TU/LiberationSerif(0)/m/sc/12 é um bom aplicativo \TU/LiberationSerif(0)/m/it/12 free on line \TU/LiberationSerif(0)/m/sc/12 para exercitar esses conceitos.
 []

File: fig/TiposDeVariaveis.png Graphic file (type bmp)
<fig/TiposDeVariaveis.png>

Package fancyhdr Warning: \headheight is too small (18.125pt): 
(fancyhdr)                Make it at least 27.19379pt, for example:
(fancyhdr)                \setlength{\headheight}{27.19379pt}.
(fancyhdr)                You might also make \topmargin smaller:
(fancyhdr)                \addtolength{\topmargin}{-9.06879pt}.

[43]
LaTeX Font Info:    Font shape `TU/lmtt/bx/n' in size <12> not available
(Font)              Font shape `TU/lmtt/b/n' tried instead on input line 2403.
Missing character: There is no ─ (U+2500) in font [lmmono12-regular]:!
Missing character: There is no ─ (U+2500) in font [lmmono12-regular]:!
Missing character: There is no ─ (U+2500) in font [lmmono12-regular]:!
Missing character: There is no ─ (U+2500) in font [lmmono12-regular]:!
Missing character: There is no ─ (U+2500) in font [lmmono12-regular]:!
Missing character: There is no ─ (U+2500) in font [lmmono12-regular]:!
Missing character: There is no ─ (U+2500) in font [lmmono12-regular]:!
Missing character: There is no ─ (U+2500) in font [lmmono12-regular]:!
Missing character: There is no ─ (U+2500) in font [lmmono12-regular]:!
Missing character: There is no ─ (U+2500) in font [lmmono12-regular]:!
Missing character: There is no ─ (U+2500) in font [lmmono12-regular]:!
Missing character: There is no ─ (U+2500) in font [lmmono12-regular]:!
Missing character: There is no ─ (U+2500) in font [lmmono12-regular]:!
Missing character: There is no ─ (U+2500) in font [lmmono12-regular]:!
Missing character: There is no ─ (U+2500) in font [lmmono12-regular]:!
Missing character: There is no ─ (U+2500) in font [lmmono12-regular]:!
Missing character: There is no ─ (U+2500) in font [lmmono12-regular]:!
Missing character: There is no ─ (U+2500) in font [lmmono12-regular]:!
Missing character: There is no ─ (U+2500) in font [lmmono12-regular]:!
Missing character: There is no ─ (U+2500) in font [lmmono12-regular]:!
Missing character: There is no ─ (U+2500) in font [lmmono12-regular]:!
Missing character: There is no ─ (U+2500) in font [lmmono12-regular]:!
Missing character: There is no ─ (U+2500) in font [lmmono12-regular]:!
Missing character: There is no ─ (U+2500) in font [lmmono12-regular]:!
Missing character: There is no ─ (U+2500) in font [lmmono12-regular]:!
Missing character: There is no ─ (U+2500) in font [lmmono12-regular]:!
Missing character: There is no ─ (U+2500) in font [lmmono12-regular]:!
Missing character: There is no ─ (U+2500) in font [lmmono12-regular]:!
Missing character: There is no ─ (U+2500) in font [lmmono12-regular]:!
Missing character: There is no ─ (U+2500) in font [lmmono12-regular]:!
Missing character: There is no ─ (U+2500) in font [lmmono12-regular]:!
Missing character: There is no ─ (U+2500) in font [lmmono12-regular]:!
Missing character: There is no ─ (U+2500) in font [lmmono12-regular]:!
Missing character: There is no ─ (U+2500) in font [lmmono12-regular]:!
Missing character: There is no ─ (U+2500) in font [lmmono12-regular]:!
Missing character: There is no ─ (U+2500) in font [lmmono12-regular]:!
Missing character: There is no ─ (U+2500) in font [lmmono12-regular]:!
Missing character: There is no ─ (U+2500) in font [lmmono12-regular]:!
Missing character: There is no ─ (U+2500) in font [lmmono12-regular]:!
Missing character: There is no ─ (U+2500) in font [lmmono12-regular]:!
Missing character: There is no ─ (U+2500) in font [lmmono12-regular]:!
Missing character: There is no ─ (U+2500) in font [lmmono12-regular]:!
Missing character: There is no ─ (U+2500) in font [lmmono12-regular]:!
Missing character: There is no ─ (U+2500) in font [lmmono12-regular]:!
Missing character: There is no ─ (U+2500) in font [lmmono12-regular]:!
Missing character: There is no ─ (U+2500) in font [lmmono12-regular]:!
Missing character: There is no ─ (U+2500) in font [lmmono12-regular]:!
Missing character: There is no ─ (U+2500) in font [lmmono12-regular]:!
Missing character: There is no ─ (U+2500) in font [lmmono12-regular]:!
Missing character: There is no ─ (U+2500) in font [lmmono12-regular]:!
Missing character: There is no ─ (U+2500) in font [lmmono12-regular]:!
Missing character: There is no ─ (U+2500) in font [lmmono12-regular]:!
Missing character: There is no ─ (U+2500) in font [lmmono12-regular]:!
Missing character: There is no ─ (U+2500) in font [lmmono12-regular]:!
Missing character: There is no ─ (U+2500) in font [lmmono12-regular]:!
Missing character: There is no ─ (U+2500) in font [lmmono12-regular]:!
Missing character: There is no ─ (U+2500) in font [lmmono12-regular]:!
Missing character: There is no ─ (U+2500) in font [lmmono12-regular]:!
Missing character: There is no ─ (U+2500) in font [lmmono12-regular]:!
Missing character: There is no ─ (U+2500) in font [lmmono12-regular]:!
Missing character: There is no ─ (U+2500) in font [lmmono12-regular]:!
Missing character: There is no ─ (U+2500) in font [lmmono12-regular]:!
Missing character: There is no ─ (U+2500) in font [lmmono12-regular]:!
Missing character: There is no ─ (U+2500) in font [lmmono12-regular]:!
Missing character: There is no ─ (U+2500) in font [lmmono12-regular]:!
Missing character: There is no ─ (U+2500) in font [lmmono12-regular]:!
Missing character: There is no ─ (U+2500) in font [lmmono12-regular]:!
Missing character: There is no ─ (U+2500) in font [lmmono12-regular]:!
Missing character: There is no ─ (U+2500) in font [lmmono12-regular]:!
Missing character: There is no ─ (U+2500) in font [lmmono12-regular]:!
Missing character: There is no ─ (U+2500) in font [lmmono12-regular]:!
Missing character: There is no ─ (U+2500) in font [lmmono12-regular]:!
Missing character: There is no ─ (U+2500) in font [lmmono12-regular]:!
Missing character: There is no ─ (U+2500) in font [lmmono12-regular]:!
Missing character: There is no ─ (U+2500) in font [lmmono12-regular]:!
Missing character: There is no ─ (U+2500) in font [lmmono12-regular]:!
Missing character: There is no ─ (U+2500) in font [lmmono12-regular]:!
Missing character: There is no ─ (U+2500) in font [lmmono12-regular]:!
Missing character: There is no ─ (U+2500) in font [lmmono12-regular]:!
Missing character: There is no ─ (U+2500) in font [lmmono12-regular]:!
Missing character: There is no ─ (U+2500) in font [lmmono12-regular]:!
Missing character: There is no ─ (U+2500) in font [lmmono12-regular]:!
Missing character: There is no ─ (U+2500) in font [lmmono12-regular]:!
Missing character: There is no ─ (U+2500) in font [lmmono12-regular]:!
Missing character: There is no ─ (U+2500) in font [lmmono12-regular]:!
Missing character: There is no ─ (U+2500) in font [lmmono12-regular]:!
Missing character: There is no ─ (U+2500) in font [lmmono12-regular]:!
Missing character: There is no ─ (U+2500) in font [lmmono12-regular]:!
Missing character: There is no ─ (U+2500) in font [lmmono12-regular]:!
Missing character: There is no ─ (U+2500) in font [lmmono12-regular]:!
Missing character: There is no ─ (U+2500) in font [lmmono12-regular]:!
Missing character: There is no ─ (U+2500) in font [lmmono12-regular]:!
Missing character: There is no ─ (U+2500) in font [lmmono12-regular]:!
Missing character: There is no ─ (U+2500) in font [lmmono12-regular]:!
Missing character: There is no ─ (U+2500) in font [lmmono12-regular]:!
Missing character: There is no ─ (U+2500) in font [lmmono12-regular]:!
Missing character: There is no ✔ (U+2714) in font [lmmono12-regular]:!
Missing character: There is no ✔ (U+2714) in font [lmmono12-regular]:!
Missing character: There is no ✔ (U+2714) in font [lmmono12-regular]:!
Missing character: There is no ✔ (U+2714) in font [lmmono12-regular]:!
Missing character: There is no ✔ (U+2714) in font [lmmono12-regular]:!
Missing character: There is no ✔ (U+2714) in font [lmmono12-regular]:!
Missing character: There is no ✔ (U+2714) in font [lmmono12-regular]:!
Missing character: There is no ✔ (U+2714) in font [lmmono12-regular]:!
Missing character: There is no ✔ (U+2714) in font [lmmono12-regular]:!
Missing character: There is no ✔ (U+2714) in font [lmmono12-regular]:!
Missing character: There is no ✔ (U+2714) in font [lmmono12-regular]:!
Missing character: There is no ✔ (U+2714) in font [lmmono12-regular]:!
Missing character: There is no ✔ (U+2714) in font [lmmono12-regular]:!
Missing character: There is no ✔ (U+2714) in font [lmmono12-regular]:!
Missing character: There is no ✔ (U+2714) in font [lmmono12-regular]:!
Missing character: There is no ✔ (U+2714) in font [lmmono12-regular]:!
Missing character: There is no ✔ (U+2714) in font [lmmono12-regular]:!
Missing character: There is no ✔ (U+2714) in font [lmmono12-regular]:!
Missing character: There is no ─ (U+2500) in font [lmmono12-regular]:!
Missing character: There is no ─ (U+2500) in font [lmmono12-regular]:!
Missing character: There is no ─ (U+2500) in font [lmmono12-regular]:!
Missing character: There is no ─ (U+2500) in font [lmmono12-regular]:!
Missing character: There is no ─ (U+2500) in font [lmmono12-regular]:!
Missing character: There is no ─ (U+2500) in font [lmmono12-regular]:!
Missing character: There is no ─ (U+2500) in font [lmmono12-regular]:!
Missing character: There is no ─ (U+2500) in font [lmmono12-regular]:!
Missing character: There is no ─ (U+2500) in font [lmmono12-regular]:!
Missing character: There is no ─ (U+2500) in font [lmmono12-regular]:!
Missing character: There is no ─ (U+2500) in font [lmmono12-regular]:!
Missing character: There is no ─ (U+2500) in font [lmmono12-regular]:!
Missing character: There is no ─ (U+2500) in font [lmmono12-regular]:!
Missing character: There is no ─ (U+2500) in font [lmmono12-regular]:!
Missing character: There is no ─ (U+2500) in font [lmmono12-regular]:!
Missing character: There is no ─ (U+2500) in font [lmmono12-regular]:!
Missing character: There is no ─ (U+2500) in font [lmmono12-regular]:!
Missing character: There is no ─ (U+2500) in font [lmmono12-regular]:!
Missing character: There is no ─ (U+2500) in font [lmmono12-regular]:!
Missing character: There is no ─ (U+2500) in font [lmmono12-regular]:!
Missing character: There is no ─ (U+2500) in font [lmmono12-regular]:!
Missing character: There is no ─ (U+2500) in font [lmmono12-regular]:!
Missing character: There is no ─ (U+2500) in font [lmmono12-regular]:!
Missing character: There is no ─ (U+2500) in font [lmmono12-regular]:!
Missing character: There is no ─ (U+2500) in font [lmmono12-regular]:!
Missing character: There is no ─ (U+2500) in font [lmmono12-regular]:!
Missing character: There is no ─ (U+2500) in font [lmmono12-regular]:!
Missing character: There is no ─ (U+2500) in font [lmmono12-regular]:!
Missing character: There is no ─ (U+2500) in font [lmmono12-regular]:!
Missing character: There is no ─ (U+2500) in font [lmmono12-regular]:!
Missing character: There is no ─ (U+2500) in font [lmmono12-regular]:!
Missing character: There is no ─ (U+2500) in font [lmmono12-regular]:!
Missing character: There is no ─ (U+2500) in font [lmmono12-regular]:!
Missing character: There is no ─ (U+2500) in font [lmmono12-regular]:!
Missing character: There is no ─ (U+2500) in font [lmmono12-regular]:!
Missing character: There is no ─ (U+2500) in font [lmmono12-regular]:!
Missing character: There is no ─ (U+2500) in font [lmmono12-regular]:!
Missing character: There is no ─ (U+2500) in font [lmmono12-regular]:!
Missing character: There is no ─ (U+2500) in font [lmmono12-regular]:!
Missing character: There is no ─ (U+2500) in font [lmmono12-regular]:!
Missing character: There is no ─ (U+2500) in font [lmmono12-regular]:!
Missing character: There is no ─ (U+2500) in font [lmmono12-regular]:!
Missing character: There is no ─ (U+2500) in font [lmmono12-regular]:!
Missing character: There is no ─ (U+2500) in font [lmmono12-regular]:!
Missing character: There is no ─ (U+2500) in font [lmmono12-regular]:!
Missing character: There is no ─ (U+2500) in font [lmmono12-regular]:!
Missing character: There is no ─ (U+2500) in font [lmmono12-regular]:!
Missing character: There is no ─ (U+2500) in font [lmmono12-regular]:!
Missing character: There is no ─ (U+2500) in font [lmmono12-regular]:!
Missing character: There is no ─ (U+2500) in font [lmmono12-regular]:!
Missing character: There is no ─ (U+2500) in font [lmmono12-regular]:!
Missing character: There is no ─ (U+2500) in font [lmmono12-regular]:!
Missing character: There is no ─ (U+2500) in font [lmmono12-regular]:!
Missing character: There is no ─ (U+2500) in font [lmmono12-regular]:!
Missing character: There is no ─ (U+2500) in font [lmmono12-regular]:!
Missing character: There is no ─ (U+2500) in font [lmmono12-regular]:!
Missing character: There is no ─ (U+2500) in font [lmmono12-regular]:!
Missing character: There is no ─ (U+2500) in font [lmmono12-regular]:!
Missing character: There is no ─ (U+2500) in font [lmmono12-regular]:!
Missing character: There is no ─ (U+2500) in font [lmmono12-regular]:!
Missing character: There is no ─ (U+2500) in font [lmmono12-regular]:!
Missing character: There is no ─ (U+2500) in font [lmmono12-regular]:!
Missing character: There is no ─ (U+2500) in font [lmmono12-regular]:!
Missing character: There is no ─ (U+2500) in font [lmmono12-regular]:!
Missing character: There is no ─ (U+2500) in font [lmmono12-regular]:!
Missing character: There is no ─ (U+2500) in font [lmmono12-regular]:!
Missing character: There is no ─ (U+2500) in font [lmmono12-regular]:!
Missing character: There is no ─ (U+2500) in font [lmmono12-regular]:!
Missing character: There is no ─ (U+2500) in font [lmmono12-regular]:!
Missing character: There is no ─ (U+2500) in font [lmmono12-regular]:!
Missing character: There is no ─ (U+2500) in font [lmmono12-regular]:!
Missing character: There is no ─ (U+2500) in font [lmmono12-regular]:!
Missing character: There is no ─ (U+2500) in font [lmmono12-regular]:!
Missing character: There is no ─ (U+2500) in font [lmmono12-regular]:!
Missing character: There is no ─ (U+2500) in font [lmmono12-regular]:!
Missing character: There is no ─ (U+2500) in font [lmmono12-regular]:!
Missing character: There is no ─ (U+2500) in font [lmmono12-regular]:!
Missing character: There is no ─ (U+2500) in font [lmmono12-regular]:!
Missing character: There is no ─ (U+2500) in font [lmmono12-regular]:!
Missing character: There is no ─ (U+2500) in font [lmmono12-regular]:!
Missing character: There is no ─ (U+2500) in font [lmmono12-regular]:!
Missing character: There is no ─ (U+2500) in font [lmmono12-regular]:!
Missing character: There is no ─ (U+2500) in font [lmmono12-regular]:!
Missing character: There is no ─ (U+2500) in font [lmmono12-regular]:!
Missing character: There is no ─ (U+2500) in font [lmmono12-regular]:!
Missing character: There is no ─ (U+2500) in font [lmmono12-regular]:!
Missing character: There is no ─ (U+2500) in font [lmmono12-regular]:!
Missing character: There is no ─ (U+2500) in font [lmmono12-regular]:!
Missing character: There is no ─ (U+2500) in font [lmmono12-regular]:!
Missing character: There is no ─ (U+2500) in font [lmmono12-regular]:!
Missing character: There is no ─ (U+2500) in font [lmmono12-regular]:!
Missing character: There is no ─ (U+2500) in font [lmmono12-regular]:!
Missing character: There is no ─ (U+2500) in font [lmmono12-regular]:!
Missing character: There is no ─ (U+2500) in font [lmmono12-regular]:!
Missing character: There is no ─ (U+2500) in font [lmmono12-regular]:!
Missing character: There is no ─ (U+2500) in font [lmmono12-regular]:!
Missing character: There is no ─ (U+2500) in font [lmmono12-regular]:!
Missing character: There is no ─ (U+2500) in font [lmmono12-regular]:!
Missing character: There is no ─ (U+2500) in font [lmmono12-regular]:!
Missing character: There is no ─ (U+2500) in font [lmmono12-regular]:!
Missing character: There is no ─ (U+2500) in font [lmmono12-regular]:!
Missing character: There is no ─ (U+2500) in font [lmmono12-regular]:!
Missing character: There is no ─ (U+2500) in font [lmmono12-regular]:!
Missing character: There is no ─ (U+2500) in font [lmmono12-regular]:!
Missing character: There is no ─ (U+2500) in font [lmmono12-regular]:!
Missing character: There is no ─ (U+2500) in font [lmmono12-regular]:!
Missing character: There is no ─ (U+2500) in font [lmmono12-regular]:!
Missing character: There is no ─ (U+2500) in font [lmmono12-regular]:!
Missing character: There is no ─ (U+2500) in font [lmmono12-regular]:!
Missing character: There is no ─ (U+2500) in font [lmmono12-regular]:!
Missing character: There is no ─ (U+2500) in font [lmmono12-regular]:!
Missing character: There is no ─ (U+2500) in font [lmmono12-regular]:!
Missing character: There is no ─ (U+2500) in font [lmmono12-regular]:!
Missing character: There is no ─ (U+2500) in font [lmmono12-regular]:!
Missing character: There is no ─ (U+2500) in font [lmmono12-regular]:!
Missing character: There is no ─ (U+2500) in font [lmmono12-regular]:!
Missing character: There is no ─ (U+2500) in font [lmmono12-regular]:!
Missing character: There is no ─ (U+2500) in font [lmmono12-regular]:!
Missing character: There is no ─ (U+2500) in font [lmmono12-regular]:!
Missing character: There is no ─ (U+2500) in font [lmmono12-regular]:!
Missing character: There is no ─ (U+2500) in font [lmmono12-regular]:!
Missing character: There is no ─ (U+2500) in font [lmmono12-regular]:!
Missing character: There is no ─ (U+2500) in font [lmmono12-regular]:!
Missing character: There is no ─ (U+2500) in font [lmmono12-regular]:!
Missing character: There is no ─ (U+2500) in font [lmmono12-regular]:!
Missing character: There is no ─ (U+2500) in font [lmmono12-regular]:!
Missing character: There is no ─ (U+2500) in font [lmmono12-regular]:!
Missing character: There is no ─ (U+2500) in font [lmmono12-regular]:!
Missing character: There is no ─ (U+2500) in font [lmmono12-regular]:!
Missing character: There is no ─ (U+2500) in font [lmmono12-regular]:!
Missing character: There is no ─ (U+2500) in font [lmmono12-regular]:!
Missing character: There is no ─ (U+2500) in font [lmmono12-regular]:!
Missing character: There is no ✖ (U+2716) in font [lmmono12-regular]:!
Missing character: There is no ✖ (U+2716) in font [lmmono12-regular]:!
Missing character: There is no ✖ (U+2716) in font [lmmono12-regular]:!
Missing character: There is no ✖ (U+2716) in font [lmmono12-regular]:!
Missing character: There is no ℹ (U+2139) in font [lmmono12-regular]:!
Missing character: There is no ℹ (U+2139) in font [lmmono12-regular]:!
[44] [45]
Overfull \hbox (20.61581pt too wide) in paragraph at lines 2493--2493
[] \TU/lmtt/m/n/12 $ nomean   : chr [1:447] "A.J.D.S.A." "A.G.M.B." "A.G.D.S." "A.J.D.S.S." ...[] 
 []


Overfull \hbox (20.6158pt too wide) in paragraph at lines 2494--2494
[] \TU/lmtt/m/n/12 $ maean    : chr [1:447] "L.M.D.S.A." "A.D.S.M.B.B." "F.A.G." "S.D.S.S." ...[] 
 []


Overfull \hbox (8.25577pt too wide) in paragraph at lines 2499--2499
[] \TU/lmtt/m/n/12 $ dom      : chr [1:447] "Bairro São Francisco" NA NA "Vila Finsocial" ...[] 
 []

[46]
Overfull \hbox (230.73578pt too wide) in paragraph at lines 2512--2512
[] \TU/lmtt/m/n/12 $ circobt  : chr [1:447] "Outros" "conflitos entre criminalidade" "conflitos entre criminalidade" "Outros" ...[] 
 []


Overfull \hbox (2.06378pt too wide) in paragraph at lines 2550--2550
[]\TU/lmtt/m/n/12 [19] "paf"       "circobt"   "obsobt"    "idadeobtd" "idadeobta" "npassag"[] 
 []

[47]
Overfull \hbox (32.97566pt too wide) in paragraph at lines 2552--2552
[]   \TU/lmtt/m/n/12 nomean     maean    nasc       sexo  cor   corag dom   dataesc1   esc1  esc2[] 
 []


Overfull \hbox (39.15561pt too wide) in paragraph at lines 2553--2553
[]   \TU/lmtt/m/n/12 <chr>      <chr>    <date>     <chr> <chr> <chr> <chr> <date>     <chr> <chr>[] 
 []


Overfull \hbox (32.95178pt too wide) in paragraph at lines 2554--2554
[] \TU/lmtt/m/n/12 1 A.J.D.S.A. L.M.D.S~ 2001-04-21 m     bran~ bran~ Bair~ 2018-09-28 6 ano <NA>[] 
 []


Overfull \hbox (39.14368pt too wide) in paragraph at lines 2555--2555
[] \TU/lmtt/m/n/12 2 A.G.M.B.   A.D.S.M~ 2000-09-04 m     pardo negro <NA>  NA         <NA>  8 ano[] 
 []


Overfull \hbox (39.10767pt too wide) in paragraph at lines 2556--2556
[] \TU/lmtt/m/n/12 3 A.G.D.S.   F.A.G.   1997-06-22 m     <NA>  <NA>  <NA>  NA         <NA>  9 ano[] 
 []


Overfull \hbox (39.14377pt too wide) in paragraph at lines 2557--2557
[] \TU/lmtt/m/n/12 4 A.J.D.S.S. S.D.S.S. 2002-05-01 m     pardo negro Vila~ 2020-02-09 1 sé~ 1 sé~[] 
 []


Overfull \hbox (39.11969pt too wide) in paragraph at lines 2558--2558
[] \TU/lmtt/m/n/12 5 A.A.D.A.   A.A.D.A. 1999-10-13 m     <NA>  <NA>  <NA>  NA         <NA>  8 ano[] 
 []


Overfull \hbox (39.14374pt too wide) in paragraph at lines 2559--2559
[] \TU/lmtt/m/n/12 6 A.E.M.     M.E.M.   2001-03-25 m     bran~ bran~ <NA>  2018-10-23 8 ano 8 ano[] 
 []


Overfull \hbox (39.15575pt too wide) in paragraph at lines 2560--2560
[] \TU/lmtt/m/n/12 7 A.C.A.     J.A.D.A. 2000-12-18 m     pardo negro Seto~ 2018-11-18 8 ano 8 ano[] 
 []


Overfull \hbox (39.13173pt too wide) in paragraph at lines 2561--2561
[] \TU/lmtt/m/n/12 8 A.O.       D.G.B.S. 2003-09-30 m     bran~ bran~ Bair~ 2019-10-01 8 ano 8 ano[] 
 []


Overfull \hbox (32.96368pt too wide) in paragraph at lines 2562--2562
[] \TU/lmtt/m/n/12 9 A.R.C.     M.D.R.D~ 2001-02-24 m     pardo negro <NA>  NA         <NA>  <NA>[] 
 []


Overfull \hbox (39.13174pt too wide) in paragraph at lines 2563--2563
[]\TU/lmtt/m/n/12 10 A.O.S.     K.R.S.   2003-02-06 m     pardo negro Parq~ 2018-07-17 9 ano 8 ano[] 
 []


Overfull \hbox (32.97572pt too wide) in paragraph at lines 2565--2565
[]\TU/lmtt/m/n/12 # i 14 more variables: compfam <chr>, relpai <chr>, usudrog <chr>, subst <chr>,[] 
 []

[48] [49] [50] [51]
Overfull \hbox (32.97566pt too wide) in paragraph at lines 2732--2732
[]   \TU/lmtt/m/n/12 nomean     maean    nasc       sexo  cor   corag dom   dataesc1   esc1  esc2[] 
 []


Overfull \hbox (39.15561pt too wide) in paragraph at lines 2733--2733
[]   \TU/lmtt/m/n/12 <chr>      <chr>    <date>     <fct> <fct> <fct> <chr> <date>     <fct> <fct>[] 
 []


Overfull \hbox (32.95178pt too wide) in paragraph at lines 2734--2734
[] \TU/lmtt/m/n/12 1 A.J.D.S.A. L.M.D.S~ 2001-04-21 M     bran~ bran~ Bair~ 2018-09-28 6ano  <NA>[] 
 []


Overfull \hbox (32.96368pt too wide) in paragraph at lines 2735--2735
[] \TU/lmtt/m/n/12 2 A.G.M.B.   A.D.S.M~ 2000-09-04 M     pardo negro <NA>  NA         <NA>  8ano[] 
 []


Overfull \hbox (32.92767pt too wide) in paragraph at lines 2736--2736
[] \TU/lmtt/m/n/12 3 A.G.D.S.   F.A.G.   1997-06-22 M     <NA>  <NA>  <NA>  NA         <NA>  9ano[] 
 []


Overfull \hbox (39.14377pt too wide) in paragraph at lines 2737--2737
[] \TU/lmtt/m/n/12 4 A.J.D.S.S. S.D.S.S. 2002-05-01 M     pardo negro Vila~ 2020-02-09 1ser~ 1ser~[] 
 []


Overfull \hbox (32.9397pt too wide) in paragraph at lines 2738--2738
[] \TU/lmtt/m/n/12 5 A.A.D.A.   A.A.D.A. 1999-10-13 M     <NA>  <NA>  <NA>  NA         <NA>  8ano[] 
 []


Overfull \hbox (32.96375pt too wide) in paragraph at lines 2739--2739
[] \TU/lmtt/m/n/12 6 A.E.M.     M.E.M.   2001-03-25 M     bran~ bran~ <NA>  2018-10-23 8ano  8ano[] 
 []


Overfull \hbox (32.97575pt too wide) in paragraph at lines 2740--2740
[] \TU/lmtt/m/n/12 7 A.C.A.     J.A.D.A. 2000-12-18 M     pardo negro Seto~ 2018-11-18 8ano  8ano[] 
 []


Overfull \hbox (32.95174pt too wide) in paragraph at lines 2741--2741
[] \TU/lmtt/m/n/12 8 A.O.       D.G.B.S. 2003-09-30 M     bran~ bran~ Bair~ 2019-10-01 8ano  8ano[] 
 []


Overfull \hbox (32.96368pt too wide) in paragraph at lines 2742--2742
[] \TU/lmtt/m/n/12 9 A.R.C.     M.D.R.D~ 2001-02-24 M     pardo negro <NA>  NA         <NA>  <NA>[] 
 []


Overfull \hbox (32.95175pt too wide) in paragraph at lines 2743--2743
[]\TU/lmtt/m/n/12 10 A.O.S.     K.R.S.   2003-02-06 M     pardo negro Parq~ 2018-07-17 9ano  8ano[] 
 []


Overfull \hbox (32.97572pt too wide) in paragraph at lines 2745--2745
[]\TU/lmtt/m/n/12 # i 14 more variables: compfam <fct>, relpai <fct>, usudrog <fct>, subst <fct>,[] 
 []

[52] [53]
LaTeX Font Info:    Font shape `TU/LiberationSerif(0)/m/n' will be
(Font)              scaled to size 10.95pt on input line 2843.

Underfull \hbox (badness 10000) in paragraph at lines 2843--2865
\TU/LiberationSerif(0)/m/n/10.95 Na data da 1ª passagem pela Delegacia de Apuração de Atos Infracionais
 []

[54] [55]
File: cap3-DistNorm_files/figure-pdf/unnamed-chunk-6-1.pdf Graphic file (type pdf)
<use cap3-DistNorm_files/figure-pdf/unnamed-chunk-6-1.pdf>
[56]
File: cap3-DistNorm_files/figure-pdf/unnamed-chunk-7-1.pdf Graphic file (type pdf)
<use cap3-DistNorm_files/figure-pdf/unnamed-chunk-7-1.pdf>

Overfull \hbox (2.06378pt too wide) in paragraph at lines 3005--3005
[]\TU/lmtt/m/n/12 [19] "paf"       "circobt"   "obsobt"    "idadeobtd" "idadeobta" "npassag"[] 
 []


Overfull \hbox (32.97566pt too wide) in paragraph at lines 3007--3007
[]   \TU/lmtt/m/n/12 nomean     maean    nasc       sexo  cor   corag dom   dataesc1   esc1  esc2[] 
 []

[57]
Overfull \hbox (39.15561pt too wide) in paragraph at lines 3008--3008
[]   \TU/lmtt/m/n/12 <chr>      <chr>    <date>     <fct> <fct> <fct> <chr> <date>     <fct> <fct>[] 
 []


Overfull \hbox (32.95178pt too wide) in paragraph at lines 3009--3009
[] \TU/lmtt/m/n/12 1 A.J.D.S.A. L.M.D.S~ 2001-04-21 M     bran~ bran~ Bair~ 2018-09-28 6ano  <NA>[] 
 []


Overfull \hbox (32.96368pt too wide) in paragraph at lines 3010--3010
[] \TU/lmtt/m/n/12 2 A.G.M.B.   A.D.S.M~ 2000-09-04 M     pardo negro <NA>  NA         <NA>  8ano[] 
 []


Overfull \hbox (32.92767pt too wide) in paragraph at lines 3011--3011
[] \TU/lmtt/m/n/12 3 A.G.D.S.   F.A.G.   1997-06-22 M     <NA>  <NA>  <NA>  NA         <NA>  9ano[] 
 []


Overfull \hbox (39.14377pt too wide) in paragraph at lines 3012--3012
[] \TU/lmtt/m/n/12 4 A.J.D.S.S. S.D.S.S. 2002-05-01 M     pardo negro Vila~ 2020-02-09 1ser~ 1ser~[] 
 []


Overfull \hbox (32.9397pt too wide) in paragraph at lines 3013--3013
[] \TU/lmtt/m/n/12 5 A.A.D.A.   A.A.D.A. 1999-10-13 M     <NA>  <NA>  <NA>  NA         <NA>  8ano[] 
 []


Overfull \hbox (32.96375pt too wide) in paragraph at lines 3014--3014
[] \TU/lmtt/m/n/12 6 A.E.M.     M.E.M.   2001-03-25 M     bran~ bran~ <NA>  2018-10-23 8ano  8ano[] 
 []


Overfull \hbox (32.97575pt too wide) in paragraph at lines 3015--3015
[] \TU/lmtt/m/n/12 7 A.C.A.     J.A.D.A. 2000-12-18 M     pardo negro Seto~ 2018-11-18 8ano  8ano[] 
 []


Overfull \hbox (32.95174pt too wide) in paragraph at lines 3016--3016
[] \TU/lmtt/m/n/12 8 A.O.       D.G.B.S. 2003-09-30 M     bran~ bran~ Bair~ 2019-10-01 8ano  8ano[] 
 []


Overfull \hbox (32.96368pt too wide) in paragraph at lines 3017--3017
[] \TU/lmtt/m/n/12 9 A.R.C.     M.D.R.D~ 2001-02-24 M     pardo negro <NA>  NA         <NA>  <NA>[] 
 []


Overfull \hbox (32.95175pt too wide) in paragraph at lines 3018--3018
[]\TU/lmtt/m/n/12 10 A.O.S.     K.R.S.   2003-02-06 M     pardo negro Parq~ 2018-07-17 9ano  8ano[] 
 []


Overfull \hbox (32.97572pt too wide) in paragraph at lines 3020--3020
[]\TU/lmtt/m/n/12 # i 14 more variables: compfam <fct>, relpai <fct>, usudrog <fct>, subst <fct>,[] 
 []

[58]
File: cap3-DistNorm_files/figure-pdf/unnamed-chunk-9-1.pdf Graphic file (type pdf)
<use cap3-DistNorm_files/figure-pdf/unnamed-chunk-9-1.pdf>
File: cap3-DistNorm_files/figure-pdf/unnamed-chunk-10-1.pdf Graphic file (type pdf)
<use cap3-DistNorm_files/figure-pdf/unnamed-chunk-10-1.pdf>
[59] [60]
File: cap3-DistNorm_files/figure-pdf/unnamed-chunk-11-1.pdf Graphic file (type pdf)
<use cap3-DistNorm_files/figure-pdf/unnamed-chunk-11-1.pdf>

Underfull \hbox (badness 1117) in paragraph at lines 3133--3135
[]\TU/LiberationSerif(0)/m/sc/12 Depois uma curva suave (densidade) nas \TU/LiberationSerif(0)/b/n/12 5 (cinco) categorias \TU/LiberationSerif(0)/m/sc/12 da variável tipo \TU/lmtt/m/n/12 factor
 []

[61]
File: cap3-DistNorm_files/figure-pdf/unnamed-chunk-12-1.pdf Graphic file (type pdf)
<use cap3-DistNorm_files/figure-pdf/unnamed-chunk-12-1.pdf>
[62]
File: cap3-DistNorm_files/figure-pdf/unnamed-chunk-13-1.pdf Graphic file (type pdf)
<use cap3-DistNorm_files/figure-pdf/unnamed-chunk-13-1.pdf>
[63]
File: cap3-DistNorm_files/figure-pdf/unnamed-chunk-14-1.pdf Graphic file (type pdf)
<use cap3-DistNorm_files/figure-pdf/unnamed-chunk-14-1.pdf>
[64]
File: cap3-DistNorm_files/figure-pdf/unnamed-chunk-15-1.pdf Graphic file (type pdf)
<use cap3-DistNorm_files/figure-pdf/unnamed-chunk-15-1.pdf>
[65]
File: cap3-DistNorm_files/figure-pdf/unnamed-chunk-16-1.pdf Graphic file (type pdf)
<use cap3-DistNorm_files/figure-pdf/unnamed-chunk-16-1.pdf>
[66]

Package fancyhdr Warning: \headheight is too small (18.125pt): 
(fancyhdr)                Make it at least 27.19379pt, for example:
(fancyhdr)                \setlength{\headheight}{27.19379pt}.
(fancyhdr)                You might also make \topmargin smaller:
(fancyhdr)                \addtolength{\topmargin}{-9.06879pt}.

[67]

Package fancyhdr Warning: \headheight is too small (18.125pt): 
(fancyhdr)                Make it at least 27.19379pt, for example:
(fancyhdr)                \setlength{\headheight}{27.19379pt}.
(fancyhdr)                You might also make \topmargin smaller:
(fancyhdr)                \addtolength{\topmargin}{-9.06879pt}.

[68]

Package fancyhdr Warning: \headheight is too small (18.125pt): 
(fancyhdr)                Make it at least 27.19379pt, for example:
(fancyhdr)                \setlength{\headheight}{27.19379pt}.
(fancyhdr)                You might also make \topmargin smaller:
(fancyhdr)                \addtolength{\topmargin}{-9.06879pt}.

[69] [70] [71] [72]
Overfull \hbox (8.91708pt too wide) in paragraph at lines 3669--3675
[]\TU/LiberationSerif(0)/b/n/12 1\TU/LiberationSerif(0)/m/sc/12 . \TU/LiberationSerif(0)/b/n/12 Importar \TU/LiberationSerif(0)/m/sc/12 o \TU/LiberationSerif(0)/b/it/12 data set\TU/LiberationSerif(0)/m/sc/12 , que se encontra na pasta \TU/lmtt/m/n/12 dat > sobr \TU/LiberationSerif(0)/m/sc/12 de nosso Projeto \TU/lmtt/m/n/12 CDE-a-DPP.Rproj\TU/LiberationSerif(0)/m/sc/12 .
 []


Underfull \hbox (badness 1983) in paragraph at lines 3669--3675
\TU/LiberationSerif(0)/m/sc/12 Recomenda-- se baixar a atualizar a última versão desse nosso projeto que se encontra
 []


Overfull \hbox (133.50198pt too wide) in paragraph at lines 3669--3675
\TU/LiberationSerif(0)/m/sc/12 compartilhado no google drive: [][]$[][][][][] [] [] [] [][][][][] [] [][][][][][] [] [][][] [] [][][][][] [] [] [] [] [] [][][][][][][] [] [][][][][][][][][][][][][][][][][][][][][][][][][][][][][][][][][]$[][] 
 []


Package fancyhdr Warning: \headheight is too small (18.125pt): 
(fancyhdr)                Make it at least 27.19379pt, for example:
(fancyhdr)                \setlength{\headheight}{27.19379pt}.
(fancyhdr)                You might also make \topmargin smaller:
(fancyhdr)                \addtolength{\topmargin}{-9.06879pt}.

[73]

Package fancyhdr Warning: \headheight is too small (18.125pt): 
(fancyhdr)                Make it at least 27.19379pt, for example:
(fancyhdr)                \setlength{\headheight}{27.19379pt}.
(fancyhdr)                You might also make \topmargin smaller:
(fancyhdr)                \addtolength{\topmargin}{-9.06879pt}.

[74]
File: cap3-DistNorm_files/figure-pdf/unnamed-chunk-23-1.pdf Graphic file (type pdf)
<use cap3-DistNorm_files/figure-pdf/unnamed-chunk-23-1.pdf>

Package fancyhdr Warning: \headheight is too small (18.125pt): 
(fancyhdr)                Make it at least 27.19379pt, for example:
(fancyhdr)                \setlength{\headheight}{27.19379pt}.
(fancyhdr)                You might also make \topmargin smaller:
(fancyhdr)                \addtolength{\topmargin}{-9.06879pt}.

[75]
Underfull \hbox (badness 1509) in paragraph at lines 3789--3793
[]\TU/LiberationSerif(0)/m/sc/12 Tanto o histograma como a curva suave de densidade (que o aproxima) ilustram uma
 []


Package fancyhdr Warning: \headheight is too small (18.125pt): 
(fancyhdr)                Make it at least 27.19379pt, for example:
(fancyhdr)                \setlength{\headheight}{27.19379pt}.
(fancyhdr)                You might also make \topmargin smaller:
(fancyhdr)                \addtolength{\topmargin}{-9.06879pt}.

[76]

Package fancyhdr Warning: \headheight is too small (18.125pt): 
(fancyhdr)                Make it at least 27.19379pt, for example:
(fancyhdr)                \setlength{\headheight}{27.19379pt}.
(fancyhdr)                You might also make \topmargin smaller:
(fancyhdr)                \addtolength{\topmargin}{-9.06879pt}.

[77]
File: cap3-DistNorm_files/figure-pdf/unnamed-chunk-25-1.pdf Graphic file (type pdf)
<use cap3-DistNorm_files/figure-pdf/unnamed-chunk-25-1.pdf>
File: fig/Moore-boxplot-fig2.1-p43.jpg Graphic file (type bmp)
<fig/Moore-boxplot-fig2.1-p43.jpg>

Package fancyhdr Warning: \headheight is too small (18.125pt): 
(fancyhdr)                Make it at least 27.19379pt, for example:
(fancyhdr)                \setlength{\headheight}{27.19379pt}.
(fancyhdr)                You might also make \topmargin smaller:
(fancyhdr)                \addtolength{\topmargin}{-9.06879pt}.

[78]
File: fig/Moore-boxplot-modificado-fig2.2-oulier-p45.jpg Graphic file (type bmp)
<fig/Moore-boxplot-modificado-fig2.2-oulier-p45.jpg>

Package fancyhdr Warning: \headheight is too small (18.125pt): 
(fancyhdr)                Make it at least 27.19379pt, for example:
(fancyhdr)                \setlength{\headheight}{27.19379pt}.
(fancyhdr)                You might also make \topmargin smaller:
(fancyhdr)                \addtolength{\topmargin}{-9.06879pt}.

[79]
Missing character: There is no ≅ (U+2245) in font Liberation Serif/OT:script=latn;language=dflt;mapping=tex-text;!
Missing character: There is no ≅ (U+2245) in font Liberation Serif/OT:script=latn;language=dflt;mapping=tex-text;!
Missing character: There is no ≅ (U+2245) in font Liberation Serif/OT:script=latn;language=dflt;mapping=tex-text;!

Package fancyhdr Warning: \headheight is too small (18.125pt): 
(fancyhdr)                Make it at least 27.19379pt, for example:
(fancyhdr)                \setlength{\headheight}{27.19379pt}.
(fancyhdr)                You might also make \topmargin smaller:
(fancyhdr)                \addtolength{\topmargin}{-9.06879pt}.

[80]
File: cap3-DistNorm_files/figure-pdf/unnamed-chunk-26-1.pdf Graphic file (type pdf)
<use cap3-DistNorm_files/figure-pdf/unnamed-chunk-26-1.pdf>

Package fancyhdr Warning: \headheight is too small (18.125pt): 
(fancyhdr)                Make it at least 27.19379pt, for example:
(fancyhdr)                \setlength{\headheight}{27.19379pt}.
(fancyhdr)                You might also make \topmargin smaller:
(fancyhdr)                \addtolength{\topmargin}{-9.06879pt}.

[81]
File: fig/ValeuGalera.png Graphic file (type bmp)
<fig/ValeuGalera.png>

Package fancyhdr Warning: \headheight is too small (18.125pt): 
(fancyhdr)                Make it at least 27.19379pt, for example:
(fancyhdr)                \setlength{\headheight}{27.19379pt}.
(fancyhdr)                You might also make \topmargin smaller:
(fancyhdr)                \addtolength{\topmargin}{-9.06879pt}.

[82]
chapter 4.

Underfull \hbox (badness 1033) in paragraph at lines 4045--4051
[]\TU/LiberationSerif(0)/m/sc/12 Uma das atividades fundamentais da estatística é criar modelos que possam
 []

Missing character: There is no ▶ (U+25B6) in font Liberation Serif/OT:script=latn;language=dflt;mapping=tex-text;!
Missing character: There is no ▶ (U+25B6) in font Liberation Serif/OT:script=latn;language=dflt;mapping=tex-text;!
Missing character: There is no ▶ (U+25B6) in font Liberation Serif/OT:script=latn;language=dflt;mapping=tex-text;!
Missing character: There is no ▶ (U+25B6) in font Liberation Serif/OT:script=latn;language=dflt;mapping=tex-text;!

Underfull \hbox (badness 1852) in paragraph at lines 4082--4084
[]\TU/LiberationSerif(0)/m/sc/12 ▶Descrever diferentes medidas de tendência central e dispersão, como são
 []

Missing character: There is no ▶ (U+25B6) in font Liberation Serif/OT:script=latn;language=dflt;mapping=tex-text;!
Missing character: There is no ▶ (U+25B6) in font Liberation Serif/OT:script=latn;language=dflt;mapping=tex-text;!
Missing character: There is no ▶ (U+25B6) in font Liberation Serif/OT:script=latn;language=dflt;mapping=tex-text;!
[83

] [84]
File: cap5-pldr-modelos-dados_files/figure-pdf/unnamed-chunk-2-1.pdf Graphic file (type pdf)
<use cap5-pldr-modelos-dados_files/figure-pdf/unnamed-chunk-2-1.pdf>

Package fancyhdr Warning: \headheight is too small (18.125pt): 
(fancyhdr)                Make it at least 27.19379pt, for example:
(fancyhdr)                \setlength{\headheight}{27.19379pt}.
(fancyhdr)                You might also make \topmargin smaller:
(fancyhdr)                \addtolength{\topmargin}{-9.06879pt}.

[85]

Package fancyhdr Warning: \headheight is too small (18.125pt): 
(fancyhdr)                Make it at least 27.19379pt, for example:
(fancyhdr)                \setlength{\headheight}{27.19379pt}.
(fancyhdr)                You might also make \topmargin smaller:
(fancyhdr)                \addtolength{\topmargin}{-9.06879pt}.

[86]
Underfull \hbox (badness 2096) in paragraph at lines 4274--4281
\TU/LiberationSerif(0)/m/sc/12 candidato é a média aritmética (também chamada simplesmente de média, geralmente
 []


Underfull \hbox (badness 1888) in paragraph at lines 4286--4289
[]\TU/LiberationSerif(0)/m/sc/12 Acontece que, se usarmos a média aritmética como nosso estimador, o erro médio é
 []

File: cap5-pldr-modelos-dados_files/figure-pdf/unnamed-chunk-3-1.pdf Graphic file (type pdf)
<use cap5-pldr-modelos-dados_files/figure-pdf/unnamed-chunk-3-1.pdf>

Package fancyhdr Warning: \headheight is too small (18.125pt): 
(fancyhdr)                Make it at least 27.19379pt, for example:
(fancyhdr)                \setlength{\headheight}{27.19379pt}.
(fancyhdr)                You might also make \topmargin smaller:
(fancyhdr)                \addtolength{\topmargin}{-9.06879pt}.

[87]
File: cap5-pldr-modelos-dados_files/figure-pdf/unnamed-chunk-4-1.pdf Graphic file (type pdf)
<use cap5-pldr-modelos-dados_files/figure-pdf/unnamed-chunk-4-1.pdf>

Package fancyhdr Warning: \headheight is too small (18.125pt): 
(fancyhdr)                Make it at least 27.19379pt, for example:
(fancyhdr)                \setlength{\headheight}{27.19379pt}.
(fancyhdr)                You might also make \topmargin smaller:
(fancyhdr)                \addtolength{\topmargin}{-9.06879pt}.

[88]
Underfull \hbox (badness 1755) in paragraph at lines 4367--4369
[]\TU/LiberationSerif(0)/m/sc/12 Ao longo desta obra, os leitores verão \TU/LiberationSerif(0)/b/it/12 diversas formas comuns de sumarizar o erro
 []


Package fancyhdr Warning: \headheight is too small (18.125pt): 
(fancyhdr)                Make it at least 27.19379pt, for example:
(fancyhdr)                \setlength{\headheight}{27.19379pt}.
(fancyhdr)                You might also make \topmargin smaller:
(fancyhdr)                \addtolength{\topmargin}{-9.06879pt}.

[89]
Missing character: There is no ç ("E7) in font lmmi12!
Missing character: There is no ã ("E3) in font lmmi12!

Package fancyhdr Warning: \headheight is too small (18.125pt): 
(fancyhdr)                Make it at least 27.19379pt, for example:
(fancyhdr)                \setlength{\headheight}{27.19379pt}.
(fancyhdr)                You might also make \topmargin smaller:
(fancyhdr)                \addtolength{\topmargin}{-9.06879pt}.

[90]

Package fancyhdr Warning: \headheight is too small (18.125pt): 
(fancyhdr)                Make it at least 27.19379pt, for example:
(fancyhdr)                \setlength{\headheight}{27.19379pt}.
(fancyhdr)                You might also make \topmargin smaller:
(fancyhdr)                \addtolength{\topmargin}{-9.06879pt}.

[91]
File: cap5-pldr-modelos-dados_files/figure-pdf/unnamed-chunk-5-1.pdf Graphic file (type pdf)
<use cap5-pldr-modelos-dados_files/figure-pdf/unnamed-chunk-5-1.pdf>

Package fancyhdr Warning: \headheight is too small (18.125pt): 
(fancyhdr)                Make it at least 27.19379pt, for example:
(fancyhdr)                \setlength{\headheight}{27.19379pt}.
(fancyhdr)                You might also make \topmargin smaller:
(fancyhdr)                \addtolength{\topmargin}{-9.06879pt}.

[92]

Package fancyhdr Warning: \headheight is too small (18.125pt): 
(fancyhdr)                Make it at least 27.19379pt, for example:
(fancyhdr)                \setlength{\headheight}{27.19379pt}.
(fancyhdr)                You might also make \topmargin smaller:
(fancyhdr)                \addtolength{\topmargin}{-9.06879pt}.

[93]

Package fancyhdr Warning: \headheight is too small (18.125pt): 
(fancyhdr)                Make it at least 27.19379pt, for example:
(fancyhdr)                \setlength{\headheight}{27.19379pt}.
(fancyhdr)                You might also make \topmargin smaller:
(fancyhdr)                \addtolength{\topmargin}{-9.06879pt}.

[94]
File: cap5-pldr-modelos-dados_files/figure-pdf/unnamed-chunk-6-1.pdf Graphic file (type pdf)
<use cap5-pldr-modelos-dados_files/figure-pdf/unnamed-chunk-6-1.pdf>

Package fancyhdr Warning: \headheight is too small (18.125pt): 
(fancyhdr)                Make it at least 27.19379pt, for example:
(fancyhdr)                \setlength{\headheight}{27.19379pt}.
(fancyhdr)                You might also make \topmargin smaller:
(fancyhdr)                \addtolength{\topmargin}{-9.06879pt}.

[95]

Package fancyhdr Warning: \headheight is too small (18.125pt): 
(fancyhdr)                Make it at least 27.19379pt, for example:
(fancyhdr)                \setlength{\headheight}{27.19379pt}.
(fancyhdr)                You might also make \topmargin smaller:
(fancyhdr)                \addtolength{\topmargin}{-9.06879pt}.

[96]

Package fancyhdr Warning: \headheight is too small (18.125pt): 
(fancyhdr)                Make it at least 27.19379pt, for example:
(fancyhdr)                \setlength{\headheight}{27.19379pt}.
(fancyhdr)                You might also make \topmargin smaller:
(fancyhdr)                \addtolength{\topmargin}{-9.06879pt}.

[97]
File: cap5-pldr-modelos-dados_files/figure-pdf/unnamed-chunk-7-1.pdf Graphic file (type pdf)
<use cap5-pldr-modelos-dados_files/figure-pdf/unnamed-chunk-7-1.pdf>

Package fancyhdr Warning: \headheight is too small (18.125pt): 
(fancyhdr)                Make it at least 27.19379pt, for example:
(fancyhdr)                \setlength{\headheight}{27.19379pt}.
(fancyhdr)                You might also make \topmargin smaller:
(fancyhdr)                \addtolength{\topmargin}{-9.06879pt}.

[98]
Underfull \hbox (badness 2384) in paragraph at lines 4858--4863
[]\TU/LiberationSerif(0)/m/sc/12 Ainda que exista uma relação muito consistente entre o \TU/lmtt/m/n/12 desempenho no teste \TU/LiberationSerif(0)/m/sc/12 [Test
 []


Package fancyhdr Warning: \headheight is too small (18.125pt): 
(fancyhdr)                Make it at least 27.19379pt, for example:
(fancyhdr)                \setlength{\headheight}{27.19379pt}.
(fancyhdr)                You might also make \topmargin smaller:
(fancyhdr)                \addtolength{\topmargin}{-9.06879pt}.

[99]

Package fancyhdr Warning: \headheight is too small (18.125pt): 
(fancyhdr)                Make it at least 27.19379pt, for example:
(fancyhdr)                \setlength{\headheight}{27.19379pt}.
(fancyhdr)                You might also make \topmargin smaller:
(fancyhdr)                \addtolength{\topmargin}{-9.06879pt}.

[100]

Package fancyhdr Warning: \headheight is too small (18.125pt): 
(fancyhdr)                Make it at least 27.19379pt, for example:
(fancyhdr)                \setlength{\headheight}{27.19379pt}.
(fancyhdr)                You might also make \topmargin smaller:
(fancyhdr)                \addtolength{\topmargin}{-9.06879pt}.

[101]
File: cap5-pldr-modelos-dados_files/figure-pdf/unnamed-chunk-8-1.pdf Graphic file (type pdf)
<use cap5-pldr-modelos-dados_files/figure-pdf/unnamed-chunk-8-1.pdf>

Package fancyhdr Warning: \headheight is too small (18.125pt): 
(fancyhdr)                Make it at least 27.19379pt, for example:
(fancyhdr)                \setlength{\headheight}{27.19379pt}.
(fancyhdr)                You might also make \topmargin smaller:
(fancyhdr)                \addtolength{\topmargin}{-9.06879pt}.

[102]

Package fancyhdr Warning: \headheight is too small (18.125pt): 
(fancyhdr)                Make it at least 27.19379pt, for example:
(fancyhdr)                \setlength{\headheight}{27.19379pt}.
(fancyhdr)                You might also make \topmargin smaller:
(fancyhdr)                \addtolength{\topmargin}{-9.06879pt}.

[103]

Package fancyhdr Warning: \headheight is too small (18.125pt): 
(fancyhdr)                Make it at least 27.19379pt, for example:
(fancyhdr)                \setlength{\headheight}{27.19379pt}.
(fancyhdr)                You might also make \topmargin smaller:
(fancyhdr)                \addtolength{\topmargin}{-9.06879pt}.

[104]
File: cap5-pldr-modelos-dados_files/figure-pdf/unnamed-chunk-9-1.pdf Graphic file (type pdf)
<use cap5-pldr-modelos-dados_files/figure-pdf/unnamed-chunk-9-1.pdf>

Package fancyhdr Warning: \headheight is too small (18.125pt): 
(fancyhdr)                Make it at least 27.19379pt, for example:
(fancyhdr)                \setlength{\headheight}{27.19379pt}.
(fancyhdr)                You might also make \topmargin smaller:
(fancyhdr)                \addtolength{\topmargin}{-9.06879pt}.

[105]
File: fig/Poldrack-tab-5.2-renda-5-pessoas-bar-com-Beyonce.png Graphic file (type bmp)
<fig/Poldrack-tab-5.2-renda-5-pessoas-bar-com-Beyonce.png>

Package fancyhdr Warning: \headheight is too small (18.125pt): 
(fancyhdr)                Make it at least 27.19379pt, for example:
(fancyhdr)                \setlength{\headheight}{27.19379pt}.
(fancyhdr)                You might also make \topmargin smaller:
(fancyhdr)                \addtolength{\topmargin}{-9.06879pt}.

[106]
Underfull \hbox (badness 1430) in paragraph at lines 5256--5259
[]\TU/LiberationSerif(0)/m/sc/12 É possível observar isso no exemplo da renda: a renda mediana (US$65.000) é mais
 []


Package fancyhdr Warning: \headheight is too small (18.125pt): 
(fancyhdr)                Make it at least 27.19379pt, for example:
(fancyhdr)                \setlength{\headheight}{27.19379pt}.
(fancyhdr)                You might also make \topmargin smaller:
(fancyhdr)                \addtolength{\topmargin}{-9.06879pt}.

[107] [108]
File: fig/Poldrack-tab-5.3-estimativas-variancias-n-versus-n-1.png Graphic file (type bmp)
<fig/Poldrack-tab-5.3-estimativas-variancias-n-versus-n-1.png>

Package fancyhdr Warning: \headheight is too small (18.125pt): 
(fancyhdr)                Make it at least 27.19379pt, for example:
(fancyhdr)                \setlength{\headheight}{27.19379pt}.
(fancyhdr)                You might also make \topmargin smaller:
(fancyhdr)                \addtolength{\topmargin}{-9.06879pt}.

[109]
Underfull \hbox (badness 2189) in paragraph at lines 5387--5389
\TU/LiberationSerif(0)/m/sc/12 Sou defensor ferrenho do uso de []\TU/LiberationSerif(0)/b/n/12 simulações \TU/LiberationSerif(0)/m/sc/12 computacionais \TU/LiberationSerif(0)/b/it/12 para entender conceitos
 []

Missing character: There is no − ("2212) in font ectt1000!

Package fancyhdr Warning: \headheight is too small (18.125pt): 
(fancyhdr)                Make it at least 27.19379pt, for example:
(fancyhdr)                \setlength{\headheight}{27.19379pt}.
(fancyhdr)                You might also make \topmargin smaller:
(fancyhdr)                \addtolength{\topmargin}{-9.06879pt}.

[110]
Overfull \hbox (333.34856pt too wide) in paragraph at lines 5451--5451
[]\TU/lmtt/m/n/12 "https://raw.githubusercontent.com/statsthinking21/statsthinking21-figures-data/main/CrimeOneYearofData_clean.csv"[][],[]|  
 []

[111] [112]
File: cap5-pldr-modelos-dados_files/figure-pdf/unnamed-chunk-10-1.pdf Graphic file (type pdf)
<use cap5-pldr-modelos-dados_files/figure-pdf/unnamed-chunk-10-1.pdf>
[113] [114]
File: cap5-pldr-modelos-dados_files/figure-pdf/unnamed-chunk-11-1.pdf Graphic file (type pdf)
<use cap5-pldr-modelos-dados_files/figure-pdf/unnamed-chunk-11-1.pdf>
[115] [116]
File: cap5-pldr-modelos-dados_files/figure-pdf/unnamed-chunk-12-1.pdf Graphic file (type pdf)
<use cap5-pldr-modelos-dados_files/figure-pdf/unnamed-chunk-12-1.pdf>
[117] [118]
File: cap5-pldr-modelos-dados_files/figure-pdf/unnamed-chunk-13-1.pdf Graphic file (type pdf)
<use cap5-pldr-modelos-dados_files/figure-pdf/unnamed-chunk-13-1.pdf>
[119] [120] [121] [122]
File: cap5-pldr-modelos-dados_files/figure-pdf/unnamed-chunk-14-1.pdf Graphic file (type pdf)
<use cap5-pldr-modelos-dados_files/figure-pdf/unnamed-chunk-14-1.pdf>
[123]
File: cap5-pldr-modelos-dados_files/figure-pdf/unnamed-chunk-15-1.pdf Graphic file (type pdf)
<use cap5-pldr-modelos-dados_files/figure-pdf/unnamed-chunk-15-1.pdf>
[124]

Package fancyhdr Warning: \headheight is too small (18.125pt): 
(fancyhdr)                Make it at least 27.19379pt, for example:
(fancyhdr)                \setlength{\headheight}{27.19379pt}.
(fancyhdr)                You might also make \topmargin smaller:
(fancyhdr)                \addtolength{\topmargin}{-9.06879pt}.

[125]

Package fancyhdr Warning: \headheight is too small (18.125pt): 
(fancyhdr)                Make it at least 27.19379pt, for example:
(fancyhdr)                \setlength{\headheight}{27.19379pt}.
(fancyhdr)                You might also make \topmargin smaller:
(fancyhdr)                \addtolength{\topmargin}{-9.06879pt}.

[126]
File: cap5-pldr-modelos-dados_files/figure-pdf/unnamed-chunk-16-1.pdf Graphic file (type pdf)
<use cap5-pldr-modelos-dados_files/figure-pdf/unnamed-chunk-16-1.pdf>

Package fancyhdr Warning: \headheight is too small (18.125pt): 
(fancyhdr)                Make it at least 27.19379pt, for example:
(fancyhdr)                \setlength{\headheight}{27.19379pt}.
(fancyhdr)                You might also make \topmargin smaller:
(fancyhdr)                \addtolength{\topmargin}{-9.06879pt}.

[127]

Package fancyhdr Warning: \headheight is too small (18.125pt): 
(fancyhdr)                Make it at least 27.19379pt, for example:
(fancyhdr)                \setlength{\headheight}{27.19379pt}.
(fancyhdr)                You might also make \topmargin smaller:
(fancyhdr)                \addtolength{\topmargin}{-9.06879pt}.

[128]
File: cap5-pldr-modelos-dados_files/figure-pdf/unnamed-chunk-17-1.pdf Graphic file (type pdf)
<use cap5-pldr-modelos-dados_files/figure-pdf/unnamed-chunk-17-1.pdf>

Package fancyhdr Warning: \headheight is too small (18.125pt): 
(fancyhdr)                Make it at least 27.19379pt, for example:
(fancyhdr)                \setlength{\headheight}{27.19379pt}.
(fancyhdr)                You might also make \topmargin smaller:
(fancyhdr)                \addtolength{\topmargin}{-9.06879pt}.

[129]
Missing character: There is no ▶ (U+25B6) in font Liberation Serif/OT:script=latn;language=dflt;mapping=tex-text;!
Missing character: There is no ▶ (U+25B6) in font Liberation Serif/OT:script=latn;language=dflt;mapping=tex-text;!
Missing character: There is no ▶ (U+25B6) in font Liberation Serif/OT:script=latn;language=dflt;mapping=tex-text;!
Missing character: There is no ▶ (U+25B6) in font Liberation Serif/OT:script=latn;language=dflt;mapping=tex-text;!
Missing character: There is no ▶ (U+25B6) in font Liberation Serif/OT:script=latn;language=dflt;mapping=tex-text;!
Missing character: There is no ▶ (U+25B6) in font Liberation Serif/OT:script=latn;language=dflt;mapping=tex-text;!
Missing character: There is no ▶ (U+25B6) in font Liberation Serif/OT:script=latn;language=dflt;mapping=tex-text;!
Missing character: There is no ▶ (U+25B6) in font Liberation Serif/OT:script=latn;language=dflt;mapping=tex-text;!
Missing character: There is no ▶ (U+25B6) in font Liberation Serif/OT:script=latn;language=dflt;mapping=tex-text;!
Missing character: There is no ▶ (U+25B6) in font Liberation Serif/OT:script=latn;language=dflt;mapping=tex-text;!
Missing character: There is no ▶ (U+25B6) in font Liberation Serif/OT:script=latn;language=dflt;mapping=tex-text;!
Missing character: There is no ▶ (U+25B6) in font Liberation Serif/OT:script=latn;language=dflt;mapping=tex-text;!
Missing character: There is no ▶ (U+25B6) in font Liberation Serif/OT:script=latn;language=dflt;mapping=tex-text;!
Missing character: There is no ▶ (U+25B6) in font Liberation Serif/OT:script=latn;language=dflt;mapping=tex-text;!
Missing character: There is no ▶ (U+25B6) in font Liberation Serif/OT:script=latn;language=dflt;mapping=tex-text;!
Missing character: There is no ▶ (U+25B6) in font Liberation Serif/OT:script=latn;language=dflt;mapping=tex-text;!
Missing character: There is no ▶ (U+25B6) in font Liberation Serif/OT:script=latn;language=dflt;mapping=tex-text;!
Missing character: There is no ▶ (U+25B6) in font Liberation Serif/OT:script=latn;language=dflt;mapping=tex-text;!
Missing character: There is no ▶ (U+25B6) in font Liberation Serif/OT:script=latn;language=dflt;mapping=tex-text;!
Missing character: There is no ▶ (U+25B6) in font Liberation Serif/OT:script=latn;language=dflt;mapping=tex-text;!
Missing character: There is no ▶ (U+25B6) in font Liberation Serif/OT:script=latn;language=dflt;mapping=tex-text;!
Missing character: There is no ▶ (U+25B6) in font Liberation Serif/OT:script=latn;language=dflt;mapping=tex-text;!
Missing character: There is no ▶ (U+25B6) in font Liberation Serif/OT:script=latn;language=dflt;mapping=tex-text;!
Missing character: There is no ▶ (U+25B6) in font Liberation Serif/OT:script=latn;language=dflt;mapping=tex-text;!
Missing character: There is no ▶ (U+25B6) in font Liberation Serif/OT:script=latn;language=dflt;mapping=tex-text;!
Missing character: There is no ▶ (U+25B6) in font Liberation Serif/OT:script=latn;language=dflt;mapping=tex-text;!
Missing character: There is no ▶ (U+25B6) in font Liberation Serif/OT:script=latn;language=dflt;mapping=tex-text;!
Missing character: There is no ▶ (U+25B6) in font Liberation Serif/OT:script=latn;language=dflt;mapping=tex-text;!
Missing character: There is no ▶ (U+25B6) in font Liberation Serif/OT:script=latn;language=dflt;mapping=tex-text;!
Missing character: There is no ▶ (U+25B6) in font Liberation Serif/OT:script=latn;language=dflt;mapping=tex-text;!
Missing character: There is no ▶ (U+25B6) in font Liberation Serif/OT:script=latn;language=dflt;mapping=tex-text;!
Missing character: There is no ▶ (U+25B6) in font Liberation Serif/OT:script=latn;language=dflt;mapping=tex-text;!
Missing character: There is no ▶ (U+25B6) in font Liberation Serif/OT:script=latn;language=dflt;mapping=tex-text;!

Underfull \hbox (badness 1043) in paragraph at lines 6337--6340
[]\TU/LiberationSerif(0)/m/sc/12 No Capítulo 13, analisaremos a correlação mais detalhadamente; por ora, \TU/LiberationSerif(0)/m/it/12 simplesmente
 []

[130]
Underfull \hbox (badness 1275) in paragraph at lines 6347--6349
[]\TU/LiberationSerif(0)/m/sc/12 A Figura 10.4 ilustra exemplos de diversos níveis de correlação usando dados gerados
 []


Package fancyhdr Warning: \headheight is too small (18.125pt): 
(fancyhdr)                Make it at least 27.29926pt, for example:
(fancyhdr)                \setlength{\headheight}{27.29926pt}.
(fancyhdr)                You might also make \topmargin smaller:
(fancyhdr)                \addtolength{\topmargin}{-9.17426pt}.

[131]
File: cap5-pldr-modelos-dados_files/figure-pdf/unnamed-chunk-19-1.pdf Graphic file (type pdf)
<use cap5-pldr-modelos-dados_files/figure-pdf/unnamed-chunk-19-1.pdf>

Package fancyhdr Warning: \headheight is too small (18.125pt): 
(fancyhdr)                Make it at least 27.29926pt, for example:
(fancyhdr)                \setlength{\headheight}{27.29926pt}.
(fancyhdr)                You might also make \topmargin smaller:
(fancyhdr)                \addtolength{\topmargin}{-9.17426pt}.

[132] [133]
chapter 5.
[134

]
Overfull \hbox (8.23184pt too wide) in paragraph at lines 6507--6507
[] \TU/lmtt/m/n/12 $ PgtoGO_MPE : num [1:14] 1.65e+08 1.76e+08 2.05e+08 3.30e+08 4.53e+08 ...[] 
 []


Overfull \hbox (8.21979pt too wide) in paragraph at lines 6508--6508
[] \TU/lmtt/m/n/12 $ PIB        : num [1:14] 6.14e+07 7.14e+07 8.24e+07 9.29e+07 1.07e+08 ...[] 
 []


Package fancyhdr Warning: \headheight is too small (18.125pt): 
(fancyhdr)                Make it at least 27.19379pt, for example:
(fancyhdr)                \setlength{\headheight}{27.19379pt}.
(fancyhdr)                You might also make \topmargin smaller:
(fancyhdr)                \addtolength{\topmargin}{-9.06879pt}.

[135]
LaTeX Font Info:    Font shape `TU/LiberationSerif(0)/b/n' will be
(Font)              scaled to size 10.0pt on input line 6608.
LaTeX Font Info:    Font shape `TU/LiberationSerif(0)/b/it' will be
(Font)              scaled to size 10.0pt on input line 6608.
LaTeX Font Info:    Font shape `TU/LiberationSerif(0)/m/it' will be
(Font)              scaled to size 10.0pt on input line 6608.

Package fancyhdr Warning: \headheight is too small (18.125pt): 
(fancyhdr)                Make it at least 27.19379pt, for example:
(fancyhdr)                \setlength{\headheight}{27.19379pt}.
(fancyhdr)                You might also make \topmargin smaller:
(fancyhdr)                \addtolength{\topmargin}{-9.06879pt}.

[136]
File: fig/CAGED-2006-2019-MPE-x-demEmpresas-MinEcon.png Graphic file (type bmp)
<fig/CAGED-2006-2019-MPE-x-demEmpresas-MinEcon.png>

Package fancyhdr Warning: \headheight is too small (18.125pt): 
(fancyhdr)                Make it at least 27.19379pt, for example:
(fancyhdr)                \setlength{\headheight}{27.19379pt}.
(fancyhdr)                You might also make \topmargin smaller:
(fancyhdr)                \addtolength{\topmargin}{-9.06879pt}.

[137]
File: fig/MPE-participacao-PIB-Br-FGV-SEBRAE.png Graphic file (type bmp)
<fig/MPE-participacao-PIB-Br-FGV-SEBRAE.png>

Package fancyhdr Warning: \headheight is too small (18.125pt): 
(fancyhdr)                Make it at least 27.19379pt, for example:
(fancyhdr)                \setlength{\headheight}{27.19379pt}.
(fancyhdr)                You might also make \topmargin smaller:
(fancyhdr)                \addtolength{\topmargin}{-9.06879pt}.

[138]
File: images/clipboard-3769383876.png Graphic file (type bmp)
<images/clipboard-3769383876.png>
File: images/clipboard-1656164584.png Graphic file (type bmp)
<images/clipboard-1656164584.png>

Package fancyhdr Warning: \headheight is too small (18.125pt): 
(fancyhdr)                Make it at least 27.19379pt, for example:
(fancyhdr)                \setlength{\headheight}{27.19379pt}.
(fancyhdr)                You might also make \topmargin smaller:
(fancyhdr)                \addtolength{\topmargin}{-9.06879pt}.

[139]
File: Replicar-MPE-dados--correlacao_files/figure-pdf/unnamed-chunk-3-1.pdf Graphic file (type pdf)
<use Replicar-MPE-dados--correlacao_files/figure-pdf/unnamed-chunk-3-1.pdf>

Underfull \hbox (badness 2229) in paragraph at lines 6727--6731
[]\TU/LiberationSerif(0)/m/sc/12 Exibir o []\TU/LiberationSerif(0)/b/n/12 Nível [][]de [][]Significância \TU/LiberationSerif(0)/m/sc/12 dos \TU/LiberationSerif(0)/b/it/12 coeficientes de correlação \TU/LiberationSerif(0)/m/sc/12 acima através de um
 []


Package fancyhdr Warning: \headheight is too small (18.125pt): 
(fancyhdr)                Make it at least 27.19379pt, for example:
(fancyhdr)                \setlength{\headheight}{27.19379pt}.
(fancyhdr)                You might also make \topmargin smaller:
(fancyhdr)                \addtolength{\topmargin}{-9.06879pt}.

[140]

Package fancyhdr Warning: \headheight is too small (18.125pt): 
(fancyhdr)                Make it at least 27.19379pt, for example:
(fancyhdr)                \setlength{\headheight}{27.19379pt}.
(fancyhdr)                You might also make \topmargin smaller:
(fancyhdr)                \addtolength{\topmargin}{-9.06879pt}.

[141]
File: Replicar-MPE-dados--correlacao_files/figure-pdf/unnamed-chunk-4-1.pdf Graphic file (type pdf)
<use Replicar-MPE-dados--correlacao_files/figure-pdf/unnamed-chunk-4-1.pdf>

Underfull \hbox (badness 1215) in paragraph at lines 6805--6808
[]\TU/LiberationSerif(0)/m/sc/12 Há correlações que são \TU/LiberationSerif(0)/b/it/12 esperadas\TU/LiberationSerif(0)/m/sc/12 , como PIB e PIB_pc, entre PIB_pc e Pop ou entre
 []

File: images/clipboard-2788289314.png Graphic file (type bmp)
<images/clipboard-2788289314.png>

Overfull \hbox (8.91096pt too wide) in paragraph at lines 6821--6822
[][] 
 []


Package fancyhdr Warning: \headheight is too small (18.125pt): 
(fancyhdr)                Make it at least 27.19379pt, for example:
(fancyhdr)                \setlength{\headheight}{27.19379pt}.
(fancyhdr)                You might also make \topmargin smaller:
(fancyhdr)                \addtolength{\topmargin}{-9.06879pt}.

[142]
File: images/clipboard-862037786.png Graphic file (type bmp)
<images/clipboard-862037786.png>
File: fig/MPE-analise-Pareto-VRF.png Graphic file (type bmp)
<fig/MPE-analise-Pareto-VRF.png>

Package fancyhdr Warning: \headheight is too small (18.125pt): 
(fancyhdr)                Make it at least 27.19379pt, for example:
(fancyhdr)                \setlength{\headheight}{27.19379pt}.
(fancyhdr)                You might also make \topmargin smaller:
(fancyhdr)                \addtolength{\topmargin}{-9.06879pt}.

[143]
File: fig/MPE-proporcao-GO-contratadas-x-naoContr.png Graphic file (type bmp)
<fig/MPE-proporcao-GO-contratadas-x-naoContr.png>

Package fancyhdr Warning: \headheight is too small (18.125pt): 
(fancyhdr)                Make it at least 27.19379pt, for example:
(fancyhdr)                \setlength{\headheight}{27.19379pt}.
(fancyhdr)                You might also make \topmargin smaller:
(fancyhdr)                \addtolength{\topmargin}{-9.06879pt}.

[144]

Package fancyhdr Warning: \headheight is too small (18.125pt): 
(fancyhdr)                Make it at least 27.19379pt, for example:
(fancyhdr)                \setlength{\headheight}{27.19379pt}.
(fancyhdr)                You might also make \topmargin smaller:
(fancyhdr)                \addtolength{\topmargin}{-9.06879pt}.

[145]
File: Replicar-MPE-dados--correlacao_files/figure-pdf/unnamed-chunk-5-1.pdf Graphic file (type pdf)
<use Replicar-MPE-dados--correlacao_files/figure-pdf/unnamed-chunk-5-1.pdf>

Package fancyhdr Warning: \headheight is too small (18.125pt): 
(fancyhdr)                Make it at least 27.19379pt, for example:
(fancyhdr)                \setlength{\headheight}{27.19379pt}.
(fancyhdr)                You might also make \topmargin smaller:
(fancyhdr)                \addtolength{\topmargin}{-9.06879pt}.

[146]

Package fancyhdr Warning: \headheight is too small (18.125pt): 
(fancyhdr)                Make it at least 27.19379pt, for example:
(fancyhdr)                \setlength{\headheight}{27.19379pt}.
(fancyhdr)                You might also make \topmargin smaller:
(fancyhdr)                \addtolength{\topmargin}{-9.06879pt}.

[147]

Package fancyhdr Warning: \headheight is too small (18.125pt): 
(fancyhdr)                Make it at least 27.19379pt, for example:
(fancyhdr)                \setlength{\headheight}{27.19379pt}.
(fancyhdr)                You might also make \topmargin smaller:
(fancyhdr)                \addtolength{\topmargin}{-9.06879pt}.

[148]
File: Replicar-MPE-dados--correlacao_files/figure-pdf/unnamed-chunk-7-1.pdf Graphic file (type pdf)
<use Replicar-MPE-dados--correlacao_files/figure-pdf/unnamed-chunk-7-1.pdf>

Package fancyhdr Warning: \headheight is too small (18.125pt): 
(fancyhdr)                Make it at least 27.19379pt, for example:
(fancyhdr)                \setlength{\headheight}{27.19379pt}.
(fancyhdr)                You might also make \topmargin smaller:
(fancyhdr)                \addtolength{\topmargin}{-9.06879pt}.

[149]
File: Replicar-MPE-dados--correlacao_files/figure-pdf/unnamed-chunk-8-1.pdf Graphic file (type pdf)
<use Replicar-MPE-dados--correlacao_files/figure-pdf/unnamed-chunk-8-1.pdf>

Package fancyhdr Warning: \headheight is too small (18.125pt): 
(fancyhdr)                Make it at least 27.19379pt, for example:
(fancyhdr)                \setlength{\headheight}{27.19379pt}.
(fancyhdr)                You might also make \topmargin smaller:
(fancyhdr)                \addtolength{\topmargin}{-9.06879pt}.

[150]

Package fancyhdr Warning: \headheight is too small (18.125pt): 
(fancyhdr)                Make it at least 27.19379pt, for example:
(fancyhdr)                \setlength{\headheight}{27.19379pt}.
(fancyhdr)                You might also make \topmargin smaller:
(fancyhdr)                \addtolength{\topmargin}{-9.06879pt}.

[151]
File: Replicar-MPE-dados--correlacao_files/figure-pdf/unnamed-chunk-9-1.pdf Graphic file (type pdf)
<use Replicar-MPE-dados--correlacao_files/figure-pdf/unnamed-chunk-9-1.pdf>

Package fancyhdr Warning: \headheight is too small (18.125pt): 
(fancyhdr)                Make it at least 27.19379pt, for example:
(fancyhdr)                \setlength{\headheight}{27.19379pt}.
(fancyhdr)                You might also make \topmargin smaller:
(fancyhdr)                \addtolength{\topmargin}{-9.06879pt}.

[152]
File: Replicar-MPE-dados--correlacao_files/figure-pdf/unnamed-chunk-10-1.pdf Graphic file (type pdf)
<use Replicar-MPE-dados--correlacao_files/figure-pdf/unnamed-chunk-10-1.pdf>

Package fancyhdr Warning: \headheight is too small (18.125pt): 
(fancyhdr)                Make it at least 27.19379pt, for example:
(fancyhdr)                \setlength{\headheight}{27.19379pt}.
(fancyhdr)                You might also make \topmargin smaller:
(fancyhdr)                \addtolength{\topmargin}{-9.06879pt}.

[153]
File: Replicar-MPE-dados--correlacao_files/figure-pdf/unnamed-chunk-11-1.pdf Graphic file (type pdf)
<use Replicar-MPE-dados--correlacao_files/figure-pdf/unnamed-chunk-11-1.pdf>

Package fancyhdr Warning: \headheight is too small (18.125pt): 
(fancyhdr)                Make it at least 27.19379pt, for example:
(fancyhdr)                \setlength{\headheight}{27.19379pt}.
(fancyhdr)                You might also make \topmargin smaller:
(fancyhdr)                \addtolength{\topmargin}{-9.06879pt}.

[154]

Package fancyhdr Warning: \headheight is too small (18.125pt): 
(fancyhdr)                Make it at least 27.19379pt, for example:
(fancyhdr)                \setlength{\headheight}{27.19379pt}.
(fancyhdr)                You might also make \topmargin smaller:
(fancyhdr)                \addtolength{\topmargin}{-9.06879pt}.

[155]
chapter 6.

Underfull \hbox (badness 5036) in paragraph at lines 7375--7378
[]\TU/LiberationSerif(0)/m/sc/12 A maioria das pessoas conhece a ideia de correlação e, neste capítulo,
 []


Underfull \hbox (badness 2582) in paragraph at lines 7375--7378
\TU/LiberationSerif(0)/m/sc/12 apresentaremos uma compreensão mais formal desse conceito normalmente
 []

Missing character: There is no ▶ (U+25B6) in font Liberation Serif/OT:script=latn;language=dflt;mapping=tex-text;!
Missing character: There is no ▶ (U+25B6) in font Liberation Serif/OT:script=latn;language=dflt;mapping=tex-text;!
Missing character: There is no ▶ (U+25B6) in font Liberation Serif/OT:script=latn;language=dflt;mapping=tex-text;!
Missing character: There is no ▶ (U+25B6) in font Liberation Serif/OT:script=latn;language=dflt;mapping=tex-text;!
Missing character: There is no ▶ (U+25B6) in font Liberation Serif/OT:script=latn;language=dflt;mapping=tex-text;!
Missing character: There is no ▶ (U+25B6) in font Liberation Serif/OT:script=latn;language=dflt;mapping=tex-text;!
Missing character: There is no ▶ (U+25B6) in font Liberation Serif/OT:script=latn;language=dflt;mapping=tex-text;!
[156

]
Underfull \hbox (badness 1975) in paragraph at lines 7450--7452
[]\TU/LiberationSerif(0)/b/it/12 Constatamos que a desigualdade de renda foi o fator determinante mais
 []


Overfull \hbox (55.24861pt too wide) in paragraph at lines 7477--7477
| | | |[]\TU/lmtt/m/n/12 ggplot[][](hateCrimes,[][]aes[][](gini_index,avg_hatecrimes_per_100k_fbi,[][]label=[][]state_abb)) 
 []


Package fancyhdr Warning: \headheight is too small (18.125pt): 
(fancyhdr)                Make it at least 29.15082pt, for example:
(fancyhdr)                \setlength{\headheight}{29.15082pt}.
(fancyhdr)                You might also make \topmargin smaller:
(fancyhdr)                \addtolength{\topmargin}{-11.02582pt}.

[157]
File: cap13-pldr-model-rel-contin_files/figure-pdf/unnamed-chunk-2-1.pdf Graphic file (type pdf)
<use cap13-pldr-model-rel-contin_files/figure-pdf/unnamed-chunk-2-1.pdf>
[158]
Missing character: There is no â ("E2) in font lmmi12!
[159]
Underfull \hbox (badness 2020) in paragraph at lines 7605--7608
[]\TU/LiberationSerif(0)/m/sc/12 A []\TU/LiberationSerif(0)/b/n/12 correlação \TU/LiberationSerif(0)/m/sc/12 (\TU/LiberationSerif(0)/m/it/12 r\TU/LiberationSerif(0)/m/sc/12 ) é calculada \TU/LiberationSerif(0)/b/it/12 escalando a covariância pelos desvios-- padrão \TU/LiberationSerif(0)/m/sc/12 das \TU/LiberationSerif(0)/b/it/12 duas
 []

Missing character: There is no â ("E2) in font lmmi12!
[160]

Package fancyhdr Warning: \headheight is too small (18.125pt): 
(fancyhdr)                Make it at least 27.19379pt, for example:
(fancyhdr)                \setlength{\headheight}{27.19379pt}.
(fancyhdr)                You might also make \topmargin smaller:
(fancyhdr)                \addtolength{\topmargin}{-9.06879pt}.

[161]

Package fancyhdr Warning: \headheight is too small (18.125pt): 
(fancyhdr)                Make it at least 27.19379pt, for example:
(fancyhdr)                \setlength{\headheight}{27.19379pt}.
(fancyhdr)                You might also make \topmargin smaller:
(fancyhdr)                \addtolength{\topmargin}{-9.06879pt}.

[162]

Package fancyhdr Warning: \headheight is too small (18.125pt): 
(fancyhdr)                Make it at least 27.19379pt, for example:
(fancyhdr)                \setlength{\headheight}{27.19379pt}.
(fancyhdr)                You might also make \topmargin smaller:
(fancyhdr)                \addtolength{\topmargin}{-9.06879pt}.

[163]
File: cap13-pldr-model-rel-contin_files/figure-pdf/unnamed-chunk-5-1.pdf Graphic file (type pdf)
<use cap13-pldr-model-rel-contin_files/figure-pdf/unnamed-chunk-5-1.pdf>

Package fancyhdr Warning: \headheight is too small (18.125pt): 
(fancyhdr)                Make it at least 27.19379pt, for example:
(fancyhdr)                \setlength{\headheight}{27.19379pt}.
(fancyhdr)                You might also make \topmargin smaller:
(fancyhdr)                \addtolength{\topmargin}{-9.06879pt}.

[164]

Package fancyhdr Warning: \headheight is too small (18.125pt): 
(fancyhdr)                Make it at least 27.19379pt, for example:
(fancyhdr)                \setlength{\headheight}{27.19379pt}.
(fancyhdr)                You might also make \topmargin smaller:
(fancyhdr)                \addtolength{\topmargin}{-9.06879pt}.

[165]
File: cap13-pldr-model-rel-contin_files/figure-pdf/unnamed-chunk-6-1.pdf Graphic file (type pdf)
<use cap13-pldr-model-rel-contin_files/figure-pdf/unnamed-chunk-6-1.pdf>

Package fancyhdr Warning: \headheight is too small (18.125pt): 
(fancyhdr)                Make it at least 27.19379pt, for example:
(fancyhdr)                \setlength{\headheight}{27.19379pt}.
(fancyhdr)                You might also make \topmargin smaller:
(fancyhdr)                \addtolength{\topmargin}{-9.06879pt}.

[166]
Missing character: There is no ⟹ (U+27F9) in font Liberation Serif Bold/OT:script=latn;language=dflt;mapping=tex-text;!

Package fancyhdr Warning: \headheight is too small (18.125pt): 
(fancyhdr)                Make it at least 27.19379pt, for example:
(fancyhdr)                \setlength{\headheight}{27.19379pt}.
(fancyhdr)                You might also make \topmargin smaller:
(fancyhdr)                \addtolength{\topmargin}{-9.06879pt}.

[167]

Package fancyhdr Warning: \headheight is too small (18.125pt): 
(fancyhdr)                Make it at least 27.19379pt, for example:
(fancyhdr)                \setlength{\headheight}{27.19379pt}.
(fancyhdr)                You might also make \topmargin smaller:
(fancyhdr)                \addtolength{\topmargin}{-9.06879pt}.

[168]
Underfull \hbox (badness 1924) in paragraph at lines 8067--8069
[]\TU/LiberationSerif(0)/m/sc/12 Pela estatística de teste de Durbin-- Watson, que varia de zero (0,0) até 4,0, que haja
 []


Package fancyhdr Warning: \headheight is too small (18.125pt): 
(fancyhdr)                Make it at least 27.19379pt, for example:
(fancyhdr)                \setlength{\headheight}{27.19379pt}.
(fancyhdr)                You might also make \topmargin smaller:
(fancyhdr)                \addtolength{\topmargin}{-9.06879pt}.

[169]

Package fancyhdr Warning: \headheight is too small (18.125pt): 
(fancyhdr)                Make it at least 27.19379pt, for example:
(fancyhdr)                \setlength{\headheight}{27.19379pt}.
(fancyhdr)                You might also make \topmargin smaller:
(fancyhdr)                \addtolength{\topmargin}{-9.06879pt}.

[170]
chapter 7.

Underfull \hbox (badness 1033) in paragraph at lines 8089--8098
\TU/LiberationSerif(0)/m/sc/12 variáveis (como na regressão linear), estávamos especificamente interessados
 []

Missing character: There is no ▶ (U+25B6) in font Liberation Serif/OT:script=latn;language=dflt;mapping=tex-text;!
Missing character: There is no ▶ (U+25B6) in font Liberation Serif/OT:script=latn;language=dflt;mapping=tex-text;!
Missing character: There is no ▶ (U+25B6) in font Liberation Serif/OT:script=latn;language=dflt;mapping=tex-text;!
Missing character: There is no ▶ (U+25B6) in font Liberation Serif/OT:script=latn;language=dflt;mapping=tex-text;!
Missing character: There is no ▶ (U+25B6) in font Liberation Serif/OT:script=latn;language=dflt;mapping=tex-text;!
Missing character: There is no ▶ (U+25B6) in font Liberation Serif/OT:script=latn;language=dflt;mapping=tex-text;!
Missing character: There is no ▶ (U+25B6) in font Liberation Serif/OT:script=latn;language=dflt;mapping=tex-text;!
Missing character: There is no ▶ (U+25B6) in font Liberation Serif/OT:script=latn;language=dflt;mapping=tex-text;!
Missing character: There is no ▶ (U+25B6) in font Liberation Serif/OT:script=latn;language=dflt;mapping=tex-text;!
Missing character: There is no ▶ (U+25B6) in font Liberation Serif/OT:script=latn;language=dflt;mapping=tex-text;!
Missing character: There is no ▶ (U+25B6) in font Liberation Serif/OT:script=latn;language=dflt;mapping=tex-text;!
Missing character: There is no ▶ (U+25B6) in font Liberation Serif/OT:script=latn;language=dflt;mapping=tex-text;!
Missing character: There is no ▶ (U+25B6) in font Liberation Serif/OT:script=latn;language=dflt;mapping=tex-text;!
[171

]
Underfull \hbox (badness 3158) in paragraph at lines 8139--8153
\TU/LiberationSerif(0)/m/sc/12 análise de componentes principais e análise fatorial. Com frequência, a
 []


Underfull \hbox (badness 1472) in paragraph at lines 8154--8167
[]\TU/LiberationSerif(0)/m/sc/12 Uma informação que você descobrirá neste capítulo é que, no aprendizado
 []


Underfull \hbox (badness 1033) in paragraph at lines 8154--8167
\TU/LiberationSerif(0)/m/sc/12 uma resposta “correta” consensual. Diferentes métodos de aprendizado não
 []


Underfull \hbox (badness 2027) in paragraph at lines 8181--8189
\TU/LiberationSerif(0)/m/sc/12 correlatos. Os participantes realizaram uma bateria de testes cognitivos e
 []


Underfull \hbox (badness 1048) in paragraph at lines 8190--8197
\TU/LiberationSerif(0)/m/sc/12 uma ação e, nesse estudo, foi medida por meio de um conjunto de tarefas
 []

[172]
Underfull \hbox (badness 6348) in paragraph at lines 8198--8202
[]\TU/LiberationSerif(0)/m/sc/12 No conjunto de dados, existem quatro medidas diferentes de SSRT. A
 []


Underfull \hbox (badness 1603) in paragraph at lines 8198--8202
\TU/LiberationSerif(0)/b/it/12 impulsividade \TU/LiberationSerif(0)/m/sc/12 é definida como a tendência de tomar decisões por impulso,
 []


Underfull \hbox (badness 1502) in paragraph at lines 8207--8213
[]\TU/LiberationSerif(0)/m/sc/12 Após o cálculo dos escores para cada um dos 522 participantes do estudo
 []

[173]
LaTeX Font Info:    Font shape `TU/lmss/bx/it' in size <14.4> not available
(Font)              Font shape `TU/lmss/bx/sl' tried instead on input line 8279.

Overfull \hbox (401.32858pt too wide) in paragraph at lines 8286--8286
[]\TU/lmtt/m/n/12 read_csv[][]([][][]https://raw.githubusercontent.com/statsthinking21/statsthinking21-figures-data/main/Eisenberg/meaningful_variables.csv[][][],[]|  
 []


Overfull \hbox (388.96857pt too wide) in paragraph at lines 8288--8288
[]\TU/lmtt/m/n/12 read_csv[][]([][][]https://raw.githubusercontent.com/statsthinking21/statsthinking21-figures-data/main/Eisenberg/demographic_health.csv[][][],[]|  
 []

[174] [175]
File: cap16-pldr-EstMultiv_files/figure-pdf/unnamed-chunk-3-1.pdf Graphic file (type pdf)
<use cap16-pldr-EstMultiv_files/figure-pdf/unnamed-chunk-3-1.pdf>
[176]
File: cap16-pldr-EstMultiv_files/figure-pdf/unnamed-chunk-4-1.pdf Graphic file (type pdf)
<use cap16-pldr-EstMultiv_files/figure-pdf/unnamed-chunk-4-1.pdf>
[177]
chapter 8.
Missing character: There is no ▶ (U+25B6) in font Liberation Serif/OT:script=latn;language=dflt;mapping=tex-text;!
Missing character: There is no ▶ (U+25B6) in font Liberation Serif/OT:script=latn;language=dflt;mapping=tex-text;!
Missing character: There is no ▶ (U+25B6) in font Liberation Serif/OT:script=latn;language=dflt;mapping=tex-text;!
Missing character: There is no ▶ (U+25B6) in font Liberation Serif/OT:script=latn;language=dflt;mapping=tex-text;!
Missing character: There is no ▶ (U+25B6) in font Liberation Serif/OT:script=latn;language=dflt;mapping=tex-text;!
Missing character: There is no ▶ (U+25B6) in font Liberation Serif/OT:script=latn;language=dflt;mapping=tex-text;!
Missing character: There is no ▶ (U+25B6) in font Liberation Serif/OT:script=latn;language=dflt;mapping=tex-text;!
[178

] [179] [180] [181] [182] [183] [184]
File: cap6-moore-tab-dupla-entrada_files/figure-pdf/unnamed-chunk-5-1.pdf Graphic file (type pdf)
<use cap6-moore-tab-dupla-entrada_files/figure-pdf/unnamed-chunk-5-1.pdf>
File: cap6-moore-tab-dupla-entrada_files/figure-pdf/unnamed-chunk-5-2.pdf Graphic file (type pdf)
<use cap6-moore-tab-dupla-entrada_files/figure-pdf/unnamed-chunk-5-2.pdf>
File: cap6-moore-tab-dupla-entrada_files/figure-pdf/unnamed-chunk-5-3.pdf Graphic file (type pdf)
<use cap6-moore-tab-dupla-entrada_files/figure-pdf/unnamed-chunk-5-3.pdf>
[185]
File: cap6-moore-tab-dupla-entrada_files/figure-pdf/unnamed-chunk-5-4.pdf Graphic file (type pdf)
<use cap6-moore-tab-dupla-entrada_files/figure-pdf/unnamed-chunk-5-4.pdf>
[186] [187] [188] [189] [190] [191] [192] [193]
Underfull \hbox (badness 1320) in paragraph at lines 9168--9173
[]\TU/LiberationSerif(0)/m/sc/12 Fazendo isso para todas as quatro entradas na linha “Mulheres” obtemos a
 []

[194]
File: fig/Moore-tab-ex-6.3-comp-sexo-M-H-por-graus.png Graphic file (type bmp)
<fig/Moore-tab-ex-6.3-comp-sexo-M-H-por-graus.png>
[195] [196]
File: cap6-moore-tab-dupla-entrada_files/figure-pdf/unnamed-chunk-11-1.pdf Graphic file (type pdf)
<use cap6-moore-tab-dupla-entrada_files/figure-pdf/unnamed-chunk-11-1.pdf>

Underfull \hbox (badness 1609) in paragraph at lines 9307--9311
[]\TU/LiberationSerif(0)/m/sc/12 No entanto, em geral, as porcentagens podem não ter soma exatamente 100% porque
 []

[197] [198]
File: cap6-moore-tab-dupla-entrada_files/figure-pdf/unnamed-chunk-12-1.pdf Graphic file (type pdf)
<use cap6-moore-tab-dupla-entrada_files/figure-pdf/unnamed-chunk-12-1.pdf>
[199] [200]
File: cap6-moore-tab-dupla-entrada_files/figure-pdf/unnamed-chunk-13-1.pdf Graphic file (type pdf)
<use cap6-moore-tab-dupla-entrada_files/figure-pdf/unnamed-chunk-13-1.pdf>
[201] [202]
File: cap6-moore-tab-dupla-entrada_files/figure-pdf/unnamed-chunk-14-1.pdf Graphic file (type pdf)
<use cap6-moore-tab-dupla-entrada_files/figure-pdf/unnamed-chunk-14-1.pdf>
[203] [204]
File: cap6-moore-tab-dupla-entrada_files/figure-pdf/unnamed-chunk-15-1.pdf Graphic file (type pdf)
<use cap6-moore-tab-dupla-entrada_files/figure-pdf/unnamed-chunk-15-1.pdf>
[205] [206]
File: cap6-moore-tab-dupla-entrada_files/figure-pdf/unnamed-chunk-16-1.pdf Graphic file (type pdf)
<use cap6-moore-tab-dupla-entrada_files/figure-pdf/unnamed-chunk-16-1.pdf>
[207] [208]
File: cap6-moore-tab-dupla-entrada_files/figure-pdf/unnamed-chunk-17-1.pdf Graphic file (type pdf)
<use cap6-moore-tab-dupla-entrada_files/figure-pdf/unnamed-chunk-17-1.pdf>
[209] [210] [211]
File: cap6-moore-tab-dupla-entrada_files/figure-pdf/unnamed-chunk-18-1.pdf Graphic file (type pdf)
<use cap6-moore-tab-dupla-entrada_files/figure-pdf/unnamed-chunk-18-1.pdf>
[212] [213] [214]
File: cap6-moore-tab-dupla-entrada_files/figure-pdf/unnamed-chunk-19-1.pdf Graphic file (type pdf)
<use cap6-moore-tab-dupla-entrada_files/figure-pdf/unnamed-chunk-19-1.pdf>
[215] [216] [217]
File: cap6-moore-tab-dupla-entrada_files/figure-pdf/unnamed-chunk-20-1.pdf Graphic file (type pdf)
<use cap6-moore-tab-dupla-entrada_files/figure-pdf/unnamed-chunk-20-1.pdf>
[218] [219] [220] [221]
Overfull \hbox (8.25581pt too wide) in paragraph at lines 10296--10296
[]    \TU/lmtt/m/n/12 2-sample test for equality of proportions without continuity correction[] 
 []

[222]
Overfull \hbox (119.48373pt too wide) in paragraph at lines 10309--10309
[]\TU/lmtt/m/n/12 p = 0.0097 < 0.05: evidência de que a proporção de mulheres é maior em 25-34 do que em 20-24.[] 
 []

File: cap6-moore-tab-dupla-entrada_files/figure-pdf/unnamed-chunk-21-1.pdf Graphic file (type pdf)
<use cap6-moore-tab-dupla-entrada_files/figure-pdf/unnamed-chunk-21-1.pdf>
[223] [224] [225]
Overfull \hbox (8.25581pt too wide) in paragraph at lines 10453--10453
[]    \TU/lmtt/m/n/12 2-sample test for equality of proportions without continuity correction[] 
 []

[226]
Overfull \hbox (8.25581pt too wide) in paragraph at lines 10470--10470
[]    \TU/lmtt/m/n/12 2-sample test for equality of proportions without continuity correction[] 
 []


Overfull \hbox (8.25581pt too wide) in paragraph at lines 10491--10491
[]    \TU/lmtt/m/n/12 2-sample test for equality of proportions without continuity correction[] 
 []


Overfull \hbox (162.75574pt too wide) in paragraph at lines 10504--10504
[]\TU/lmtt/m/n/12 - Em cada estrato (Leve e Grave) a taxa de sobrevivência do Helicóptero é maior que a da Ambulância.[] 
 []


Overfull \hbox (224.55574pt too wide) in paragraph at lines 10505--10505
[]\TU/lmtt/m/n/12 - No entanto, devido à distribuição muito diferente do número de pacientes entre estratos para cada transporte[] 
 []


Overfull \hbox (144.21576pt too wide) in paragraph at lines 10506--10506
[]  \TU/lmtt/m/n/12 (ambulância atende muitos casos no estrato com alta taxa), a taxa global da Ambulância é maior.[] 
 []


Overfull \hbox (218.37572pt too wide) in paragraph at lines 10507--10507
[]\TU/lmtt/m/n/12 - Esse é o Paradoxo de Simpson: a tendência observada em cada estrato pode ser invertida ao agregar os dados.[] 
 []

[227]
File: cap6-moore-tab-dupla-entrada_files/figure-pdf/unnamed-chunk-22-1.pdf Graphic file (type pdf)
<use cap6-moore-tab-dupla-entrada_files/figure-pdf/unnamed-chunk-22-1.pdf>
[228] [229] [230]
Overfull \hbox (107.13574pt too wide) in paragraph at lines 10651--10651
[]\TU/lmtt/m/n/12 P(Resposta | Idade) — probabilidade de []Sim[] ou []Não[] dado a faixa etária (linhas somam 1):[] 
 []


Overfull \hbox (113.31575pt too wide) in paragraph at lines 10665--10665
[]\TU/lmtt/m/n/12 P(Idade | Resposta) — distribuição etária entre quem disse []Sim[] ou []Não[] (colunas somam 1):[] 
 []

[231] [232]
File: cap6-moore-tab-dupla-entrada_files/figure-pdf/unnamed-chunk-24-1.pdf Graphic file (type pdf)
<use cap6-moore-tab-dupla-entrada_files/figure-pdf/unnamed-chunk-24-1.pdf>
File: cap6-moore-tab-dupla-entrada_files/figure-pdf/unnamed-chunk-24-2.pdf Graphic file (type pdf)
<use cap6-moore-tab-dupla-entrada_files/figure-pdf/unnamed-chunk-24-2.pdf>
[233] [234]
chapter 9.
Missing character: There is no ▶ (U+25B6) in font Liberation Serif/OT:script=latn;language=dflt;mapping=tex-text;!
Missing character: There is no ▶ (U+25B6) in font Liberation Serif/OT:script=latn;language=dflt;mapping=tex-text;!
Missing character: There is no ▶ (U+25B6) in font Liberation Serif/OT:script=latn;language=dflt;mapping=tex-text;!
Missing character: There is no ▶ (U+25B6) in font Liberation Serif/OT:script=latn;language=dflt;mapping=tex-text;!
Missing character: There is no ▶ (U+25B6) in font Liberation Serif/OT:script=latn;language=dflt;mapping=tex-text;!
Missing character: There is no ▶ (U+25B6) in font Liberation Serif/OT:script=latn;language=dflt;mapping=tex-text;!
Missing character: There is no ▶ (U+25B6) in font Liberation Serif/OT:script=latn;language=dflt;mapping=tex-text;!
Missing character: There is no ▶ (U+25B6) in font Liberation Serif/OT:script=latn;language=dflt;mapping=tex-text;!
Missing character: There is no ▶ (U+25B6) in font Liberation Serif/OT:script=latn;language=dflt;mapping=tex-text;!
Missing character: There is no ▶ (U+25B6) in font Liberation Serif/OT:script=latn;language=dflt;mapping=tex-text;!
Missing character: There is no ▶ (U+25B6) in font Liberation Serif/OT:script=latn;language=dflt;mapping=tex-text;!

Overfull \hbox (5.80847pt too wide) in paragraph at lines 10821--10821
[]\TU/lmtt/m/n/12 c[][]([][]"Abril"[][],[][]"Abril"[][],[][]"Maio"[][],[][]"Maio"[][],[][]"Junho"[][],[][]"Junho"[][],[][]"Julho"[][],[][]"Julho"[][],[]|  
 []


Overfull \hbox (30.52847pt too wide) in paragraph at lines 10822--10822
[]\TU/lmtt/m/n/12 "Agosto"[][],[][]"Agosto"[][],[][]"Setembro"[][],[][]"Setembro"[][],[][]"Outubro"[][],[][]"Outubro"[][],[]|  
 []


Overfull \hbox (104.68854pt too wide) in paragraph at lines 10824--10824
[]\TU/lmtt/m/n/12 c[][]([][]"Controle"[][],[][]"Experimental"[][],[][]"Controle"[][],[][]"Experimental"[][],[][]"Controle"[][],[][]"Experimental"[][],[]|  
 []


Overfull \hbox (154.12848pt too wide) in paragraph at lines 10825--10825
[]\TU/lmtt/m/n/12 "Controle"[][],[][]"Experimental"[][],[][]"Controle"[][],[][]"Experimental"[][],[][]"Controle"[][],[][]"Experimental"[][],[]|  
 []


Overfull \hbox (160.30847pt too wide) in paragraph at lines 10826--10826
[]\TU/lmtt/m/n/12 "Controle"[][],[][]"Experimental"[][],[][]"Controle"[][],[][]"Experimental"[][],[][]"Controle"[][],[][]"Experimental"[][]),[]|  
 []

[235

] [236] [237]
Overfull \hbox (123.2285pt too wide) in paragraph at lines 10994--10994
[]\TU/lmtt/m/n/12 c[][]([][]"Abril"[][],[][]"Maio"[][],[][]"Junho"[][],[][]"Julho"[][],[][]"Agosto"[][],[][]"Setembro"[][],[][]"Outubro"[][],[][]"Novembro"[][],[][]"Dezembro"[][])[]|  
 []

[238] [239] [240] [241] [242] [243] [244]
Overfull \hbox (2.00375pt too wide) in paragraph at lines 11217--11217
[]\TU/lmtt/m/n/12 Abril     : chi2 = 9.89, p = 0.001662 (Controle: 35/66, Tratamento: 20/74)[] 
 []


Overfull \hbox (8.21974pt too wide) in paragraph at lines 11218--11218
[]\TU/lmtt/m/n/12 Maio      : chi2 = 11.56, p = 0.0006749 (Controle: 17/33, Tratamento: 7/45)[] 
 []


Overfull \hbox (8.24374pt too wide) in paragraph at lines 11220--11220
[]\TU/lmtt/m/n/12 Julho     : chi2 = 18.25, p = 1.934e-05 (Controle: 20/34, Tratamento: 4/37)[] 
 []


Overfull \hbox (14.3638pt too wide) in paragraph at lines 11224--11224
[]\TU/lmtt/m/n/12 Novembro  : chi2 = 19.60, p = 9.534e-06 (Controle: 16/24, Tratamento: 10/59)[] 
 []

[245] [246] [247]
File: replicar-suco-uva-tab-graf_files/figure-pdf/unnamed-chunk-3-1.pdf Graphic file (type pdf)
<use replicar-suco-uva-tab-graf_files/figure-pdf/unnamed-chunk-3-1.pdf>
[248] [249] [250] [251]
File: replicar-suco-uva-tab-graf_files/figure-pdf/unnamed-chunk-4-1.pdf Graphic file (type pdf)
<use replicar-suco-uva-tab-graf_files/figure-pdf/unnamed-chunk-4-1.pdf>
[252] [253] [254] [255]
File: replicar-suco-uva-tab-graf_files/figure-pdf/unnamed-chunk-5-1.pdf Graphic file (type pdf)
<use replicar-suco-uva-tab-graf_files/figure-pdf/unnamed-chunk-5-1.pdf>
[256] [257] [258]
File: fig/dados-ingestao-suco-uva-GT.png Graphic file (type bmp)
<fig/dados-ingestao-suco-uva-GT.png>
[259]
Overfull \hbox (5.8085pt too wide) in paragraph at lines 11881--11881
[]\TU/lmtt/m/n/12 c[][]([][]"not_n"[][],[][]"nao_n"[][],[][]"nao"[][],[][]"nao_ingere"[][],[][]"nao_ingere"[][],[][]"not"[][],[][]"not_ing"[][])[]|  
 []


Overfull \hbox (123.2285pt too wide) in paragraph at lines 11946--11946
[]\TU/lmtt/m/n/12 c[][]([][]"Abril"[][],[][]"Maio"[][],[][]"Junho"[][],[][]"Julho"[][],[][]"Agosto"[][],[][]"Setembro"[][],[][]"Outubro"[][],[][]"Novembro"[][],[][]"Dezembro"[][])[]|  
 []

[260] [261] [262] [263]
File: replicar-suco-uva-tab-graf_files/figure-pdf/unnamed-chunk-7-1.pdf Graphic file (type pdf)
<use replicar-suco-uva-tab-graf_files/figure-pdf/unnamed-chunk-7-1.pdf>
[264] [265] [266]
Overfull \hbox (14.43576pt too wide) in paragraph at lines 12130--12130
[]         \TU/lmtt/m/n/12 Grupo Conciliador.A Conciliador.B Conciliador.C Conciliador.D Total[] 
 []


Overfull \hbox (14.43549pt too wide) in paragraph at lines 12131--12131
[]\TU/lmtt/m/n/12 1     Controle            35            28            21            21   105[] 
 []


Overfull \hbox (14.39955pt too wide) in paragraph at lines 12132--12132
[]\TU/lmtt/m/n/12 2     Esperado          19.6          21.3          28.1          36.0 105.0[] 
 []


Overfull \hbox (14.39952pt too wide) in paragraph at lines 12133--12133
[]\TU/lmtt/m/n/12 3 Experimental            25            37            65            89   216[] 
 []


Overfull \hbox (14.41156pt too wide) in paragraph at lines 12134--12134
[]\TU/lmtt/m/n/12 4     Esperado          40.4          43.7          57.9          74.0 216.0[] 
 []


Overfull \hbox (14.39949pt too wide) in paragraph at lines 12135--12135
[]\TU/lmtt/m/n/12 5        Total            60            65            86           110   321[] 
 []

[267] [268] [269] [270] [271] [272]
File: replicar-suco-uva-tab-graf_files/figure-pdf/unnamed-chunk-9-1.pdf Graphic file (type pdf)
<use replicar-suco-uva-tab-graf_files/figure-pdf/unnamed-chunk-9-1.pdf>
[273] [274]
chapter 10.
Missing character: There is no ▶ (U+25B6) in font Liberation Serif/OT:script=latn;language=dflt;mapping=tex-text;!

Underfull \hbox (badness 2884) in paragraph at lines 12392--12395
[]\TU/LiberationSerif(0)/m/sc/12 ▶ 16.1 Usar os []\TU/LiberationSerif(0)/b/n/12 princípios \TU/LiberationSerif(0)/m/sc/12 da []\TU/LiberationSerif(0)/b/n/12 inferência \TU/LiberationSerif(0)/m/sc/12 e []\TU/LiberationSerif(0)/b/n/12 estimação \TU/LiberationSerif(0)/m/sc/12 estatísticas para a
 []

Missing character: There is no ▶ (U+25B6) in font Liberation Serif/OT:script=latn;language=dflt;mapping=tex-text;!
Missing character: There is no ▶ (U+25B6) in font Liberation Serif/OT:script=latn;language=dflt;mapping=tex-text;!
Missing character: There is no ▶ (U+25B6) in font Liberation Serif/OT:script=latn;language=dflt;mapping=tex-text;!
Missing character: There is no ▶ (U+25B6) in font Liberation Serif/OT:script=latn;language=dflt;mapping=tex-text;!
Missing character: There is no ▶ (U+25B6) in font Liberation Serif/OT:script=latn;language=dflt;mapping=tex-text;!
Missing character: There is no ▶ (U+25B6) in font Liberation Serif/OT:script=latn;language=dflt;mapping=tex-text;!

Underfull \hbox (badness 3568) in paragraph at lines 12419--12424
\TU/LiberationSerif(0)/m/sc/12 AASs se comportam e o que uma estatística (em particular, uma média
 []

[275

]
Underfull \hbox (badness 1946) in paragraph at lines 12482--12485
[]\TU/LiberationSerif(0)/m/sc/12 A condição de que a população seja grande em relação ao tamanho da amostra será
 []

Missing character: There is no σ ("3C3) in font ectt1000!
[276] [277] [278]
File: cap16-moore-IC-o-basico_files/figure-pdf/unnamed-chunk-2-1.pdf Graphic file (type pdf)
<use cap16-moore-IC-o-basico_files/figure-pdf/unnamed-chunk-2-1.pdf>
[279] [280] [281] [282] [283] [284]
File: cap16-moore-IC-o-basico_files/figure-pdf/unnamed-chunk-4-1.pdf Graphic file (type pdf)
<use cap16-moore-IC-o-basico_files/figure-pdf/unnamed-chunk-4-1.pdf>
[285] [286] [287] [288]
File: cap16-moore-IC-o-basico_files/figure-pdf/unnamed-chunk-5-1.pdf Graphic file (type pdf)
<use cap16-moore-IC-o-basico_files/figure-pdf/unnamed-chunk-5-1.pdf>
File: cap16-moore-IC-o-basico_files/figure-pdf/unnamed-chunk-6-1.pdf Graphic file (type pdf)
<use cap16-moore-IC-o-basico_files/figure-pdf/unnamed-chunk-6-1.pdf>
[289] [290] [291] [292] [293]
File: cap16-moore-IC-o-basico_files/figure-pdf/unnamed-chunk-7-1.pdf Graphic file (type pdf)
<use cap16-moore-IC-o-basico_files/figure-pdf/unnamed-chunk-7-1.pdf>

Underfull \hbox (badness 2012) in paragraph at lines 13260--13262
[]\TU/LiberationSerif(0)/m/sc/12 Todavia, na simulação acima, todos os 20 IC-- 95% caputaram o verdadeiro parâmetro
 []

[294]
chapter 11.
Missing character: There is no ▶ (U+25B6) in font Liberation Serif/OT:script=latn;language=dflt;mapping=tex-text;!
Missing character: There is no ▶ (U+25B6) in font Liberation Serif/OT:script=latn;language=dflt;mapping=tex-text;!
Missing character: There is no ▶ (U+25B6) in font Liberation Serif/OT:script=latn;language=dflt;mapping=tex-text;!
Missing character: There is no ▶ (U+25B6) in font Liberation Serif/OT:script=latn;language=dflt;mapping=tex-text;!
Missing character: There is no ▶ (U+25B6) in font Liberation Serif/OT:script=latn;language=dflt;mapping=tex-text;!
Missing character: There is no ▶ (U+25B6) in font Liberation Serif/OT:script=latn;language=dflt;mapping=tex-text;!
Missing character: There is no ▶ (U+25B6) in font Liberation Serif/OT:script=latn;language=dflt;mapping=tex-text;!
Missing character: There is no ▶ (U+25B6) in font Liberation Serif/OT:script=latn;language=dflt;mapping=tex-text;!
Missing character: There is no ▶ (U+25B6) in font Liberation Serif/OT:script=latn;language=dflt;mapping=tex-text;!
[295

]
Underfull \hbox (badness 1946) in paragraph at lines 13373--13377
[]\TU/LiberationSerif(0)/m/sc/12 A condição de que a população seja grande em relação ao tamanho da amostra será
 []

[296] [297]
Underfull \hbox (badness 1009) in paragraph at lines 13514--13518
[]\TU/LiberationSerif(0)/b/n/12 questionamento \TU/LiberationSerif(0)/m/sc/12 do que []\TU/LiberationSerif(0)/b/n/12 ocorreria [][]se [][]repetíssemos [][]a [][]amostra [][]ou [][]experimento [][]muitas
 []

[298]
Overfull \hbox (6.06187pt too wide) in paragraph at lines 13584--13586
[]\TU/LiberationSerif(0)/m/sc/12 Esses dados são uma []\TU/LiberationSerif(0)/b/n/12 boa [][]evidência \TU/LiberationSerif(0)/m/sc/12 de que o refrigerante perdeu doçura com o armazenamento? 
 []

[299] [300]
File: cap17-moore-TSHN-o-basico_files/figure-pdf/unnamed-chunk-1-1.pdf Graphic file (type pdf)
<use cap17-moore-TSHN-o-basico_files/figure-pdf/unnamed-chunk-1-1.pdf>
[301] [302] [303]
File: cap17-moore-TSHN-o-basico_files/figure-pdf/unnamed-chunk-2-1.pdf Graphic file (type pdf)
<use cap17-moore-TSHN-o-basico_files/figure-pdf/unnamed-chunk-2-1.pdf>
[304]
chapter 12.

Underfull \hbox (badness 1902) in paragraph at lines 13831--13836
[]\TU/LiberationSerif(0)/m/sc/12 Você pode dizer quão forte é a evidência contra minha afirmativa, fornecendo a
 []

[305

] [306]
Missing character: There is no μ (U+03BC) in font [lmmono12-regular]:!
Missing character: There is no μ (U+03BC) in font [lmmono12-regular]:!
Missing character: There is no ₁ (U+2081) in font [lmmono12-regular]:!
Missing character: There is no μ (U+03BC) in font [lmmono12-regular]:!
Missing character: There is no ₁ (U+2081) in font [lmmono12-regular]:!
Missing character: There is no μ (U+03BC) in font [lmmono12-regular]:!
Missing character: There is no α (U+03B1) in font [lmmono12-regular]:!
Missing character: There is no α (U+03B1) in font [lmmono12-regular]:!
Missing character: There is no α (U+03B1) in font [lmmono12-regular]:!
Missing character: There is no α (U+03B1) in font [lmmono12-regular]:!
Missing character: There is no ₀ (U+2080) in font [lmmono12-regular]:!
Missing character: There is no μ (U+03BC) in font [lmmono12-regular]:!
Missing character: There is no ₀ (U+2080) in font [lmmono12-regular]:!
Missing character: There is no μ (U+03BC) in font [lmmono12-regular]:!
Missing character: There is no σ (U+03C3) in font [lmmono12-regular]:!
Missing character: There is no σ (U+03C3) in font [lmmono12-regular]:!
Missing character: There is no σ (U+03C3) in font [lmmono12-regular]:!
Missing character: There is no σ (U+03C3) in font [lmmono12-regular]:!
Missing character: There is no α (U+03B1) in font [lmmono12-regular]:!
Missing character: There is no ₁ (U+2081) in font [lmmono12-regular]:!
Missing character: There is no μ (U+03BC) in font [lmmono12-regular]:!
Missing character: There is no α (U+03B1) in font [lmmono12-regular]:!
Missing character: There is no ₁ (U+2081) in font [lmmono12-regular]:!
Missing character: There is no μ (U+03BC) in font [lmmono12-regular]:!
Missing character: There is no ₀ (U+2080) in font [lmmono12-regular]:!
Missing character: There is no μ (U+03BC) in font [lmmono12-regular]:!
Missing character: There is no ₀ (U+2080) in font [lmmono12-regular]:!
Missing character: There is no μ (U+03BC) in font [lmmono12-regular]:!
Missing character: There is no ₀ (U+2080) in font [lmmono12-regular]:!
Missing character: There is no μ (U+03BC) in font [lmmono12-regular]:!
Missing character: There is no ₁ (U+2081) in font [lmmono12-regular]:!
Missing character: There is no μ (U+03BC) in font [lmmono12-regular]:!
Missing character: There is no ₀ (U+2080) in font [lmmono12-regular]:!
Missing character: There is no μ (U+03BC) in font [lmmono12-regular]:!
Missing character: There is no ₁ (U+2081) in font [lmmono12-regular]:!
Missing character: There is no μ (U+03BC) in font [lmmono12-regular]:!
Missing character: There is no α (U+03B1) in font [lmmono12-regular]:!
Missing character: There is no α (U+03B1) in font [lmmono12-regular]:!
Missing character: There is no ₀ (U+2080) in font [lmmono12-regular]:!
Missing character: There is no μ (U+03BC) in font [lmmono12-regular]:!
Missing character: There is no ₀ (U+2080) in font [lmmono12-regular]:!
Missing character: There is no μ (U+03BC) in font [lmmono12-regular]:!
Missing character: There is no ₁ (U+2081) in font [lmmono12-regular]:!
Missing character: There is no ₁ (U+2081) in font [lmmono12-regular]:!
Missing character: There is no ₂ (U+2082) in font [lmmono12-regular]:!
Missing character: There is no ₂ (U+2082) in font [lmmono12-regular]:!
Missing character: There is no ₀ (U+2080) in font [lmmono12-regular]:!
Missing character: There is no μ (U+03BC) in font [lmmono12-regular]:!
Missing character: There is no ₁ (U+2081) in font [lmmono12-regular]:!
Missing character: There is no μ (U+03BC) in font [lmmono12-regular]:!
Missing character: There is no ₀ (U+2080) in font [lmmono12-regular]:!
Missing character: There is no μ (U+03BC) in font [lmmono12-regular]:!
Missing character: There is no ₁ (U+2081) in font [lmmono12-regular]:!
Missing character: There is no μ (U+03BC) in font [lmmono12-regular]:!
Missing character: There is no α (U+03B1) in font [lmmono12-regular]:!
Missing character: There is no α (U+03B1) in font [lmmono12-regular]:!
Missing character: There is no ₀ (U+2080) in font [lmmono12-regular]:!
Missing character: There is no ₀ (U+2080) in font [lmmono12-regular]:!
Missing character: There is no ₀ (U+2080) in font [lmmono12-regular]:!
Missing character: There is no ₀ (U+2080) in font [lmmono12-regular]:!
Missing character: There is no ₀ (U+2080) in font [lmmono12-regular]:!
Missing character: There is no ₀ (U+2080) in font [lmmono12-regular]:!
Missing character: There is no ₀ (U+2080) in font [lmmono12-regular]:!
Missing character: There is no ₀ (U+2080) in font [lmmono12-regular]:!

Overfull \hbox (188.07802pt too wide) in paragraph at lines 14184--14184
[] \TU/lmtt/m/n/12 = = = = = = = = = = = = = = = = = = = = = = = = = = = = = = = = = = = = = = = = = = = = = = = = = =[] 
 []


Overfull \hbox (181.89803pt too wide) in paragraph at lines 14186--14186
[]\TU/lmtt/m/n/12 = = = = = = = = = = = = = = = = = = = = = = = = = = = = = = = = = = = = = = = = = = = = = = = = = =[] 
 []

Missing character: There is no ₀ (U+2080) in font [lmmono12-regular]:!
Missing character: There is no μ (U+03BC) in font [lmmono12-regular]:!
Missing character: There is no ₁ (U+2081) in font [lmmono12-regular]:!
Missing character: There is no μ (U+03BC) in font [lmmono12-regular]:!
Missing character: There is no α (U+03B1) in font [lmmono12-regular]:!
Missing character: There is no ₀ (U+2080) in font [lmmono12-regular]:!
Missing character: There is no ₀ (U+2080) in font [lmmono12-regular]:!
File: cap17-LO-testes-significancia-basico_files/figure-pdf/unnamed-chunk-1-1.pdf Graphic file (type pdf)
<use cap17-LO-testes-significancia-basico_files/figure-pdf/unnamed-chunk-1-1.pdf>
File: cap17-LO-testes-significancia-basico_files/figure-pdf/unnamed-chunk-1-2.pdf Graphic file (type pdf)
<use cap17-LO-testes-significancia-basico_files/figure-pdf/unnamed-chunk-1-2.pdf>
[307]

Package tcolorbox Warning: The upper box part has become overfull on input line 14210.

[308] [309] [310] [311]
Underfull \hbox (badness 1430) in paragraph at lines 14299--14302
[]\TU/LiberationSerif(0)/m/sc/12 A \TU/LiberationSerif(0)/b/it/12 hipótese alternativa \TU/LiberationSerif(0)/m/sc/12 é \TU/LiberationSerif(0)/b/it/12 unilateral \TU/LiberationSerif(0)/m/sc/12 porque estamos interessados apenas em saber se o
 []

[312]
Underfull \hbox (badness 1661) in paragraph at lines 14402--14404
[]\TU/LiberationSerif(0)/m/sc/12 Muitos usuários de estatística consideram valores menores do que 0,05 ou 0,01 como
 []


Underfull \hbox (badness 2197) in paragraph at lines 14417--14421
[]\TU/LiberationSerif(0)/m/sc/12 O experimento apresentado nos Exemplos 17.2 e 17.3 realmente comparava dois
 []

[313] [314] [315] [316] [317]
Underfull \hbox (badness 1297) in paragraph at lines 14775--14777
[]\TU/LiberationSerif(0)/b/n/12 Teste de significância completo\TU/LiberationSerif(0)/m/sc/12 : Realize o processo de quatro passos para
 []

[318]
chapter 13.
[319

]
File: fig/AJCM-QuiQuad-nAJCM-Gyn&Int-x-ano2022&2023-TesteH-Rejeita-Ho-NC=99.9.JPG Graphic file (type bmp)
<fig/AJCM-QuiQuad-nAJCM-Gyn&Int-x-ano2022&2023-TesteH-Rejeita-Ho-NC=99.9.JPG>

Overfull \hbox (42.8526pt too wide) in paragraph at lines 14883--14883
\TU/lmtt/m/n/12 AJCM-QuiQuad-nAJCM-Gyn&Int-x-ano2022&2023-TesteH-Rejeita-Ho-NC=99.9%.JPG[]|  
 []


Overfull \hbox (79.9686pt too wide) in paragraph at lines 14892--14892
\TU/lmtt/m/n/12 ==============================================================================[]|  
 []


Overfull \hbox (79.9686pt too wide) in paragraph at lines 14894--14894
\TU/lmtt/m/n/12 ==============================================================================[]|  
 []


Overfull \hbox (79.9686pt too wide) in paragraph at lines 14921--14921
\TU/lmtt/m/n/12 ==============================================================================[]|  
 []


Overfull \hbox (79.9686pt too wide) in paragraph at lines 14923--14923
\TU/lmtt/m/n/12 ==============================================================================[]|  
 []

Missing character: There is no ₀ (U+2080) in font [lmmono12-regular]:!
Missing character: There is no ₀ (U+2080) in font [lmmono12-regular]:!
Missing character: There is no ₀ (U+2080) in font [lmmono12-regular]:!
Missing character: There is no ₀ (U+2080) in font [lmmono12-regular]:!

Overfull \hbox (79.9686pt too wide) in paragraph at lines 14931--14931
\TU/lmtt/m/n/12 ==============================================================================[]|  
 []


Overfull \hbox (79.9686pt too wide) in paragraph at lines 14933--14933
\TU/lmtt/m/n/12 ==============================================================================[]|  
 []

Missing character: There is no α (U+03B1) in font [lmmono12-regular]:!
Missing character: There is no α (U+03B1) in font [lmmono12-regular]:!
Missing character: There is no ₀ (U+2080) in font [lmmono12-regular]:!
Missing character: There is no ₀ (U+2080) in font [lmmono12-regular]:!
Missing character: There is no ₁ (U+2081) in font [lmmono12-regular]:!
Missing character: There is no ₁ (U+2081) in font [lmmono12-regular]:!
Missing character: There is no α (U+03B1) in font [lmmono12-regular]:!
Missing character: There is no α (U+03B1) in font [lmmono12-regular]:!
Missing character: There is no α (U+03B1) in font [lmmono12-regular]:!
Missing character: There is no α (U+03B1) in font [lmmono12-regular]:!
Missing character: There is no ₀ (U+2080) in font [lmmono12-regular]:!
Missing character: There is no ₀ (U+2080) in font [lmmono12-regular]:!
Missing character: There is no ₀ (U+2080) in font [lmmono12-regular]:!
Missing character: There is no ₀ (U+2080) in font [lmmono12-regular]:!

Overfull \hbox (79.9686pt too wide) in paragraph at lines 14965--14965
\TU/lmtt/m/n/12 ==============================================================================[]|  
 []


Overfull \hbox (79.9686pt too wide) in paragraph at lines 14967--14967
\TU/lmtt/m/n/12 ==============================================================================[]|  
 []


Overfull \hbox (79.9686pt too wide) in paragraph at lines 14983--14983
\TU/lmtt/m/n/12 ==============================================================================[]|  
 []


Overfull \hbox (79.9686pt too wide) in paragraph at lines 14985--14985
\TU/lmtt/m/n/12 ==============================================================================[]|  
 []

Missing character: There is no ₀ (U+2080) in font [lmmono12-regular]:!
Missing character: There is no ₀ (U+2080) in font [lmmono12-regular]:!
Missing character: There is no χ (U+03C7) in font [lmmono12-regular]:!
Missing character: There is no χ (U+03C7) in font [lmmono12-regular]:!
Missing character: There is no χ (U+03C7) in font [lmmono12-regular]:!
Missing character: There is no χ (U+03C7) in font [lmmono12-regular]:!
Missing character: There is no χ (U+03C7) in font [lmmono12-regular]:!
Missing character: There is no χ (U+03C7) in font [lmmono12-regular]:!
Missing character: There is no ₀ (U+2080) in font [lmmono12-regular]:!
Missing character: There is no ₀ (U+2080) in font [lmmono12-regular]:!
Missing character: There is no ₀ (U+2080) in font [lmmono12-regular]:!
Missing character: There is no ₀ (U+2080) in font [lmmono12-regular]:!
Missing character: There is no χ (U+03C7) in font [lmmono12-regular]:!
Missing character: There is no χ (U+03C7) in font [lmmono12-regular]:!
Missing character: There is no χ (U+03C7) in font [lmmono12-regular]:!
Missing character: There is no χ (U+03C7) in font [lmmono12-regular]:!
Missing character: There is no α (U+03B1) in font [lmmono12-regular]:!
Missing character: There is no α (U+03B1) in font [lmmono12-regular]:!

Overfull \hbox (79.9686pt too wide) in paragraph at lines 15036--15036
\TU/lmtt/m/n/12 ==============================================================================[]|  
 []


Overfull \hbox (79.9686pt too wide) in paragraph at lines 15038--15038
\TU/lmtt/m/n/12 ==============================================================================[]|  
 []


Overfull \hbox (79.9686pt too wide) in paragraph at lines 15081--15081
\TU/lmtt/m/n/12 ==============================================================================[]|  
 []


Overfull \hbox (79.9686pt too wide) in paragraph at lines 15083--15083
\TU/lmtt/m/n/12 ==============================================================================[]|  
 []

Missing character: There is no χ (U+03C7) in font [lmmono12-regular]:!
Missing character: There is no χ (U+03C7) in font [lmmono12-regular]:!
Missing character: There is no ₀ (U+2080) in font [lmmono12-regular]:!
Missing character: There is no ₀ (U+2080) in font [lmmono12-regular]:!
Missing character: There is no ₀ (U+2080) in font [lmmono12-regular]:!
Missing character: There is no ₀ (U+2080) in font [lmmono12-regular]:!

Overfull \hbox (79.9686pt too wide) in paragraph at lines 15104--15104
\TU/lmtt/m/n/12 ==============================================================================[]|  
 []


Overfull \hbox (79.9686pt too wide) in paragraph at lines 15106--15106
\TU/lmtt/m/n/12 ==============================================================================[]|  
 []

[320] [321] [322] [323] [324] [325] [326]
Missing character: There is no ₀ (U+2080) in font [lmmono12-regular]:!
Missing character: There is no ₀ (U+2080) in font [lmmono12-regular]:!
Missing character: There is no ₀ (U+2080) in font [lmmono12-regular]:!
Missing character: There is no ₀ (U+2080) in font [lmmono12-regular]:!
Missing character: There is no ₁ (U+2081) in font [lmmono12-regular]:!
Missing character: There is no ₁ (U+2081) in font [lmmono12-regular]:!
Missing character: There is no ₁ (U+2081) in font [lmmono12-regular]:!
Missing character: There is no α (U+03B1) in font [lmmono12-regular]:!
Missing character: There is no α (U+03B1) in font [lmmono12-regular]:!
Missing character: There is no ₀ (U+2080) in font [lmmono12-regular]:!
Missing character: There is no χ (U+03C7) in font [lmmono12-regular]:!
Missing character: There is no ₀ (U+2080) in font [lmmono12-regular]:!
File: cap17-TSHo-Oltramari_files/figure-pdf/unnamed-chunk-1-1.pdf Graphic file (type pdf)
<use cap17-TSHo-Oltramari_files/figure-pdf/unnamed-chunk-1-1.pdf>
File: cap17-TSHo-Oltramari_files/figure-pdf/unnamed-chunk-1-2.pdf Graphic file (type pdf)
<use cap17-TSHo-Oltramari_files/figure-pdf/unnamed-chunk-1-2.pdf>
[327] [328]
Underfull \hbox (badness 1565) in paragraph at lines 15227--15233
\TU/LiberationSerif(0)/m/sc/12 médias, que, supostamente, são oriundas de duas amostras aleatórias independentes de
 []

Missing character: There is no α (U+03B1) in font [lmmono12-regular]:!
Missing character: There is no α (U+03B1) in font [lmmono12-regular]:!

Overfull \hbox (79.9686pt too wide) in paragraph at lines 15277--15277
\TU/lmtt/m/n/12 ==============================================================================[]|  
 []


Overfull \hbox (79.9686pt too wide) in paragraph at lines 15279--15279
\TU/lmtt/m/n/12 ==============================================================================[]|  
 []

Missing character: There is no α (U+03B1) in font [lmmono12-regular]:!
Missing character: There is no α (U+03B1) in font [lmmono12-regular]:!
Missing character: There is no ₁ (U+2081) in font [lmmono12-regular]:!
Missing character: There is no ₁ (U+2081) in font [lmmono12-regular]:!
Missing character: There is no ₁ (U+2081) in font [lmmono12-regular]:!
Missing character: There is no ₁ (U+2081) in font [lmmono12-regular]:!
Missing character: There is no ₂ (U+2082) in font [lmmono12-regular]:!
Missing character: There is no ₂ (U+2082) in font [lmmono12-regular]:!
Missing character: There is no ₂ (U+2082) in font [lmmono12-regular]:!
Missing character: There is no ₂ (U+2082) in font [lmmono12-regular]:!
Missing character: There is no ₂ (U+2082) in font [lmmono12-regular]:!
Missing character: There is no ₁ (U+2081) in font [lmmono12-regular]:!
Missing character: There is no ₂ (U+2082) in font [lmmono12-regular]:!
Missing character: There is no ₁ (U+2081) in font [lmmono12-regular]:!

Overfull \hbox (79.9686pt too wide) in paragraph at lines 15301--15301
\TU/lmtt/m/n/12 ==============================================================================[]|  
 []


Overfull \hbox (79.9686pt too wide) in paragraph at lines 15303--15303
\TU/lmtt/m/n/12 ==============================================================================[]|  
 []


Overfull \hbox (79.9686pt too wide) in paragraph at lines 15340--15340
\TU/lmtt/m/n/12 ==============================================================================[]|  
 []


Overfull \hbox (79.9686pt too wide) in paragraph at lines 15342--15342
\TU/lmtt/m/n/12 ==============================================================================[]|  
 []


Overfull \hbox (79.9686pt too wide) in paragraph at lines 15383--15383
\TU/lmtt/m/n/12 ==============================================================================[]|  
 []


Overfull \hbox (79.9686pt too wide) in paragraph at lines 15385--15385
\TU/lmtt/m/n/12 ==============================================================================[]|  
 []

Missing character: There is no ₀ (U+2080) in font [lmmono12-regular]:!
Missing character: There is no μ (U+03BC) in font [lmmono12-regular]:!
Missing character: There is no ₂ (U+2082) in font [lmmono12-regular]:!
Missing character: There is no μ (U+03BC) in font [lmmono12-regular]:!
Missing character: There is no ₁ (U+2081) in font [lmmono12-regular]:!
Missing character: There is no ₀ (U+2080) in font [lmmono12-regular]:!
Missing character: There is no μ (U+03BC) in font [lmmono12-regular]:!
Missing character: There is no ₂ (U+2082) in font [lmmono12-regular]:!
Missing character: There is no μ (U+03BC) in font [lmmono12-regular]:!
Missing character: There is no ₁ (U+2081) in font [lmmono12-regular]:!
Missing character: There is no ₁ (U+2081) in font [lmmono12-regular]:!
Missing character: There is no μ (U+03BC) in font [lmmono12-regular]:!
Missing character: There is no ₂ (U+2082) in font [lmmono12-regular]:!
Missing character: There is no μ (U+03BC) in font [lmmono12-regular]:!
Missing character: There is no ₁ (U+2081) in font [lmmono12-regular]:!
Missing character: There is no ≠ (U+2260) in font [lmmono12-regular]:!
Missing character: There is no ₁ (U+2081) in font [lmmono12-regular]:!
Missing character: There is no μ (U+03BC) in font [lmmono12-regular]:!
Missing character: There is no ₂ (U+2082) in font [lmmono12-regular]:!
Missing character: There is no μ (U+03BC) in font [lmmono12-regular]:!
Missing character: There is no ₁ (U+2081) in font [lmmono12-regular]:!
Missing character: There is no ≠ (U+2260) in font [lmmono12-regular]:!
Missing character: There is no ₀ (U+2080) in font [lmmono12-regular]:!
Missing character: There is no ₀ (U+2080) in font [lmmono12-regular]:!
Missing character: There is no ₀ (U+2080) in font [lmmono12-regular]:!
Missing character: There is no ₀ (U+2080) in font [lmmono12-regular]:!
Missing character: There is no ₀ (U+2080) in font [lmmono12-regular]:!
Missing character: There is no ₀ (U+2080) in font [lmmono12-regular]:!
Missing character: There is no ₀ (U+2080) in font [lmmono12-regular]:!
Missing character: There is no μ (U+03BC) in font [lmmono12-regular]:!
Missing character: There is no ₂ (U+2082) in font [lmmono12-regular]:!
Missing character: There is no μ (U+03BC) in font [lmmono12-regular]:!
Missing character: There is no ₁ (U+2081) in font [lmmono12-regular]:!
Missing character: There is no ₁ (U+2081) in font [lmmono12-regular]:!
Missing character: There is no μ (U+03BC) in font [lmmono12-regular]:!
Missing character: There is no ₂ (U+2082) in font [lmmono12-regular]:!
Missing character: There is no μ (U+03BC) in font [lmmono12-regular]:!
Missing character: There is no ₁ (U+2081) in font [lmmono12-regular]:!
Missing character: There is no ≠ (U+2260) in font [lmmono12-regular]:!
Missing character: There is no ₀ (U+2080) in font [lmmono12-regular]:!
Missing character: There is no μ (U+03BC) in font [lmmono12-regular]:!
Missing character: There is no ₂ (U+2082) in font [lmmono12-regular]:!
Missing character: There is no μ (U+03BC) in font [lmmono12-regular]:!
Missing character: There is no ₁ (U+2081) in font [lmmono12-regular]:!
Missing character: There is no ₁ (U+2081) in font [lmmono12-regular]:!
Missing character: There is no μ (U+03BC) in font [lmmono12-regular]:!
Missing character: There is no ₂ (U+2082) in font [lmmono12-regular]:!
Missing character: There is no μ (U+03BC) in font [lmmono12-regular]:!
Missing character: There is no ₁ (U+2081) in font [lmmono12-regular]:!
Missing character: There is no ≠ (U+2260) in font [lmmono12-regular]:!
Missing character: There is no α (U+03B1) in font [lmmono12-regular]:!
Missing character: There is no α (U+03B1) in font [lmmono12-regular]:!
Missing character: There is no α (U+03B1) in font [lmmono12-regular]:!
Missing character: There is no α (U+03B1) in font [lmmono12-regular]:!
Missing character: There is no ₀ (U+2080) in font [lmmono12-regular]:!
Missing character: There is no ₀ (U+2080) in font [lmmono12-regular]:!
Missing character: There is no ₀ (U+2080) in font [lmmono12-regular]:!
Missing character: There is no ₀ (U+2080) in font [lmmono12-regular]:!

Overfull \hbox (79.9686pt too wide) in paragraph at lines 15421--15421
\TU/lmtt/m/n/12 ==============================================================================[]|  
 []


Overfull \hbox (79.9686pt too wide) in paragraph at lines 15423--15423
\TU/lmtt/m/n/12 ==============================================================================[]|  
 []


Overfull \hbox (79.9686pt too wide) in paragraph at lines 15472--15472
\TU/lmtt/m/n/12 ==============================================================================[]|  
 []


Overfull \hbox (79.9686pt too wide) in paragraph at lines 15474--15474
\TU/lmtt/m/n/12 ==============================================================================[]|  
 []

Missing character: There is no ₁ (U+2081) in font [lmmono12-regular]:!
Missing character: There is no ₂ (U+2082) in font [lmmono12-regular]:!
Missing character: There is no ₁ (U+2081) in font [lmmono12-regular]:!
Missing character: There is no ₂ (U+2082) in font [lmmono12-regular]:!
Missing character: There is no ₂ (U+2082) in font [lmmono12-regular]:!
Missing character: There is no ₁ (U+2081) in font [lmmono12-regular]:!
Missing character: There is no ₂ (U+2082) in font [lmmono12-regular]:!
Missing character: There is no ₁ (U+2081) in font [lmmono12-regular]:!
Missing character: There is no ₀ (U+2080) in font [lmmono12-regular]:!
Missing character: There is no ₀ (U+2080) in font [lmmono12-regular]:!
Missing character: There is no α (U+03B1) in font [lmmono12-regular]:!
Missing character: There is no α (U+03B1) in font [lmmono12-regular]:!
Missing character: There is no ₀ (U+2080) in font [lmmono12-regular]:!
Missing character: There is no μ (U+03BC) in font [lmmono12-regular]:!
Missing character: There is no ₂ (U+2082) in font [lmmono12-regular]:!
Missing character: There is no μ (U+03BC) in font [lmmono12-regular]:!
Missing character: There is no ₁ (U+2081) in font [lmmono12-regular]:!
Missing character: There is no ₀ (U+2080) in font [lmmono12-regular]:!
Missing character: There is no μ (U+03BC) in font [lmmono12-regular]:!
Missing character: There is no ₂ (U+2082) in font [lmmono12-regular]:!
Missing character: There is no μ (U+03BC) in font [lmmono12-regular]:!
Missing character: There is no ₁ (U+2081) in font [lmmono12-regular]:!
Missing character: There is no ₂ (U+2082) in font [lmmono12-regular]:!
Missing character: There is no ₁ (U+2081) in font [lmmono12-regular]:!
Missing character: There is no ₀ (U+2080) in font [lmmono12-regular]:!
Missing character: There is no ₂ (U+2082) in font [lmmono12-regular]:!
Missing character: There is no ₁ (U+2081) in font [lmmono12-regular]:!
Missing character: There is no ₀ (U+2080) in font [lmmono12-regular]:!
Missing character: There is no α (U+03B1) in font [lmmono12-regular]:!
Missing character: There is no ≥ (U+2265) in font [lmmono12-regular]:!
Missing character: There is no α (U+03B1) in font [lmmono12-regular]:!
Missing character: There is no ≥ (U+2265) in font [lmmono12-regular]:!
Missing character: There is no ₁ (U+2081) in font [lmmono12-regular]:!
Missing character: There is no ₁ (U+2081) in font [lmmono12-regular]:!
Missing character: There is no ₁ (U+2081) in font [lmmono12-regular]:!
Missing character: There is no ₁ (U+2081) in font [lmmono12-regular]:!
Missing character: There is no ₂ (U+2082) in font [lmmono12-regular]:!
Missing character: There is no ₂ (U+2082) in font [lmmono12-regular]:!
Missing character: There is no ₂ (U+2082) in font [lmmono12-regular]:!
Missing character: There is no ₂ (U+2082) in font [lmmono12-regular]:!
Missing character: There is no α (U+03B1) in font [lmmono12-regular]:!
Missing character: There is no α (U+03B1) in font [lmmono12-regular]:!

Overfull \hbox (79.9686pt too wide) in paragraph at lines 15592--15592
\TU/lmtt/m/n/12 ==============================================================================[]|  
 []


Overfull \hbox (79.9686pt too wide) in paragraph at lines 15594--15594
\TU/lmtt/m/n/12 ==============================================================================[]|  
 []

Missing character: There is no α (U+03B1) in font [lmmono12-regular]:!
Missing character: There is no α (U+03B1) in font [lmmono12-regular]:!
Missing character: There is no ₁ (U+2081) in font [lmmono12-regular]:!
Missing character: There is no ₁ (U+2081) in font [lmmono12-regular]:!
Missing character: There is no ₁ (U+2081) in font [lmmono12-regular]:!
Missing character: There is no ₁ (U+2081) in font [lmmono12-regular]:!
Missing character: There is no ₂ (U+2082) in font [lmmono12-regular]:!
Missing character: There is no ₂ (U+2082) in font [lmmono12-regular]:!
Missing character: There is no ₂ (U+2082) in font [lmmono12-regular]:!
Missing character: There is no ₂ (U+2082) in font [lmmono12-regular]:!
Missing character: There is no ₀ (U+2080) in font [lmmono12-regular]:!
Missing character: There is no μ (U+03BC) in font [lmmono12-regular]:!
Missing character: There is no ₂ (U+2082) in font [lmmono12-regular]:!
Missing character: There is no μ (U+03BC) in font [lmmono12-regular]:!
Missing character: There is no ₁ (U+2081) in font [lmmono12-regular]:!
Missing character: There is no ₀ (U+2080) in font [lmmono12-regular]:!
Missing character: There is no μ (U+03BC) in font [lmmono12-regular]:!
Missing character: There is no ₂ (U+2082) in font [lmmono12-regular]:!
Missing character: There is no μ (U+03BC) in font [lmmono12-regular]:!
Missing character: There is no ₁ (U+2081) in font [lmmono12-regular]:!
Missing character: There is no ₁ (U+2081) in font [lmmono12-regular]:!
Missing character: There is no μ (U+03BC) in font [lmmono12-regular]:!
Missing character: There is no ₂ (U+2082) in font [lmmono12-regular]:!
Missing character: There is no μ (U+03BC) in font [lmmono12-regular]:!
Missing character: There is no ₁ (U+2081) in font [lmmono12-regular]:!
Missing character: There is no ≠ (U+2260) in font [lmmono12-regular]:!
Missing character: There is no ₁ (U+2081) in font [lmmono12-regular]:!
Missing character: There is no μ (U+03BC) in font [lmmono12-regular]:!
Missing character: There is no ₂ (U+2082) in font [lmmono12-regular]:!
Missing character: There is no μ (U+03BC) in font [lmmono12-regular]:!
Missing character: There is no ₁ (U+2081) in font [lmmono12-regular]:!
Missing character: There is no ≠ (U+2260) in font [lmmono12-regular]:!
Missing character: There is no ₀ (U+2080) in font [lmmono12-regular]:!
Missing character: There is no ₀ (U+2080) in font [lmmono12-regular]:!
Missing character: There is no ₀ (U+2080) in font [lmmono12-regular]:!
Missing character: There is no ₀ (U+2080) in font [lmmono12-regular]:!
[329] [330] [331] [332] [333] [334] [335] [336] [337] [338]
Missing character: There is no α (U+03B1) in font [lmmono12-regular]:!
Missing character: There is no ₁ (U+2081) in font [lmmono12-regular]:!
Missing character: There is no ₁ (U+2081) in font [lmmono12-regular]:!
Missing character: There is no ₂ (U+2082) in font [lmmono12-regular]:!
Missing character: There is no ₂ (U+2082) in font [lmmono12-regular]:!
Missing character: There is no ₂ (U+2082) in font [lmmono12-regular]:!
Missing character: There is no ₁ (U+2081) in font [lmmono12-regular]:!
Missing character: There is no ₀ (U+2080) in font [lmmono12-regular]:!
Missing character: There is no ₀ (U+2080) in font [lmmono12-regular]:!
Missing character: There is no ₀ (U+2080) in font [lmmono12-regular]:!
Missing character: There is no μ (U+03BC) in font [lmmono12-regular]:!
Missing character: There is no ₂ (U+2082) in font [lmmono12-regular]:!
Missing character: There is no μ (U+03BC) in font [lmmono12-regular]:!
Missing character: There is no ₁ (U+2081) in font [lmmono12-regular]:!
Missing character: There is no ₁ (U+2081) in font [lmmono12-regular]:!
Missing character: There is no μ (U+03BC) in font [lmmono12-regular]:!
Missing character: There is no ₂ (U+2082) in font [lmmono12-regular]:!
Missing character: There is no μ (U+03BC) in font [lmmono12-regular]:!
Missing character: There is no ₁ (U+2081) in font [lmmono12-regular]:!
Missing character: There is no ≠ (U+2260) in font [lmmono12-regular]:!
Missing character: There is no α (U+03B1) in font [lmmono12-regular]:!
Missing character: There is no α (U+03B1) in font [lmmono12-regular]:!
Missing character: There is no ₀ (U+2080) in font [lmmono12-regular]:!
[339]
Missing character: There is no α (U+03B1) in font [lmmono12-regular]:!
Missing character: There is no ₁ (U+2081) in font [lmmono12-regular]:!
Missing character: There is no ₁ (U+2081) in font [lmmono12-regular]:!
Missing character: There is no ₂ (U+2082) in font [lmmono12-regular]:!
Missing character: There is no ₂ (U+2082) in font [lmmono12-regular]:!
Missing character: There is no ₀ (U+2080) in font [lmmono12-regular]:!
Missing character: There is no ₀ (U+2080) in font [lmmono12-regular]:!
Missing character: There is no ₀ (U+2080) in font [lmmono12-regular]:!
Missing character: There is no μ (U+03BC) in font [lmmono12-regular]:!
Missing character: There is no ₂ (U+2082) in font [lmmono12-regular]:!
Missing character: There is no μ (U+03BC) in font [lmmono12-regular]:!
Missing character: There is no ₁ (U+2081) in font [lmmono12-regular]:!
Missing character: There is no ₁ (U+2081) in font [lmmono12-regular]:!
Missing character: There is no ₁ (U+2081) in font [lmmono12-regular]:!
Missing character: There is no ₁ (U+2081) in font [lmmono12-regular]:!
Missing character: There is no μ (U+03BC) in font [lmmono12-regular]:!
Missing character: There is no ₂ (U+2082) in font [lmmono12-regular]:!
Missing character: There is no μ (U+03BC) in font [lmmono12-regular]:!
Missing character: There is no ₁ (U+2081) in font [lmmono12-regular]:!
Missing character: There is no ≠ (U+2260) in font [lmmono12-regular]:!
Missing character: There is no ₀ (U+2080) in font [lmmono12-regular]:!
File: cap17-TSHo-Oltramari_files/figure-pdf/unnamed-chunk-2-1.pdf Graphic file (type pdf)
<use cap17-TSHo-Oltramari_files/figure-pdf/unnamed-chunk-2-1.pdf>
File: cap17-TSHo-Oltramari_files/figure-pdf/unnamed-chunk-2-2.pdf Graphic file (type pdf)
<use cap17-TSHo-Oltramari_files/figure-pdf/unnamed-chunk-2-2.pdf>
[340]
File: cap17-TSHo-Oltramari_files/figure-pdf/unnamed-chunk-2-3.pdf Graphic file (type pdf)
<use cap17-TSHo-Oltramari_files/figure-pdf/unnamed-chunk-2-3.pdf>
[341]
Overfull \hbox (18.1686pt too wide) in paragraph at lines 15796--15796
\TU/lmtt/m/n/12 Oltramari-AJCMs-Promotorias-capital-interior-30mar2022-31out2023.png[]|  
 []


Overfull \hbox (79.9686pt too wide) in paragraph at lines 15808--15808
\TU/lmtt/m/n/12 ==============================================================================[]|  
 []


Overfull \hbox (79.9686pt too wide) in paragraph at lines 15810--15810
\TU/lmtt/m/n/12 ==============================================================================[]|  
 []


Overfull \hbox (24.34857pt too wide) in paragraph at lines 15835--15835
| | | |[]\TU/lmtt/m/n/12 cat[][]([][]"==============================================================[][]\n\n[][]"[][])[]|  
 []


Overfull \hbox (79.9686pt too wide) in paragraph at lines 15837--15837
\TU/lmtt/m/n/12 ==============================================================================[]|  
 []


Overfull \hbox (79.9686pt too wide) in paragraph at lines 15839--15839
\TU/lmtt/m/n/12 ==============================================================================[]|  
 []


Overfull \hbox (79.9686pt too wide) in paragraph at lines 15845--15845
\TU/lmtt/m/n/12 ==============================================================================[]|  
 []


Overfull \hbox (79.9686pt too wide) in paragraph at lines 15847--15847
\TU/lmtt/m/n/12 ==============================================================================[]|  
 []


Overfull \hbox (79.9686pt too wide) in paragraph at lines 15863--15863
\TU/lmtt/m/n/12 ==============================================================================[]|  
 []


Overfull \hbox (79.9686pt too wide) in paragraph at lines 15865--15865
\TU/lmtt/m/n/12 ==============================================================================[]|  
 []


Overfull \hbox (79.9686pt too wide) in paragraph at lines 15881--15881
\TU/lmtt/m/n/12 ==============================================================================[]|  
 []


Overfull \hbox (79.9686pt too wide) in paragraph at lines 15883--15883
\TU/lmtt/m/n/12 ==============================================================================[]|  
 []


Overfull \hbox (79.9686pt too wide) in paragraph at lines 15899--15899
\TU/lmtt/m/n/12 ==============================================================================[]|  
 []


Overfull \hbox (79.9686pt too wide) in paragraph at lines 15901--15901
\TU/lmtt/m/n/12 ==============================================================================[]|  
 []


Overfull \hbox (79.9686pt too wide) in paragraph at lines 15919--15919
\TU/lmtt/m/n/12 ==============================================================================[]|  
 []


Overfull \hbox (79.9686pt too wide) in paragraph at lines 15921--15921
\TU/lmtt/m/n/12 ==============================================================================[]|  
 []


Overfull \hbox (5.8086pt too wide) in paragraph at lines 15925--15925
[]\TU/lmtt/m/n/12 sum[][](dados_ajcm_completo[][]$[][]Quantidade[dados_ajcm_completo[][]$[][]Localização 
 []


Overfull \hbox (5.8086pt too wide) in paragraph at lines 15926--15926
[]\TU/lmtt/m/n/12 sum[][](dados_ajcm_completo[][]$[][]Quantidade[dados_ajcm_completo[][]$[][]Localização 
 []


Overfull \hbox (5.8086pt too wide) in paragraph at lines 15929--15929
[]\TU/lmtt/m/n/12 sum[][](dados_ajcm_completo[][]$[][]Quantidade[dados_ajcm_completo[][]$[][]Providência 
 []


Overfull \hbox (5.8086pt too wide) in paragraph at lines 15930--15930
[]\TU/lmtt/m/n/12 sum[][](dados_ajcm_completo[][]$[][]Quantidade[dados_ajcm_completo[][]$[][]Providência 
 []


Overfull \hbox (79.9686pt too wide) in paragraph at lines 15956--15956
\TU/lmtt/m/n/12 ==============================================================================[]|  
 []


Overfull \hbox (79.9686pt too wide) in paragraph at lines 15958--15958
\TU/lmtt/m/n/12 ==============================================================================[]|  
 []


Overfull \hbox (79.9686pt too wide) in paragraph at lines 16044--16044
\TU/lmtt/m/n/12 ==============================================================================[]|  
 []


Overfull \hbox (79.9686pt too wide) in paragraph at lines 16046--16046
\TU/lmtt/m/n/12 ==============================================================================[]|  
 []


Overfull \hbox (79.9686pt too wide) in paragraph at lines 16112--16112
\TU/lmtt/m/n/12 ==============================================================================[]|  
 []


Overfull \hbox (79.9686pt too wide) in paragraph at lines 16114--16114
\TU/lmtt/m/n/12 ==============================================================================[]|  
 []


Overfull \hbox (79.9686pt too wide) in paragraph at lines 16142--16142
\TU/lmtt/m/n/12 ==============================================================================[]|  
 []


Overfull \hbox (79.9686pt too wide) in paragraph at lines 16144--16144
\TU/lmtt/m/n/12 ==============================================================================[]|  
 []

[342] [343] [344] [345] [346] [347] [348] [349] [350] [351]
Overfull \hbox (32.97586pt too wide) in paragraph at lines 16198--16198
[]  \TU/lmtt/m/n/12 Localização Arquivamento Denúncia Total_Geral Perc_Denúncia Perc_Arquivamento[] 
 []


Overfull \hbox (32.9755pt too wide) in paragraph at lines 16199--16199
[]  \TU/lmtt/m/n/12 <chr>              <dbl>    <dbl>       <dbl>         <dbl>             <dbl>[] 
 []


Overfull \hbox (32.93948pt too wide) in paragraph at lines 16200--16200
[]\TU/lmtt/m/n/12 1 Capital              786       70         856           8.2              91.8[] 
 []


Overfull \hbox (32.91551pt too wide) in paragraph at lines 16201--16201
[]\TU/lmtt/m/n/12 2 Interior             686       83         769          10.8              89.2[] 
 []

[352] [353]
Overfull \hbox (14.4358pt too wide) in paragraph at lines 16277--16277
[]  \TU/lmtt/m/n/12 Localização []2022_Denúncia[] []2022_Arquivamento[] Total_2022 []2023_Denúncia[][] 
 []


Overfull \hbox (14.43549pt too wide) in paragraph at lines 16278--16278
[]  \TU/lmtt/m/n/12 <chr>                 <dbl>               <dbl>      <dbl>           <dbl>[] 
 []


Overfull \hbox (14.42346pt too wide) in paragraph at lines 16279--16279
[]\TU/lmtt/m/n/12 1 Capital                  20                 191        211              50[] 
 []


Overfull \hbox (14.42348pt too wide) in paragraph at lines 16280--16280
[]\TU/lmtt/m/n/12 2 Interior                 42                 207        249              41[] 
 []


Overfull \hbox (14.38745pt too wide) in paragraph at lines 16281--16281
[]\TU/lmtt/m/n/12 3 TOTAL                    62                 398        460              91[] 
 []


Overfull \hbox (26.79578pt too wide) in paragraph at lines 16288--16288
[]  \TU/lmtt/m/n/12 Localização []2022 Denúncia[] []2022 Arquivamento[] []Total 2022[] []2023 Denúncia[][] 
 []

File: cap17-TSHo-Oltramari_files/figure-pdf/unnamed-chunk-3-1.pdf Graphic file (type pdf)
<use cap17-TSHo-Oltramari_files/figure-pdf/unnamed-chunk-3-1.pdf>
File: cap17-TSHo-Oltramari_files/figure-pdf/unnamed-chunk-3-2.pdf Graphic file (type pdf)
<use cap17-TSHo-Oltramari_files/figure-pdf/unnamed-chunk-3-2.pdf>
[354]
File: cap17-TSHo-Oltramari_files/figure-pdf/unnamed-chunk-3-3.pdf Graphic file (type pdf)
<use cap17-TSHo-Oltramari_files/figure-pdf/unnamed-chunk-3-3.pdf>
[355] [356] [357]
File: cap17-TSHo-Oltramari_files/figure-pdf/unnamed-chunk-4-1.pdf Graphic file (type pdf)
<use cap17-TSHo-Oltramari_files/figure-pdf/unnamed-chunk-4-1.pdf>
LaTeX Font Info:    Font shape `TU/latinmodern-math.otf(1)/m/n' will be
(Font)              scaled to size 15.33492pt on input line 16413.
LaTeX Font Info:    Font shape `TU/latinmodern-math.otf(2)/m/n' will be
(Font)              scaled to size 15.33646pt on input line 16413.
LaTeX Font Info:    Font shape `TU/latinmodern-math.otf(3)/m/n' will be
(Font)              scaled to size 15.33339pt on input line 16413.
[358]
Missing character: There is no χ (U+03C7) in font [lmmono12-regular]:!
Missing character: There is no χ (U+03C7) in font [lmmono12-regular]:!
Missing character: There is no ₀ (U+2080) in font [lmmono12-regular]:!
Missing character: There is no ₀ (U+2080) in font [lmmono12-regular]:!
Missing character: There is no χ (U+03C7) in font [lmmono12-regular]:!
Missing character: There is no χ (U+03C7) in font [lmmono12-regular]:!
Missing character: There is no ≥ (U+2265) in font [lmmono12-regular]:!
Missing character: There is no ≥ (U+2265) in font [lmmono12-regular]:!
[359] [360] [361] [362]
Missing character: There is no χ (U+03C7) in font [lmmono12-regular]:!
Missing character: There is no χ (U+03C7) in font [lmmono12-regular]:!
Missing character: There is no ≥ (U+2265) in font [lmmono12-regular]:!
File: cap17-TSHo-Oltramari_files/figure-pdf/unnamed-chunk-5-1.pdf Graphic file (type pdf)
<use cap17-TSHo-Oltramari_files/figure-pdf/unnamed-chunk-5-1.pdf>

Underfull \hbox (badness 2119) in paragraph at lines 16618--16624
\TU/LiberationSerif(0)/m/sc/12 uma associação significativa entre Providência e Localização, sendo que o gráfico de
 []


Underfull \hbox (badness 2096) in paragraph at lines 16618--16624
\TU/LiberationSerif(0)/m/sc/12 barras empilhadas ilustra que o interior denunciou proporcionalmente mais e arquivou
 []

[363] [364]
File: cap17-TSHo-Oltramari_files/figure-pdf/unnamed-chunk-6-1.pdf Graphic file (type pdf)
<use cap17-TSHo-Oltramari_files/figure-pdf/unnamed-chunk-6-1.pdf>
[365]
Overfull \hbox (79.9686pt too wide) in paragraph at lines 16727--16727
\TU/lmtt/m/n/12 ==============================================================================[]|  
 []


Overfull \hbox (79.9686pt too wide) in paragraph at lines 16730--16730
\TU/lmtt/m/n/12 ==============================================================================[]|  
 []


Overfull \hbox (79.9686pt too wide) in paragraph at lines 16737--16737
\TU/lmtt/m/n/12 ==============================================================================[]|  
 []


Overfull \hbox (79.9686pt too wide) in paragraph at lines 16739--16739
\TU/lmtt/m/n/12 ==============================================================================[]|  
 []

Missing character: There is no ₀ (U+2080) in font [lmmono12-regular]:!
Missing character: There is no ₀ (U+2080) in font [lmmono12-regular]:!
Missing character: There is no ₁ (U+2081) in font [lmmono12-regular]:!
Missing character: There is no ₁ (U+2081) in font [lmmono12-regular]:!
Missing character: There is no χ (U+03C7) in font [lmmono12-regular]:!
Missing character: There is no χ (U+03C7) in font [lmmono12-regular]:!
Missing character: There is no ₀ (U+2080) in font [lmmono12-regular]:!
Missing character: There is no ₀ (U+2080) in font [lmmono12-regular]:!
Missing character: There is no ₀ (U+2080) in font [lmmono12-regular]:!
Missing character: There is no ₀ (U+2080) in font [lmmono12-regular]:!
Missing character: There is no ≥ (U+2265) in font [lmmono12-regular]:!
Missing character: There is no ≥ (U+2265) in font [lmmono12-regular]:!

Overfull \hbox (79.9686pt too wide) in paragraph at lines 16780--16780
\TU/lmtt/m/n/12 ==============================================================================[]|  
 []


Overfull \hbox (79.9686pt too wide) in paragraph at lines 16782--16782
\TU/lmtt/m/n/12 ==============================================================================[]|  
 []

Missing character: There is no ₀ (U+2080) in font [lmmono12-regular]:!
Missing character: There is no ₀ (U+2080) in font [lmmono12-regular]:!
Missing character: There is no ₁ (U+2081) in font [lmmono12-regular]:!
Missing character: There is no ₁ (U+2081) in font [lmmono12-regular]:!
Missing character: There is no χ (U+03C7) in font [lmmono12-regular]:!
Missing character: There is no χ (U+03C7) in font [lmmono12-regular]:!

Overfull \hbox (79.9686pt too wide) in paragraph at lines 16818--16818
\TU/lmtt/m/n/12 ==============================================================================[]|  
 []


Overfull \hbox (79.9686pt too wide) in paragraph at lines 16820--16820
\TU/lmtt/m/n/12 ==============================================================================[]|  
 []

Missing character: There is no χ (U+03C7) in font [lmmono12-regular]:!
Missing character: There is no χ (U+03C7) in font [lmmono12-regular]:!

Overfull \hbox (79.9686pt too wide) in paragraph at lines 16860--16860
\TU/lmtt/m/n/12 ==============================================================================[]|  
 []


Overfull \hbox (79.9686pt too wide) in paragraph at lines 16862--16862
\TU/lmtt/m/n/12 ==============================================================================[]|  
 []


Overfull \hbox (79.9686pt too wide) in paragraph at lines 16895--16895
\TU/lmtt/m/n/12 ==============================================================================[]|  
 []


Overfull \hbox (79.9686pt too wide) in paragraph at lines 16897--16897
\TU/lmtt/m/n/12 ==============================================================================[]|  
 []


Overfull \hbox (79.9686pt too wide) in paragraph at lines 16913--16913
\TU/lmtt/m/n/12 ==============================================================================[]|  
 []


Overfull \hbox (79.9686pt too wide) in paragraph at lines 16915--16915
\TU/lmtt/m/n/12 ==============================================================================[]|  
 []


Overfull \hbox (79.9686pt too wide) in paragraph at lines 16955--16955
\TU/lmtt/m/n/12 ==============================================================================[]|  
 []


Overfull \hbox (79.9686pt too wide) in paragraph at lines 16957--16957
\TU/lmtt/m/n/12 ==============================================================================[]|  
 []

Missing character: There is no α (U+03B1) in font [lmmono12-regular]:!
Missing character: There is no α (U+03B1) in font [lmmono12-regular]:!
[366] [367] [368] [369] [370] [371]
Missing character: There is no χ (U+03C7) in font [lmmono12-regular]:!
Missing character: There is no χ (U+03C7) in font [lmmono12-regular]:!
Missing character: There is no χ (U+03C7) in font [lmmono12-regular]:!
Missing character: There is no ₀ (U+2080) in font [lmmono12-regular]:!
Missing character: There is no ≥ (U+2265) in font [lmmono12-regular]:!
Missing character: There is no χ (U+03C7) in font [lmmono12-regular]:!
Missing character: There is no χ (U+03C7) in font [lmmono12-regular]:!
Missing character: There is no χ (U+03C7) in font [lmmono12-regular]:!
[372]
Missing character: There is no χ (U+03C7) in font [lmmono12-regular]:!
Missing character: There is no χ (U+03C7) in font [lmmono12-regular]:!
Missing character: There is no χ (U+03C7) in font [lmmono12-regular]:!
Missing character: There is no χ (U+03C7) in font [lmmono12-regular]:!
Missing character: There is no χ (U+03C7) in font [lmmono12-regular]:!
Missing character: There is no χ (U+03C7) in font [lmmono12-regular]:!
Missing character: There is no χ (U+03C7) in font [lmmono12-regular]:!
Missing character: There is no χ (U+03C7) in font [lmmono12-regular]:!
Missing character: There is no χ (U+03C7) in font [lmmono12-regular]:!
[373]
Missing character: There is no α (U+03B1) in font [lmmono12-regular]:!

Underfull \hbox (badness 1817) in paragraph at lines 17106--17111
\TU/LiberationSerif(0)/m/it/12 Policial como questão de Política Pública\TU/LiberationSerif(0)/m/sc/12 : análise do arranjo institucional da função
 []

[374]
chapter 14.

Underfull \hbox (badness 2990) in paragraph at lines 17154--17160
[]\TU/LiberationSerif(0)/m/sc/12 Existe um ditado entre os estatísticos que diz que \TU/LiberationSerif(0)/b/n/12 “teoremas matemáticos são
 []

[375

] [376]
Underfull \hbox (badness 10000) in paragraph at lines 17287--17291
[]\TU/LiberationSerif(0)/b/n/12 Métodos diferentes \TU/LiberationSerif(0)/m/sc/12 são necessários para planejamentos diferentes. Os
 []


Underfull \hbox (badness 4927) in paragraph at lines 17287--17291
\TU/LiberationSerif(0)/m/sc/12 procedimentos z []\TU/LiberationSerif(0)/b/n/12 não \TU/LiberationSerif(0)/m/sc/12 são corretos para planejamentos amostrais aleatórios
 []


Underfull \hbox (badness 2932) in paragraph at lines 17291--17294
[]\TU/LiberationSerif(0)/b/n/12 Não há remédio \TU/LiberationSerif(0)/m/sc/12 para []\TU/LiberationSerif(0)/b/n/12 falhas [][]fundamentais\TU/LiberationSerif(0)/m/sc/12 , como []\TU/LiberationSerif(0)/b/it/12 resposta [][]voluntária \TU/LiberationSerif(0)/m/sc/12 ou
 []

[377] [378] [379]
Underfull \hbox (badness 1540) in paragraph at lines 17466--17467
[]\TU/LiberationSerif(0)/b/n/12 Como grandes amostras aleatórias têm pequena variação do acaso, os efeitos
 []

[380] [381]
Underfull \hbox (badness 2050) in paragraph at lines 17572--17574
[]\TU/LiberationSerif(0)/m/sc/12 O []\TU/LiberationSerif(0)/b/n/12 único [][]pesquisador \TU/LiberationSerif(0)/m/sc/12 que obteve resultados estatisticamente significantes []\TU/LiberationSerif(0)/b/it/12 publica \TU/LiberationSerif(0)/m/sc/12 suas
 []


Package fancyhdr Warning: \headheight is too small (18.125pt): 
(fancyhdr)                Make it at least 27.29926pt, for example:
(fancyhdr)                \setlength{\headheight}{27.29926pt}.
(fancyhdr)                You might also make \topmargin smaller:
(fancyhdr)                \addtolength{\topmargin}{-9.17426pt}.

[382]

Package fancyhdr Warning: \headheight is too small (18.125pt): 
(fancyhdr)                Make it at least 27.29926pt, for example:
(fancyhdr)                \setlength{\headheight}{27.29926pt}.
(fancyhdr)                You might also make \topmargin smaller:
(fancyhdr)                \addtolength{\topmargin}{-9.17426pt}.

[383]
File: fig/Erro-tipo-I-e-II.png Graphic file (type bmp)
<fig/Erro-tipo-I-e-II.png>

Package fancyhdr Warning: \headheight is too small (18.125pt): 
(fancyhdr)                Make it at least 27.29926pt, for example:
(fancyhdr)                \setlength{\headheight}{27.29926pt}.
(fancyhdr)                You might also make \topmargin smaller:
(fancyhdr)                \addtolength{\topmargin}{-9.17426pt}.

[384] [385]
Underfull \hbox (badness 1158) in paragraph at lines 17871--17876
[]\TU/LiberationSerif(0)/b/n/12 Efeito do tamanho amostral\TU/LiberationSerif(0)/m/sc/12 : Efeitos muito pequenos podem ser altamente
 []

[386] [387]
chapter 15.
Missing character: There is no σ (U+03C3) in font [lmsans10-bold]:mapping=tex-text;!
[388

] [389]
File: cap20-InferenciaSobreUmaMediaPop_files/figure-pdf/distribuicao-t-1.pdf Graphic file (type pdf)
<use cap20-InferenciaSobreUmaMediaPop_files/figure-pdf/distribuicao-t-1.pdf>
Missing character: There is no 𝛽 (U+1D6FD) in font Liberation Serif/OT:script=latn;language=dflt;mapping=tex-text;!
[390]
File: fig/d-Cohen-pldrck-10-1.png Graphic file (type bmp)
<fig/d-Cohen-pldrck-10-1.png>
[391]
Missing character: There is no μ (U+03BC) in font [lmsans10-bold]:mapping=tex-text;!

Package fancyhdr Warning: \headheight is too small (18.125pt): 
(fancyhdr)                Make it at least 27.29926pt, for example:
(fancyhdr)                \setlength{\headheight}{27.29926pt}.
(fancyhdr)                You might also make \topmargin smaller:
(fancyhdr)                \addtolength{\topmargin}{-9.17426pt}.

[392]

Package fancyhdr Warning: \headheight is too small (18.125pt): 
(fancyhdr)                Make it at least 27.29926pt, for example:
(fancyhdr)                \setlength{\headheight}{27.29926pt}.
(fancyhdr)                You might also make \topmargin smaller:
(fancyhdr)                \addtolength{\topmargin}{-9.17426pt}.

[393]

Package fancyhdr Warning: \headheight is too small (18.125pt): 
(fancyhdr)                Make it at least 27.29926pt, for example:
(fancyhdr)                \setlength{\headheight}{27.29926pt}.
(fancyhdr)                You might also make \topmargin smaller:
(fancyhdr)                \addtolength{\topmargin}{-9.17426pt}.

[394]
File: cap20-InferenciaSobreUmaMediaPop_files/figure-pdf/viz-ic-t-1.pdf Graphic file (type pdf)
<use cap20-InferenciaSobreUmaMediaPop_files/figure-pdf/viz-ic-t-1.pdf>

Underfull \hbox (badness 1270) in paragraph at lines 18305--18307
[]\TU/LiberationSerif(0)/m/sc/12 Lembrar que o procedimento-- t []\TU/LiberationSerif(0)/b/it/12 náo [][]é [][]robusto \TU/LiberationSerif(0)/m/sc/12 a desvios da normalidade para pequenas
 []


Package fancyhdr Warning: \headheight is too small (18.125pt): 
(fancyhdr)                Make it at least 27.29926pt, for example:
(fancyhdr)                \setlength{\headheight}{27.29926pt}.
(fancyhdr)                You might also make \topmargin smaller:
(fancyhdr)                \addtolength{\topmargin}{-9.17426pt}.

[395]

Package fancyhdr Warning: \headheight is too small (18.125pt): 
(fancyhdr)                Make it at least 27.29926pt, for example:
(fancyhdr)                \setlength{\headheight}{27.29926pt}.
(fancyhdr)                You might also make \topmargin smaller:
(fancyhdr)                \addtolength{\topmargin}{-9.17426pt}.

[396]
Overfull \hbox (67.60858pt too wide) in paragraph at lines 18373--18373
\TU/lmtt/m/n/12 ============================================================================[]|  
 []


Overfull \hbox (67.60858pt too wide) in paragraph at lines 18375--18375
\TU/lmtt/m/n/12 ============================================================================[]|  
 []


Package fancyhdr Warning: \headheight is too small (18.125pt): 
(fancyhdr)                Make it at least 27.29926pt, for example:
(fancyhdr)                \setlength{\headheight}{27.29926pt}.
(fancyhdr)                You might also make \topmargin smaller:
(fancyhdr)                \addtolength{\topmargin}{-9.17426pt}.

[397]
File: cap20-InferenciaSobreUmaMediaPop_files/figure-pdf/unnamed-chunk-1-1.pdf Graphic file (type pdf)
<use cap20-InferenciaSobreUmaMediaPop_files/figure-pdf/unnamed-chunk-1-1.pdf>

Package fancyhdr Warning: \headheight is too small (18.125pt): 
(fancyhdr)                Make it at least 27.29926pt, for example:
(fancyhdr)                \setlength{\headheight}{27.29926pt}.
(fancyhdr)                You might also make \topmargin smaller:
(fancyhdr)                \addtolength{\topmargin}{-9.17426pt}.

[398]
File: cap20-InferenciaSobreUmaMediaPop_files/figure-pdf/unnamed-chunk-2-1.pdf Graphic file (type pdf)
<use cap20-InferenciaSobreUmaMediaPop_files/figure-pdf/unnamed-chunk-2-1.pdf>

Package fancyhdr Warning: \headheight is too small (18.125pt): 
(fancyhdr)                Make it at least 27.29926pt, for example:
(fancyhdr)                \setlength{\headheight}{27.29926pt}.
(fancyhdr)                You might also make \topmargin smaller:
(fancyhdr)                \addtolength{\topmargin}{-9.17426pt}.

[399]
Missing character: There is no μ (U+03BC) in font [lmsans10-bold]:mapping=tex-text;!

Overfull \hbox (67.60858pt too wide) in paragraph at lines 18512--18512
\TU/lmtt/m/n/12 ============================================================================[]|  
 []


Overfull \hbox (67.60858pt too wide) in paragraph at lines 18515--18515
\TU/lmtt/m/n/12 ============================================================================[]|  
 []


Overfull \hbox (67.60858pt too wide) in paragraph at lines 18522--18522
\TU/lmtt/m/n/12 ============================================================================[]|  
 []


Overfull \hbox (67.60858pt too wide) in paragraph at lines 18524--18524
\TU/lmtt/m/n/12 ============================================================================[]|  
 []


Overfull \hbox (67.60858pt too wide) in paragraph at lines 18547--18547
\TU/lmtt/m/n/12 ============================================================================[]|  
 []


Overfull \hbox (67.60858pt too wide) in paragraph at lines 18549--18549
\TU/lmtt/m/n/12 ============================================================================[]|  
 []

Missing character: There is no ═ (U+2550) in font [lmmono12-regular]:!
Missing character: There is no ═ (U+2550) in font [lmmono12-regular]:!
Missing character: There is no ═ (U+2550) in font [lmmono12-regular]:!
Missing character: There is no ═ (U+2550) in font [lmmono12-regular]:!
Missing character: There is no ═ (U+2550) in font [lmmono12-regular]:!
Missing character: There is no ═ (U+2550) in font [lmmono12-regular]:!
Missing character: There is no ═ (U+2550) in font [lmmono12-regular]:!
Missing character: There is no ═ (U+2550) in font [lmmono12-regular]:!
Missing character: There is no ═ (U+2550) in font [lmmono12-regular]:!
Missing character: There is no ═ (U+2550) in font [lmmono12-regular]:!
Missing character: There is no ═ (U+2550) in font [lmmono12-regular]:!
Missing character: There is no ═ (U+2550) in font [lmmono12-regular]:!
Missing character: There is no ═ (U+2550) in font [lmmono12-regular]:!
Missing character: There is no ═ (U+2550) in font [lmmono12-regular]:!
Missing character: There is no ═ (U+2550) in font [lmmono12-regular]:!
Missing character: There is no ═ (U+2550) in font [lmmono12-regular]:!
Missing character: There is no ═ (U+2550) in font [lmmono12-regular]:!
Missing character: There is no ═ (U+2550) in font [lmmono12-regular]:!
Missing character: There is no ═ (U+2550) in font [lmmono12-regular]:!
Missing character: There is no ═ (U+2550) in font [lmmono12-regular]:!
Missing character: There is no ═ (U+2550) in font [lmmono12-regular]:!
Missing character: There is no ═ (U+2550) in font [lmmono12-regular]:!
Missing character: There is no ═ (U+2550) in font [lmmono12-regular]:!
Missing character: There is no ═ (U+2550) in font [lmmono12-regular]:!
Missing character: There is no ═ (U+2550) in font [lmmono12-regular]:!
Missing character: There is no ═ (U+2550) in font [lmmono12-regular]:!
Missing character: There is no ═ (U+2550) in font [lmmono12-regular]:!
Missing character: There is no ═ (U+2550) in font [lmmono12-regular]:!
Missing character: There is no ═ (U+2550) in font [lmmono12-regular]:!
Missing character: There is no ═ (U+2550) in font [lmmono12-regular]:!
Missing character: There is no ═ (U+2550) in font [lmmono12-regular]:!
Missing character: There is no ═ (U+2550) in font [lmmono12-regular]:!
Missing character: There is no ═ (U+2550) in font [lmmono12-regular]:!
Missing character: There is no ═ (U+2550) in font [lmmono12-regular]:!
Missing character: There is no ═ (U+2550) in font [lmmono12-regular]:!
Missing character: There is no ═ (U+2550) in font [lmmono12-regular]:!
Missing character: There is no ═ (U+2550) in font [lmmono12-regular]:!
Missing character: There is no ═ (U+2550) in font [lmmono12-regular]:!
Missing character: There is no ═ (U+2550) in font [lmmono12-regular]:!
Missing character: There is no ═ (U+2550) in font [lmmono12-regular]:!
Missing character: There is no ═ (U+2550) in font [lmmono12-regular]:!
Missing character: There is no ═ (U+2550) in font [lmmono12-regular]:!
Missing character: There is no ═ (U+2550) in font [lmmono12-regular]:!
Missing character: There is no ═ (U+2550) in font [lmmono12-regular]:!
Missing character: There is no ═ (U+2550) in font [lmmono12-regular]:!
Missing character: There is no ═ (U+2550) in font [lmmono12-regular]:!
Missing character: There is no ═ (U+2550) in font [lmmono12-regular]:!
Missing character: There is no ═ (U+2550) in font [lmmono12-regular]:!
Missing character: There is no ═ (U+2550) in font [lmmono12-regular]:!
Missing character: There is no ═ (U+2550) in font [lmmono12-regular]:!
Missing character: There is no ═ (U+2550) in font [lmmono12-regular]:!
Missing character: There is no ═ (U+2550) in font [lmmono12-regular]:!
Missing character: There is no ═ (U+2550) in font [lmmono12-regular]:!
Missing character: There is no ═ (U+2550) in font [lmmono12-regular]:!
Missing character: There is no ═ (U+2550) in font [lmmono12-regular]:!
Missing character: There is no ═ (U+2550) in font [lmmono12-regular]:!
Missing character: There is no ═ (U+2550) in font [lmmono12-regular]:!
Missing character: There is no ═ (U+2550) in font [lmmono12-regular]:!
Missing character: There is no ═ (U+2550) in font [lmmono12-regular]:!
Missing character: There is no ═ (U+2550) in font [lmmono12-regular]:!
Missing character: There is no ═ (U+2550) in font [lmmono12-regular]:!
Missing character: There is no ═ (U+2550) in font [lmmono12-regular]:!
Missing character: There is no ═ (U+2550) in font [lmmono12-regular]:!
Missing character: There is no ═ (U+2550) in font [lmmono12-regular]:!
Missing character: There is no ═ (U+2550) in font [lmmono12-regular]:!
Missing character: There is no ═ (U+2550) in font [lmmono12-regular]:!
Missing character: There is no ═ (U+2550) in font [lmmono12-regular]:!
Missing character: There is no ═ (U+2550) in font [lmmono12-regular]:!
Missing character: There is no ═ (U+2550) in font [lmmono12-regular]:!
Missing character: There is no ═ (U+2550) in font [lmmono12-regular]:!
Missing character: There is no ═ (U+2550) in font [lmmono12-regular]:!
Missing character: There is no ═ (U+2550) in font [lmmono12-regular]:!
Missing character: There is no ═ (U+2550) in font [lmmono12-regular]:!
Missing character: There is no ═ (U+2550) in font [lmmono12-regular]:!
Missing character: There is no ═ (U+2550) in font [lmmono12-regular]:!
Missing character: There is no ═ (U+2550) in font [lmmono12-regular]:!
Missing character: There is no ═ (U+2550) in font [lmmono12-regular]:!
Missing character: There is no ═ (U+2550) in font [lmmono12-regular]:!
Missing character: There is no ═ (U+2550) in font [lmmono12-regular]:!
Missing character: There is no ═ (U+2550) in font [lmmono12-regular]:!
Missing character: There is no ═ (U+2550) in font [lmmono12-regular]:!
Missing character: There is no ═ (U+2550) in font [lmmono12-regular]:!
Missing character: There is no ═ (U+2550) in font [lmmono12-regular]:!
Missing character: There is no ═ (U+2550) in font [lmmono12-regular]:!
Missing character: There is no ═ (U+2550) in font [lmmono12-regular]:!
Missing character: There is no ═ (U+2550) in font [lmmono12-regular]:!
Missing character: There is no ═ (U+2550) in font [lmmono12-regular]:!
Missing character: There is no ═ (U+2550) in font [lmmono12-regular]:!
Missing character: There is no ═ (U+2550) in font [lmmono12-regular]:!
Missing character: There is no ═ (U+2550) in font [lmmono12-regular]:!
Missing character: There is no ═ (U+2550) in font [lmmono12-regular]:!
Missing character: There is no ═ (U+2550) in font [lmmono12-regular]:!
Missing character: There is no ═ (U+2550) in font [lmmono12-regular]:!
Missing character: There is no ═ (U+2550) in font [lmmono12-regular]:!
Missing character: There is no ═ (U+2550) in font [lmmono12-regular]:!
Missing character: There is no ═ (U+2550) in font [lmmono12-regular]:!
Missing character: There is no ═ (U+2550) in font [lmmono12-regular]:!
Missing character: There is no ═ (U+2550) in font [lmmono12-regular]:!
Missing character: There is no ═ (U+2550) in font [lmmono12-regular]:!
Missing character: There is no ═ (U+2550) in font [lmmono12-regular]:!
Missing character: There is no ═ (U+2550) in font [lmmono12-regular]:!
Missing character: There is no ═ (U+2550) in font [lmmono12-regular]:!
Missing character: There is no ═ (U+2550) in font [lmmono12-regular]:!
Missing character: There is no ═ (U+2550) in font [lmmono12-regular]:!
Missing character: There is no ═ (U+2550) in font [lmmono12-regular]:!
Missing character: There is no ═ (U+2550) in font [lmmono12-regular]:!
Missing character: There is no ═ (U+2550) in font [lmmono12-regular]:!
Missing character: There is no ═ (U+2550) in font [lmmono12-regular]:!
Missing character: There is no ═ (U+2550) in font [lmmono12-regular]:!
Missing character: There is no ═ (U+2550) in font [lmmono12-regular]:!
Missing character: There is no ═ (U+2550) in font [lmmono12-regular]:!
Missing character: There is no ═ (U+2550) in font [lmmono12-regular]:!
Missing character: There is no ═ (U+2550) in font [lmmono12-regular]:!
Missing character: There is no ═ (U+2550) in font [lmmono12-regular]:!
Missing character: There is no ═ (U+2550) in font [lmmono12-regular]:!
Missing character: There is no ═ (U+2550) in font [lmmono12-regular]:!
Missing character: There is no ═ (U+2550) in font [lmmono12-regular]:!
Missing character: There is no ═ (U+2550) in font [lmmono12-regular]:!
Missing character: There is no ═ (U+2550) in font [lmmono12-regular]:!
Missing character: There is no ═ (U+2550) in font [lmmono12-regular]:!
Missing character: There is no ═ (U+2550) in font [lmmono12-regular]:!
Missing character: There is no ═ (U+2550) in font [lmmono12-regular]:!
Missing character: There is no ═ (U+2550) in font [lmmono12-regular]:!
Missing character: There is no ═ (U+2550) in font [lmmono12-regular]:!
Missing character: There is no ═ (U+2550) in font [lmmono12-regular]:!
Missing character: There is no ═ (U+2550) in font [lmmono12-regular]:!
Missing character: There is no ═ (U+2550) in font [lmmono12-regular]:!
Missing character: There is no ═ (U+2550) in font [lmmono12-regular]:!
Missing character: There is no ═ (U+2550) in font [lmmono12-regular]:!
Missing character: There is no ═ (U+2550) in font [lmmono12-regular]:!
Missing character: There is no ═ (U+2550) in font [lmmono12-regular]:!
Missing character: There is no ═ (U+2550) in font [lmmono12-regular]:!
Missing character: There is no ═ (U+2550) in font [lmmono12-regular]:!
Missing character: There is no ═ (U+2550) in font [lmmono12-regular]:!
Missing character: There is no ═ (U+2550) in font [lmmono12-regular]:!
Missing character: There is no ═ (U+2550) in font [lmmono12-regular]:!
Missing character: There is no ═ (U+2550) in font [lmmono12-regular]:!
Missing character: There is no ═ (U+2550) in font [lmmono12-regular]:!
Missing character: There is no ═ (U+2550) in font [lmmono12-regular]:!
Missing character: There is no ═ (U+2550) in font [lmmono12-regular]:!
Missing character: There is no ═ (U+2550) in font [lmmono12-regular]:!
Missing character: There is no ═ (U+2550) in font [lmmono12-regular]:!
Missing character: There is no ═ (U+2550) in font [lmmono12-regular]:!
Missing character: There is no ═ (U+2550) in font [lmmono12-regular]:!
Missing character: There is no ═ (U+2550) in font [lmmono12-regular]:!
Missing character: There is no ═ (U+2550) in font [lmmono12-regular]:!
Missing character: There is no ═ (U+2550) in font [lmmono12-regular]:!
Missing character: There is no ═ (U+2550) in font [lmmono12-regular]:!
Missing character: There is no ═ (U+2550) in font [lmmono12-regular]:!
Missing character: There is no ═ (U+2550) in font [lmmono12-regular]:!
Missing character: There is no ═ (U+2550) in font [lmmono12-regular]:!
Missing character: There is no ═ (U+2550) in font [lmmono12-regular]:!
Missing character: There is no ═ (U+2550) in font [lmmono12-regular]:!
Missing character: There is no ═ (U+2550) in font [lmmono12-regular]:!
Missing character: There is no ═ (U+2550) in font [lmmono12-regular]:!
Missing character: There is no ═ (U+2550) in font [lmmono12-regular]:!
Missing character: There is no ═ (U+2550) in font [lmmono12-regular]:!
Missing character: There is no ═ (U+2550) in font [lmmono12-regular]:!
Missing character: There is no ═ (U+2550) in font [lmmono12-regular]:!
Missing character: There is no ═ (U+2550) in font [lmmono12-regular]:!
Missing character: There is no ═ (U+2550) in font [lmmono12-regular]:!
Missing character: There is no ═ (U+2550) in font [lmmono12-regular]:!
Missing character: There is no ═ (U+2550) in font [lmmono12-regular]:!
Missing character: There is no ═ (U+2550) in font [lmmono12-regular]:!
Missing character: There is no ═ (U+2550) in font [lmmono12-regular]:!
Missing character: There is no ═ (U+2550) in font [lmmono12-regular]:!
Missing character: There is no ═ (U+2550) in font [lmmono12-regular]:!
Missing character: There is no ═ (U+2550) in font [lmmono12-regular]:!
Missing character: There is no ═ (U+2550) in font [lmmono12-regular]:!
Missing character: There is no ═ (U+2550) in font [lmmono12-regular]:!
Missing character: There is no ═ (U+2550) in font [lmmono12-regular]:!
Missing character: There is no ═ (U+2550) in font [lmmono12-regular]:!
Missing character: There is no ═ (U+2550) in font [lmmono12-regular]:!
Missing character: There is no ═ (U+2550) in font [lmmono12-regular]:!
Missing character: There is no ═ (U+2550) in font [lmmono12-regular]:!
Missing character: There is no ═ (U+2550) in font [lmmono12-regular]:!
Missing character: There is no ═ (U+2550) in font [lmmono12-regular]:!
Missing character: There is no ═ (U+2550) in font [lmmono12-regular]:!
Missing character: There is no ═ (U+2550) in font [lmmono12-regular]:!
Missing character: There is no ═ (U+2550) in font [lmmono12-regular]:!
Missing character: There is no ═ (U+2550) in font [lmmono12-regular]:!
Missing character: There is no ═ (U+2550) in font [lmmono12-regular]:!
Missing character: There is no ═ (U+2550) in font [lmmono12-regular]:!
Missing character: There is no ═ (U+2550) in font [lmmono12-regular]:!
Missing character: There is no ═ (U+2550) in font [lmmono12-regular]:!
Missing character: There is no ═ (U+2550) in font [lmmono12-regular]:!
Missing character: There is no ═ (U+2550) in font [lmmono12-regular]:!
Missing character: There is no ═ (U+2550) in font [lmmono12-regular]:!
Missing character: There is no ═ (U+2550) in font [lmmono12-regular]:!
Missing character: There is no ═ (U+2550) in font [lmmono12-regular]:!
Missing character: There is no ═ (U+2550) in font [lmmono12-regular]:!
Missing character: There is no ═ (U+2550) in font [lmmono12-regular]:!
Missing character: There is no ═ (U+2550) in font [lmmono12-regular]:!
Missing character: There is no ═ (U+2550) in font [lmmono12-regular]:!
Missing character: There is no ═ (U+2550) in font [lmmono12-regular]:!
Missing character: There is no ═ (U+2550) in font [lmmono12-regular]:!
Missing character: There is no ═ (U+2550) in font [lmmono12-regular]:!
Missing character: There is no ═ (U+2550) in font [lmmono12-regular]:!
Missing character: There is no ═ (U+2550) in font [lmmono12-regular]:!
Missing character: There is no ═ (U+2550) in font [lmmono12-regular]:!
Missing character: There is no ═ (U+2550) in font [lmmono12-regular]:!
Missing character: There is no ═ (U+2550) in font [lmmono12-regular]:!
Missing character: There is no ═ (U+2550) in font [lmmono12-regular]:!
Missing character: There is no ═ (U+2550) in font [lmmono12-regular]:!
Missing character: There is no ═ (U+2550) in font [lmmono12-regular]:!
Missing character: There is no ═ (U+2550) in font [lmmono12-regular]:!
Missing character: There is no ═ (U+2550) in font [lmmono12-regular]:!
Missing character: There is no ═ (U+2550) in font [lmmono12-regular]:!
Missing character: There is no ═ (U+2550) in font [lmmono12-regular]:!
Missing character: There is no ═ (U+2550) in font [lmmono12-regular]:!
Missing character: There is no ═ (U+2550) in font [lmmono12-regular]:!
Missing character: There is no ═ (U+2550) in font [lmmono12-regular]:!
Missing character: There is no ═ (U+2550) in font [lmmono12-regular]:!
Missing character: There is no ═ (U+2550) in font [lmmono12-regular]:!
Missing character: There is no ═ (U+2550) in font [lmmono12-regular]:!
Missing character: There is no ═ (U+2550) in font [lmmono12-regular]:!
Missing character: There is no ═ (U+2550) in font [lmmono12-regular]:!
Missing character: There is no ═ (U+2550) in font [lmmono12-regular]:!
Missing character: There is no ═ (U+2550) in font [lmmono12-regular]:!
Missing character: There is no ═ (U+2550) in font [lmmono12-regular]:!
Missing character: There is no ═ (U+2550) in font [lmmono12-regular]:!
Missing character: There is no ═ (U+2550) in font [lmmono12-regular]:!
Missing character: There is no ═ (U+2550) in font [lmmono12-regular]:!
Missing character: There is no ═ (U+2550) in font [lmmono12-regular]:!
Missing character: There is no ═ (U+2550) in font [lmmono12-regular]:!
Missing character: There is no ═ (U+2550) in font [lmmono12-regular]:!
Missing character: There is no ═ (U+2550) in font [lmmono12-regular]:!
Missing character: There is no ═ (U+2550) in font [lmmono12-regular]:!
Missing character: There is no ═ (U+2550) in font [lmmono12-regular]:!
Missing character: There is no ═ (U+2550) in font [lmmono12-regular]:!
Missing character: There is no ═ (U+2550) in font [lmmono12-regular]:!
Missing character: There is no ═ (U+2550) in font [lmmono12-regular]:!
Missing character: There is no ═ (U+2550) in font [lmmono12-regular]:!
Missing character: There is no ═ (U+2550) in font [lmmono12-regular]:!
Missing character: There is no ═ (U+2550) in font [lmmono12-regular]:!
Missing character: There is no ═ (U+2550) in font [lmmono12-regular]:!
Missing character: There is no ═ (U+2550) in font [lmmono12-regular]:!
Missing character: There is no ═ (U+2550) in font [lmmono12-regular]:!
Missing character: There is no ═ (U+2550) in font [lmmono12-regular]:!
Missing character: There is no ═ (U+2550) in font [lmmono12-regular]:!
Missing character: There is no ═ (U+2550) in font [lmmono12-regular]:!
Missing character: There is no ═ (U+2550) in font [lmmono12-regular]:!
Missing character: There is no ═ (U+2550) in font [lmmono12-regular]:!
Missing character: There is no ═ (U+2550) in font [lmmono12-regular]:!
Missing character: There is no ═ (U+2550) in font [lmmono12-regular]:!
Missing character: There is no ═ (U+2550) in font [lmmono12-regular]:!
Missing character: There is no ═ (U+2550) in font [lmmono12-regular]:!
Missing character: There is no ═ (U+2550) in font [lmmono12-regular]:!
Missing character: There is no ═ (U+2550) in font [lmmono12-regular]:!
Missing character: There is no ═ (U+2550) in font [lmmono12-regular]:!
Missing character: There is no ═ (U+2550) in font [lmmono12-regular]:!
Missing character: There is no ═ (U+2550) in font [lmmono12-regular]:!
Missing character: There is no ═ (U+2550) in font [lmmono12-regular]:!
Missing character: There is no ═ (U+2550) in font [lmmono12-regular]:!
Missing character: There is no ═ (U+2550) in font [lmmono12-regular]:!
Missing character: There is no ═ (U+2550) in font [lmmono12-regular]:!
Missing character: There is no ═ (U+2550) in font [lmmono12-regular]:!
Missing character: There is no ═ (U+2550) in font [lmmono12-regular]:!
Missing character: There is no ═ (U+2550) in font [lmmono12-regular]:!
Missing character: There is no ═ (U+2550) in font [lmmono12-regular]:!
Missing character: There is no ═ (U+2550) in font [lmmono12-regular]:!
Missing character: There is no ═ (U+2550) in font [lmmono12-regular]:!
Missing character: There is no ═ (U+2550) in font [lmmono12-regular]:!
Missing character: There is no ═ (U+2550) in font [lmmono12-regular]:!
Missing character: There is no ═ (U+2550) in font [lmmono12-regular]:!
Missing character: There is no ═ (U+2550) in font [lmmono12-regular]:!
Missing character: There is no ═ (U+2550) in font [lmmono12-regular]:!
Missing character: There is no ═ (U+2550) in font [lmmono12-regular]:!
Missing character: There is no ═ (U+2550) in font [lmmono12-regular]:!
Missing character: There is no ═ (U+2550) in font [lmmono12-regular]:!
Missing character: There is no ═ (U+2550) in font [lmmono12-regular]:!
Missing character: There is no ═ (U+2550) in font [lmmono12-regular]:!
Missing character: There is no ═ (U+2550) in font [lmmono12-regular]:!
Missing character: There is no ═ (U+2550) in font [lmmono12-regular]:!
Missing character: There is no ═ (U+2550) in font [lmmono12-regular]:!
Missing character: There is no ═ (U+2550) in font [lmmono12-regular]:!
Missing character: There is no ═ (U+2550) in font [lmmono12-regular]:!
Missing character: There is no ═ (U+2550) in font [lmmono12-regular]:!
Missing character: There is no ═ (U+2550) in font [lmmono12-regular]:!
Missing character: There is no ═ (U+2550) in font [lmmono12-regular]:!
Missing character: There is no ═ (U+2550) in font [lmmono12-regular]:!
Missing character: There is no ═ (U+2550) in font [lmmono12-regular]:!
Missing character: There is no ═ (U+2550) in font [lmmono12-regular]:!
Missing character: There is no ═ (U+2550) in font [lmmono12-regular]:!
Missing character: There is no ✓ (U+2713) in font [lmmono12-regular]:!
Missing character: There is no ✓ (U+2713) in font [lmmono12-regular]:!
Missing character: There is no ✓ (U+2713) in font [lmmono12-regular]:!
Missing character: There is no ✓ (U+2713) in font [lmmono12-regular]:!
Missing character: There is no ✓ (U+2713) in font [lmmono12-regular]:!
Missing character: There is no ✓ (U+2713) in font [lmmono12-regular]:!
Missing character: There is no ✓ (U+2713) in font [lmmono12-regular]:!
Missing character: There is no ✓ (U+2713) in font [lmmono12-regular]:!

Overfull \hbox (67.60858pt too wide) in paragraph at lines 18573--18573
\TU/lmtt/m/n/12 ============================================================================[]|  
 []


Overfull \hbox (67.60858pt too wide) in paragraph at lines 18575--18575
\TU/lmtt/m/n/12 ============================================================================[]|  
 []

Missing character: There is no ═ (U+2550) in font [lmmono12-regular]:!
Missing character: There is no ═ (U+2550) in font [lmmono12-regular]:!
Missing character: There is no ═ (U+2550) in font [lmmono12-regular]:!
Missing character: There is no ═ (U+2550) in font [lmmono12-regular]:!
Missing character: There is no ═ (U+2550) in font [lmmono12-regular]:!
Missing character: There is no ═ (U+2550) in font [lmmono12-regular]:!
Missing character: There is no ═ (U+2550) in font [lmmono12-regular]:!
Missing character: There is no ═ (U+2550) in font [lmmono12-regular]:!
Missing character: There is no ═ (U+2550) in font [lmmono12-regular]:!
Missing character: There is no ═ (U+2550) in font [lmmono12-regular]:!
Missing character: There is no ═ (U+2550) in font [lmmono12-regular]:!
Missing character: There is no ═ (U+2550) in font [lmmono12-regular]:!
Missing character: There is no ═ (U+2550) in font [lmmono12-regular]:!
Missing character: There is no ═ (U+2550) in font [lmmono12-regular]:!
Missing character: There is no ═ (U+2550) in font [lmmono12-regular]:!
Missing character: There is no ═ (U+2550) in font [lmmono12-regular]:!
Missing character: There is no ═ (U+2550) in font [lmmono12-regular]:!
Missing character: There is no ═ (U+2550) in font [lmmono12-regular]:!
Missing character: There is no ═ (U+2550) in font [lmmono12-regular]:!
Missing character: There is no ═ (U+2550) in font [lmmono12-regular]:!
Missing character: There is no ═ (U+2550) in font [lmmono12-regular]:!
Missing character: There is no ═ (U+2550) in font [lmmono12-regular]:!
Missing character: There is no ═ (U+2550) in font [lmmono12-regular]:!
Missing character: There is no ═ (U+2550) in font [lmmono12-regular]:!
Missing character: There is no ═ (U+2550) in font [lmmono12-regular]:!
Missing character: There is no ═ (U+2550) in font [lmmono12-regular]:!
Missing character: There is no ═ (U+2550) in font [lmmono12-regular]:!
Missing character: There is no ═ (U+2550) in font [lmmono12-regular]:!
Missing character: There is no ═ (U+2550) in font [lmmono12-regular]:!
Missing character: There is no ═ (U+2550) in font [lmmono12-regular]:!
Missing character: There is no ═ (U+2550) in font [lmmono12-regular]:!
Missing character: There is no ═ (U+2550) in font [lmmono12-regular]:!
Missing character: There is no ═ (U+2550) in font [lmmono12-regular]:!
Missing character: There is no ═ (U+2550) in font [lmmono12-regular]:!
Missing character: There is no ═ (U+2550) in font [lmmono12-regular]:!
Missing character: There is no ═ (U+2550) in font [lmmono12-regular]:!
Missing character: There is no ═ (U+2550) in font [lmmono12-regular]:!
Missing character: There is no ═ (U+2550) in font [lmmono12-regular]:!
Missing character: There is no ═ (U+2550) in font [lmmono12-regular]:!
Missing character: There is no ═ (U+2550) in font [lmmono12-regular]:!
Missing character: There is no ═ (U+2550) in font [lmmono12-regular]:!
Missing character: There is no ═ (U+2550) in font [lmmono12-regular]:!
Missing character: There is no ═ (U+2550) in font [lmmono12-regular]:!
Missing character: There is no ═ (U+2550) in font [lmmono12-regular]:!
Missing character: There is no ═ (U+2550) in font [lmmono12-regular]:!
Missing character: There is no ═ (U+2550) in font [lmmono12-regular]:!
Missing character: There is no ═ (U+2550) in font [lmmono12-regular]:!
Missing character: There is no ═ (U+2550) in font [lmmono12-regular]:!
Missing character: There is no ═ (U+2550) in font [lmmono12-regular]:!
Missing character: There is no ═ (U+2550) in font [lmmono12-regular]:!
Missing character: There is no ═ (U+2550) in font [lmmono12-regular]:!
Missing character: There is no ═ (U+2550) in font [lmmono12-regular]:!
Missing character: There is no ═ (U+2550) in font [lmmono12-regular]:!
Missing character: There is no ═ (U+2550) in font [lmmono12-regular]:!
Missing character: There is no ═ (U+2550) in font [lmmono12-regular]:!
Missing character: There is no ═ (U+2550) in font [lmmono12-regular]:!
Missing character: There is no ═ (U+2550) in font [lmmono12-regular]:!
Missing character: There is no ═ (U+2550) in font [lmmono12-regular]:!
Missing character: There is no ═ (U+2550) in font [lmmono12-regular]:!
Missing character: There is no ═ (U+2550) in font [lmmono12-regular]:!
Missing character: There is no ═ (U+2550) in font [lmmono12-regular]:!
Missing character: There is no ═ (U+2550) in font [lmmono12-regular]:!
Missing character: There is no ═ (U+2550) in font [lmmono12-regular]:!
Missing character: There is no ═ (U+2550) in font [lmmono12-regular]:!
Missing character: There is no ═ (U+2550) in font [lmmono12-regular]:!
Missing character: There is no ═ (U+2550) in font [lmmono12-regular]:!
Missing character: There is no ═ (U+2550) in font [lmmono12-regular]:!
Missing character: There is no ═ (U+2550) in font [lmmono12-regular]:!
Missing character: There is no ═ (U+2550) in font [lmmono12-regular]:!
Missing character: There is no ═ (U+2550) in font [lmmono12-regular]:!
Missing character: There is no ═ (U+2550) in font [lmmono12-regular]:!
Missing character: There is no ═ (U+2550) in font [lmmono12-regular]:!
Missing character: There is no ═ (U+2550) in font [lmmono12-regular]:!
Missing character: There is no ═ (U+2550) in font [lmmono12-regular]:!
Missing character: There is no ═ (U+2550) in font [lmmono12-regular]:!
Missing character: There is no ═ (U+2550) in font [lmmono12-regular]:!
Missing character: There is no ═ (U+2550) in font [lmmono12-regular]:!
Missing character: There is no ═ (U+2550) in font [lmmono12-regular]:!
Missing character: There is no ═ (U+2550) in font [lmmono12-regular]:!
Missing character: There is no ═ (U+2550) in font [lmmono12-regular]:!
Missing character: There is no ═ (U+2550) in font [lmmono12-regular]:!
Missing character: There is no ═ (U+2550) in font [lmmono12-regular]:!
Missing character: There is no ═ (U+2550) in font [lmmono12-regular]:!
Missing character: There is no ═ (U+2550) in font [lmmono12-regular]:!
Missing character: There is no ═ (U+2550) in font [lmmono12-regular]:!
Missing character: There is no ═ (U+2550) in font [lmmono12-regular]:!
Missing character: There is no ═ (U+2550) in font [lmmono12-regular]:!
Missing character: There is no ═ (U+2550) in font [lmmono12-regular]:!
Missing character: There is no ═ (U+2550) in font [lmmono12-regular]:!
Missing character: There is no ═ (U+2550) in font [lmmono12-regular]:!
Missing character: There is no ═ (U+2550) in font [lmmono12-regular]:!
Missing character: There is no ═ (U+2550) in font [lmmono12-regular]:!
Missing character: There is no ═ (U+2550) in font [lmmono12-regular]:!
Missing character: There is no ═ (U+2550) in font [lmmono12-regular]:!
Missing character: There is no ═ (U+2550) in font [lmmono12-regular]:!
Missing character: There is no ═ (U+2550) in font [lmmono12-regular]:!
Missing character: There is no ═ (U+2550) in font [lmmono12-regular]:!
Missing character: There is no ═ (U+2550) in font [lmmono12-regular]:!
Missing character: There is no ═ (U+2550) in font [lmmono12-regular]:!
Missing character: There is no ═ (U+2550) in font [lmmono12-regular]:!
Missing character: There is no ═ (U+2550) in font [lmmono12-regular]:!
Missing character: There is no ═ (U+2550) in font [lmmono12-regular]:!
Missing character: There is no ═ (U+2550) in font [lmmono12-regular]:!
Missing character: There is no ═ (U+2550) in font [lmmono12-regular]:!
Missing character: There is no ═ (U+2550) in font [lmmono12-regular]:!
Missing character: There is no ═ (U+2550) in font [lmmono12-regular]:!
Missing character: There is no ═ (U+2550) in font [lmmono12-regular]:!
Missing character: There is no ═ (U+2550) in font [lmmono12-regular]:!
Missing character: There is no ═ (U+2550) in font [lmmono12-regular]:!
Missing character: There is no ═ (U+2550) in font [lmmono12-regular]:!
Missing character: There is no ═ (U+2550) in font [lmmono12-regular]:!
Missing character: There is no ═ (U+2550) in font [lmmono12-regular]:!
Missing character: There is no ═ (U+2550) in font [lmmono12-regular]:!
Missing character: There is no ═ (U+2550) in font [lmmono12-regular]:!
Missing character: There is no ═ (U+2550) in font [lmmono12-regular]:!
Missing character: There is no ═ (U+2550) in font [lmmono12-regular]:!
Missing character: There is no ═ (U+2550) in font [lmmono12-regular]:!
Missing character: There is no ═ (U+2550) in font [lmmono12-regular]:!
Missing character: There is no ═ (U+2550) in font [lmmono12-regular]:!
Missing character: There is no ═ (U+2550) in font [lmmono12-regular]:!
Missing character: There is no ═ (U+2550) in font [lmmono12-regular]:!
Missing character: There is no ═ (U+2550) in font [lmmono12-regular]:!
Missing character: There is no ═ (U+2550) in font [lmmono12-regular]:!
Missing character: There is no ═ (U+2550) in font [lmmono12-regular]:!
Missing character: There is no ═ (U+2550) in font [lmmono12-regular]:!
Missing character: There is no ═ (U+2550) in font [lmmono12-regular]:!
Missing character: There is no ═ (U+2550) in font [lmmono12-regular]:!
Missing character: There is no ═ (U+2550) in font [lmmono12-regular]:!
Missing character: There is no ═ (U+2550) in font [lmmono12-regular]:!
Missing character: There is no ═ (U+2550) in font [lmmono12-regular]:!
Missing character: There is no ═ (U+2550) in font [lmmono12-regular]:!
Missing character: There is no ═ (U+2550) in font [lmmono12-regular]:!
Missing character: There is no ═ (U+2550) in font [lmmono12-regular]:!
Missing character: There is no ═ (U+2550) in font [lmmono12-regular]:!
Missing character: There is no ═ (U+2550) in font [lmmono12-regular]:!
Missing character: There is no ═ (U+2550) in font [lmmono12-regular]:!
Missing character: There is no ═ (U+2550) in font [lmmono12-regular]:!
Missing character: There is no ═ (U+2550) in font [lmmono12-regular]:!
Missing character: There is no ═ (U+2550) in font [lmmono12-regular]:!
Missing character: There is no ═ (U+2550) in font [lmmono12-regular]:!
Missing character: There is no ═ (U+2550) in font [lmmono12-regular]:!
Missing character: There is no ═ (U+2550) in font [lmmono12-regular]:!
Missing character: There is no ═ (U+2550) in font [lmmono12-regular]:!
Missing character: There is no ═ (U+2550) in font [lmmono12-regular]:!
Missing character: There is no ═ (U+2550) in font [lmmono12-regular]:!
Missing character: There is no ═ (U+2550) in font [lmmono12-regular]:!
Missing character: There is no ═ (U+2550) in font [lmmono12-regular]:!
Missing character: There is no ═ (U+2550) in font [lmmono12-regular]:!
Missing character: There is no ═ (U+2550) in font [lmmono12-regular]:!
Missing character: There is no ═ (U+2550) in font [lmmono12-regular]:!
Missing character: There is no ═ (U+2550) in font [lmmono12-regular]:!
Missing character: There is no ═ (U+2550) in font [lmmono12-regular]:!
Missing character: There is no ═ (U+2550) in font [lmmono12-regular]:!
Missing character: There is no ═ (U+2550) in font [lmmono12-regular]:!
Missing character: There is no ═ (U+2550) in font [lmmono12-regular]:!
Missing character: There is no ═ (U+2550) in font [lmmono12-regular]:!
Missing character: There is no ═ (U+2550) in font [lmmono12-regular]:!
Missing character: There is no ═ (U+2550) in font [lmmono12-regular]:!
Missing character: There is no ═ (U+2550) in font [lmmono12-regular]:!
Missing character: There is no ═ (U+2550) in font [lmmono12-regular]:!
Missing character: There is no ═ (U+2550) in font [lmmono12-regular]:!
Missing character: There is no ═ (U+2550) in font [lmmono12-regular]:!
Missing character: There is no ═ (U+2550) in font [lmmono12-regular]:!
Missing character: There is no ═ (U+2550) in font [lmmono12-regular]:!
Missing character: There is no ═ (U+2550) in font [lmmono12-regular]:!
Missing character: There is no ═ (U+2550) in font [lmmono12-regular]:!
Missing character: There is no ═ (U+2550) in font [lmmono12-regular]:!
Missing character: There is no ═ (U+2550) in font [lmmono12-regular]:!
Missing character: There is no ═ (U+2550) in font [lmmono12-regular]:!
Missing character: There is no ═ (U+2550) in font [lmmono12-regular]:!
Missing character: There is no ═ (U+2550) in font [lmmono12-regular]:!
Missing character: There is no ═ (U+2550) in font [lmmono12-regular]:!
Missing character: There is no ═ (U+2550) in font [lmmono12-regular]:!
Missing character: There is no ═ (U+2550) in font [lmmono12-regular]:!
Missing character: There is no ═ (U+2550) in font [lmmono12-regular]:!
Missing character: There is no ═ (U+2550) in font [lmmono12-regular]:!
Missing character: There is no ═ (U+2550) in font [lmmono12-regular]:!
Missing character: There is no ═ (U+2550) in font [lmmono12-regular]:!
Missing character: There is no ═ (U+2550) in font [lmmono12-regular]:!
Missing character: There is no ═ (U+2550) in font [lmmono12-regular]:!
Missing character: There is no ═ (U+2550) in font [lmmono12-regular]:!
Missing character: There is no ═ (U+2550) in font [lmmono12-regular]:!
Missing character: There is no ═ (U+2550) in font [lmmono12-regular]:!
Missing character: There is no ═ (U+2550) in font [lmmono12-regular]:!
Missing character: There is no ═ (U+2550) in font [lmmono12-regular]:!
Missing character: There is no ═ (U+2550) in font [lmmono12-regular]:!
Missing character: There is no ═ (U+2550) in font [lmmono12-regular]:!
Missing character: There is no ═ (U+2550) in font [lmmono12-regular]:!
Missing character: There is no ═ (U+2550) in font [lmmono12-regular]:!
Missing character: There is no ═ (U+2550) in font [lmmono12-regular]:!
Missing character: There is no ═ (U+2550) in font [lmmono12-regular]:!
Missing character: There is no ═ (U+2550) in font [lmmono12-regular]:!
Missing character: There is no ═ (U+2550) in font [lmmono12-regular]:!
Missing character: There is no ═ (U+2550) in font [lmmono12-regular]:!
Missing character: There is no ═ (U+2550) in font [lmmono12-regular]:!
Missing character: There is no ═ (U+2550) in font [lmmono12-regular]:!
Missing character: There is no ═ (U+2550) in font [lmmono12-regular]:!
Missing character: There is no ═ (U+2550) in font [lmmono12-regular]:!
Missing character: There is no ═ (U+2550) in font [lmmono12-regular]:!
Missing character: There is no ═ (U+2550) in font [lmmono12-regular]:!
Missing character: There is no ═ (U+2550) in font [lmmono12-regular]:!
Missing character: There is no ═ (U+2550) in font [lmmono12-regular]:!
Missing character: There is no ═ (U+2550) in font [lmmono12-regular]:!
Missing character: There is no ═ (U+2550) in font [lmmono12-regular]:!
Missing character: There is no ═ (U+2550) in font [lmmono12-regular]:!
Missing character: There is no ═ (U+2550) in font [lmmono12-regular]:!
Missing character: There is no ═ (U+2550) in font [lmmono12-regular]:!
Missing character: There is no ═ (U+2550) in font [lmmono12-regular]:!
Missing character: There is no ═ (U+2550) in font [lmmono12-regular]:!
Missing character: There is no ═ (U+2550) in font [lmmono12-regular]:!
Missing character: There is no ═ (U+2550) in font [lmmono12-regular]:!
Missing character: There is no ═ (U+2550) in font [lmmono12-regular]:!
Missing character: There is no ═ (U+2550) in font [lmmono12-regular]:!
Missing character: There is no ═ (U+2550) in font [lmmono12-regular]:!
Missing character: There is no ═ (U+2550) in font [lmmono12-regular]:!
Missing character: There is no ═ (U+2550) in font [lmmono12-regular]:!
Missing character: There is no ═ (U+2550) in font [lmmono12-regular]:!
Missing character: There is no ═ (U+2550) in font [lmmono12-regular]:!
Missing character: There is no ═ (U+2550) in font [lmmono12-regular]:!
Missing character: There is no ═ (U+2550) in font [lmmono12-regular]:!
Missing character: There is no ═ (U+2550) in font [lmmono12-regular]:!
Missing character: There is no ═ (U+2550) in font [lmmono12-regular]:!
Missing character: There is no ═ (U+2550) in font [lmmono12-regular]:!
Missing character: There is no ═ (U+2550) in font [lmmono12-regular]:!
Missing character: There is no ═ (U+2550) in font [lmmono12-regular]:!
Missing character: There is no ═ (U+2550) in font [lmmono12-regular]:!
Missing character: There is no ═ (U+2550) in font [lmmono12-regular]:!
Missing character: There is no ═ (U+2550) in font [lmmono12-regular]:!
Missing character: There is no ═ (U+2550) in font [lmmono12-regular]:!
Missing character: There is no ═ (U+2550) in font [lmmono12-regular]:!
Missing character: There is no ═ (U+2550) in font [lmmono12-regular]:!
Missing character: There is no ═ (U+2550) in font [lmmono12-regular]:!
Missing character: There is no ═ (U+2550) in font [lmmono12-regular]:!
Missing character: There is no ═ (U+2550) in font [lmmono12-regular]:!
Missing character: There is no ═ (U+2550) in font [lmmono12-regular]:!
Missing character: There is no ═ (U+2550) in font [lmmono12-regular]:!
Missing character: There is no ═ (U+2550) in font [lmmono12-regular]:!
Missing character: There is no ═ (U+2550) in font [lmmono12-regular]:!
Missing character: There is no ═ (U+2550) in font [lmmono12-regular]:!
Missing character: There is no ═ (U+2550) in font [lmmono12-regular]:!
Missing character: There is no ═ (U+2550) in font [lmmono12-regular]:!
Missing character: There is no ═ (U+2550) in font [lmmono12-regular]:!
Missing character: There is no ═ (U+2550) in font [lmmono12-regular]:!
Missing character: There is no ═ (U+2550) in font [lmmono12-regular]:!
Missing character: There is no ═ (U+2550) in font [lmmono12-regular]:!
Missing character: There is no ═ (U+2550) in font [lmmono12-regular]:!
Missing character: There is no ═ (U+2550) in font [lmmono12-regular]:!
Missing character: There is no ═ (U+2550) in font [lmmono12-regular]:!
Missing character: There is no ═ (U+2550) in font [lmmono12-regular]:!
Missing character: There is no ═ (U+2550) in font [lmmono12-regular]:!
Missing character: There is no ═ (U+2550) in font [lmmono12-regular]:!
Missing character: There is no ═ (U+2550) in font [lmmono12-regular]:!
Missing character: There is no ═ (U+2550) in font [lmmono12-regular]:!
Missing character: There is no ═ (U+2550) in font [lmmono12-regular]:!
Missing character: There is no ═ (U+2550) in font [lmmono12-regular]:!
Missing character: There is no ═ (U+2550) in font [lmmono12-regular]:!
Missing character: There is no ═ (U+2550) in font [lmmono12-regular]:!
Missing character: There is no ═ (U+2550) in font [lmmono12-regular]:!
Missing character: There is no ═ (U+2550) in font [lmmono12-regular]:!
Missing character: There is no ═ (U+2550) in font [lmmono12-regular]:!
Missing character: There is no ═ (U+2550) in font [lmmono12-regular]:!
Missing character: There is no ═ (U+2550) in font [lmmono12-regular]:!
Missing character: There is no ═ (U+2550) in font [lmmono12-regular]:!
Missing character: There is no ═ (U+2550) in font [lmmono12-regular]:!
Missing character: There is no ═ (U+2550) in font [lmmono12-regular]:!
Missing character: There is no ═ (U+2550) in font [lmmono12-regular]:!
Missing character: There is no ═ (U+2550) in font [lmmono12-regular]:!
Missing character: There is no ═ (U+2550) in font [lmmono12-regular]:!
Missing character: There is no ═ (U+2550) in font [lmmono12-regular]:!
Missing character: There is no ═ (U+2550) in font [lmmono12-regular]:!
Missing character: There is no ═ (U+2550) in font [lmmono12-regular]:!
Missing character: There is no ═ (U+2550) in font [lmmono12-regular]:!
Missing character: There is no ═ (U+2550) in font [lmmono12-regular]:!
Missing character: There is no ═ (U+2550) in font [lmmono12-regular]:!
Missing character: There is no ═ (U+2550) in font [lmmono12-regular]:!
Missing character: There is no ═ (U+2550) in font [lmmono12-regular]:!
Missing character: There is no ═ (U+2550) in font [lmmono12-regular]:!
Missing character: There is no ═ (U+2550) in font [lmmono12-regular]:!
Missing character: There is no ═ (U+2550) in font [lmmono12-regular]:!
Missing character: There is no ═ (U+2550) in font [lmmono12-regular]:!
Missing character: There is no ═ (U+2550) in font [lmmono12-regular]:!
Missing character: There is no ═ (U+2550) in font [lmmono12-regular]:!
Missing character: There is no ═ (U+2550) in font [lmmono12-regular]:!
Missing character: There is no ═ (U+2550) in font [lmmono12-regular]:!

Overfull \hbox (67.60858pt too wide) in paragraph at lines 18617--18617
\TU/lmtt/m/n/12 ============================================================================[]|  
 []


Overfull \hbox (67.60858pt too wide) in paragraph at lines 18619--18619
\TU/lmtt/m/n/12 ============================================================================[]|  
 []

Missing character: There is no ═ (U+2550) in font [lmmono12-regular]:!
Missing character: There is no ═ (U+2550) in font [lmmono12-regular]:!
Missing character: There is no ═ (U+2550) in font [lmmono12-regular]:!
Missing character: There is no ═ (U+2550) in font [lmmono12-regular]:!
Missing character: There is no ═ (U+2550) in font [lmmono12-regular]:!
Missing character: There is no ═ (U+2550) in font [lmmono12-regular]:!
Missing character: There is no ═ (U+2550) in font [lmmono12-regular]:!
Missing character: There is no ═ (U+2550) in font [lmmono12-regular]:!
Missing character: There is no ═ (U+2550) in font [lmmono12-regular]:!
Missing character: There is no ═ (U+2550) in font [lmmono12-regular]:!
Missing character: There is no ═ (U+2550) in font [lmmono12-regular]:!
Missing character: There is no ═ (U+2550) in font [lmmono12-regular]:!
Missing character: There is no ═ (U+2550) in font [lmmono12-regular]:!
Missing character: There is no ═ (U+2550) in font [lmmono12-regular]:!
Missing character: There is no ═ (U+2550) in font [lmmono12-regular]:!
Missing character: There is no ═ (U+2550) in font [lmmono12-regular]:!
Missing character: There is no ═ (U+2550) in font [lmmono12-regular]:!
Missing character: There is no ═ (U+2550) in font [lmmono12-regular]:!
Missing character: There is no ═ (U+2550) in font [lmmono12-regular]:!
Missing character: There is no ═ (U+2550) in font [lmmono12-regular]:!
Missing character: There is no ═ (U+2550) in font [lmmono12-regular]:!
Missing character: There is no ═ (U+2550) in font [lmmono12-regular]:!
Missing character: There is no ═ (U+2550) in font [lmmono12-regular]:!
Missing character: There is no ═ (U+2550) in font [lmmono12-regular]:!
Missing character: There is no ═ (U+2550) in font [lmmono12-regular]:!
Missing character: There is no ═ (U+2550) in font [lmmono12-regular]:!
Missing character: There is no ═ (U+2550) in font [lmmono12-regular]:!
Missing character: There is no ═ (U+2550) in font [lmmono12-regular]:!
Missing character: There is no ═ (U+2550) in font [lmmono12-regular]:!
Missing character: There is no ═ (U+2550) in font [lmmono12-regular]:!
Missing character: There is no ═ (U+2550) in font [lmmono12-regular]:!
Missing character: There is no ═ (U+2550) in font [lmmono12-regular]:!
Missing character: There is no ═ (U+2550) in font [lmmono12-regular]:!
Missing character: There is no ═ (U+2550) in font [lmmono12-regular]:!
Missing character: There is no ═ (U+2550) in font [lmmono12-regular]:!
Missing character: There is no ═ (U+2550) in font [lmmono12-regular]:!
Missing character: There is no ═ (U+2550) in font [lmmono12-regular]:!
Missing character: There is no ═ (U+2550) in font [lmmono12-regular]:!
Missing character: There is no ═ (U+2550) in font [lmmono12-regular]:!
Missing character: There is no ═ (U+2550) in font [lmmono12-regular]:!
Missing character: There is no ═ (U+2550) in font [lmmono12-regular]:!
Missing character: There is no ═ (U+2550) in font [lmmono12-regular]:!
Missing character: There is no ═ (U+2550) in font [lmmono12-regular]:!
Missing character: There is no ═ (U+2550) in font [lmmono12-regular]:!
Missing character: There is no ═ (U+2550) in font [lmmono12-regular]:!
Missing character: There is no ═ (U+2550) in font [lmmono12-regular]:!
Missing character: There is no ═ (U+2550) in font [lmmono12-regular]:!
Missing character: There is no ═ (U+2550) in font [lmmono12-regular]:!
Missing character: There is no ═ (U+2550) in font [lmmono12-regular]:!
Missing character: There is no ═ (U+2550) in font [lmmono12-regular]:!
Missing character: There is no ═ (U+2550) in font [lmmono12-regular]:!
Missing character: There is no ═ (U+2550) in font [lmmono12-regular]:!
Missing character: There is no ═ (U+2550) in font [lmmono12-regular]:!
Missing character: There is no ═ (U+2550) in font [lmmono12-regular]:!
Missing character: There is no ═ (U+2550) in font [lmmono12-regular]:!
Missing character: There is no ═ (U+2550) in font [lmmono12-regular]:!
Missing character: There is no ═ (U+2550) in font [lmmono12-regular]:!
Missing character: There is no ═ (U+2550) in font [lmmono12-regular]:!
Missing character: There is no ═ (U+2550) in font [lmmono12-regular]:!
Missing character: There is no ═ (U+2550) in font [lmmono12-regular]:!
Missing character: There is no ═ (U+2550) in font [lmmono12-regular]:!
Missing character: There is no ═ (U+2550) in font [lmmono12-regular]:!
Missing character: There is no ═ (U+2550) in font [lmmono12-regular]:!
Missing character: There is no ═ (U+2550) in font [lmmono12-regular]:!
Missing character: There is no ═ (U+2550) in font [lmmono12-regular]:!
Missing character: There is no ═ (U+2550) in font [lmmono12-regular]:!
Missing character: There is no ═ (U+2550) in font [lmmono12-regular]:!
Missing character: There is no ═ (U+2550) in font [lmmono12-regular]:!
Missing character: There is no ═ (U+2550) in font [lmmono12-regular]:!
Missing character: There is no ═ (U+2550) in font [lmmono12-regular]:!
Missing character: There is no ═ (U+2550) in font [lmmono12-regular]:!
Missing character: There is no ═ (U+2550) in font [lmmono12-regular]:!
Missing character: There is no ═ (U+2550) in font [lmmono12-regular]:!
Missing character: There is no ═ (U+2550) in font [lmmono12-regular]:!
Missing character: There is no ═ (U+2550) in font [lmmono12-regular]:!
Missing character: There is no ═ (U+2550) in font [lmmono12-regular]:!
Missing character: There is no ═ (U+2550) in font [lmmono12-regular]:!
Missing character: There is no ═ (U+2550) in font [lmmono12-regular]:!
Missing character: There is no ═ (U+2550) in font [lmmono12-regular]:!
Missing character: There is no ═ (U+2550) in font [lmmono12-regular]:!
Missing character: There is no ═ (U+2550) in font [lmmono12-regular]:!
Missing character: There is no ═ (U+2550) in font [lmmono12-regular]:!
Missing character: There is no ═ (U+2550) in font [lmmono12-regular]:!
Missing character: There is no ═ (U+2550) in font [lmmono12-regular]:!
Missing character: There is no ═ (U+2550) in font [lmmono12-regular]:!
Missing character: There is no ═ (U+2550) in font [lmmono12-regular]:!
Missing character: There is no ═ (U+2550) in font [lmmono12-regular]:!
Missing character: There is no ═ (U+2550) in font [lmmono12-regular]:!
Missing character: There is no ═ (U+2550) in font [lmmono12-regular]:!
Missing character: There is no ═ (U+2550) in font [lmmono12-regular]:!
Missing character: There is no ═ (U+2550) in font [lmmono12-regular]:!
Missing character: There is no ═ (U+2550) in font [lmmono12-regular]:!
Missing character: There is no ═ (U+2550) in font [lmmono12-regular]:!
Missing character: There is no ═ (U+2550) in font [lmmono12-regular]:!
Missing character: There is no ═ (U+2550) in font [lmmono12-regular]:!
Missing character: There is no ═ (U+2550) in font [lmmono12-regular]:!
Missing character: There is no ═ (U+2550) in font [lmmono12-regular]:!
Missing character: There is no ═ (U+2550) in font [lmmono12-regular]:!
Missing character: There is no ═ (U+2550) in font [lmmono12-regular]:!
Missing character: There is no ═ (U+2550) in font [lmmono12-regular]:!
Missing character: There is no ═ (U+2550) in font [lmmono12-regular]:!
Missing character: There is no ═ (U+2550) in font [lmmono12-regular]:!
Missing character: There is no ═ (U+2550) in font [lmmono12-regular]:!
Missing character: There is no ═ (U+2550) in font [lmmono12-regular]:!
Missing character: There is no ═ (U+2550) in font [lmmono12-regular]:!
Missing character: There is no ═ (U+2550) in font [lmmono12-regular]:!
Missing character: There is no ═ (U+2550) in font [lmmono12-regular]:!
Missing character: There is no ═ (U+2550) in font [lmmono12-regular]:!
Missing character: There is no ═ (U+2550) in font [lmmono12-regular]:!
Missing character: There is no ═ (U+2550) in font [lmmono12-regular]:!
Missing character: There is no ═ (U+2550) in font [lmmono12-regular]:!
Missing character: There is no ═ (U+2550) in font [lmmono12-regular]:!
Missing character: There is no ═ (U+2550) in font [lmmono12-regular]:!
Missing character: There is no ═ (U+2550) in font [lmmono12-regular]:!
Missing character: There is no ═ (U+2550) in font [lmmono12-regular]:!
Missing character: There is no ═ (U+2550) in font [lmmono12-regular]:!
Missing character: There is no ═ (U+2550) in font [lmmono12-regular]:!
Missing character: There is no ═ (U+2550) in font [lmmono12-regular]:!
Missing character: There is no ═ (U+2550) in font [lmmono12-regular]:!
Missing character: There is no ═ (U+2550) in font [lmmono12-regular]:!
Missing character: There is no ═ (U+2550) in font [lmmono12-regular]:!
Missing character: There is no ═ (U+2550) in font [lmmono12-regular]:!
Missing character: There is no ═ (U+2550) in font [lmmono12-regular]:!
Missing character: There is no ═ (U+2550) in font [lmmono12-regular]:!
Missing character: There is no ═ (U+2550) in font [lmmono12-regular]:!
Missing character: There is no ═ (U+2550) in font [lmmono12-regular]:!
Missing character: There is no ═ (U+2550) in font [lmmono12-regular]:!
Missing character: There is no ═ (U+2550) in font [lmmono12-regular]:!
Missing character: There is no ═ (U+2550) in font [lmmono12-regular]:!
Missing character: There is no ═ (U+2550) in font [lmmono12-regular]:!
Missing character: There is no ═ (U+2550) in font [lmmono12-regular]:!
Missing character: There is no ═ (U+2550) in font [lmmono12-regular]:!
Missing character: There is no ═ (U+2550) in font [lmmono12-regular]:!
Missing character: There is no ═ (U+2550) in font [lmmono12-regular]:!
Missing character: There is no ═ (U+2550) in font [lmmono12-regular]:!
Missing character: There is no ═ (U+2550) in font [lmmono12-regular]:!
Missing character: There is no ═ (U+2550) in font [lmmono12-regular]:!
Missing character: There is no ═ (U+2550) in font [lmmono12-regular]:!
Missing character: There is no ═ (U+2550) in font [lmmono12-regular]:!
Missing character: There is no ═ (U+2550) in font [lmmono12-regular]:!
Missing character: There is no ═ (U+2550) in font [lmmono12-regular]:!
Missing character: There is no ═ (U+2550) in font [lmmono12-regular]:!
Missing character: There is no ═ (U+2550) in font [lmmono12-regular]:!
Missing character: There is no ═ (U+2550) in font [lmmono12-regular]:!
Missing character: There is no ═ (U+2550) in font [lmmono12-regular]:!
Missing character: There is no ═ (U+2550) in font [lmmono12-regular]:!
Missing character: There is no ═ (U+2550) in font [lmmono12-regular]:!
Missing character: There is no ═ (U+2550) in font [lmmono12-regular]:!
Missing character: There is no ═ (U+2550) in font [lmmono12-regular]:!
Missing character: There is no ═ (U+2550) in font [lmmono12-regular]:!
Missing character: There is no ═ (U+2550) in font [lmmono12-regular]:!
Missing character: There is no ═ (U+2550) in font [lmmono12-regular]:!
Missing character: There is no ═ (U+2550) in font [lmmono12-regular]:!
Missing character: There is no ═ (U+2550) in font [lmmono12-regular]:!
Missing character: There is no ═ (U+2550) in font [lmmono12-regular]:!
Missing character: There is no ═ (U+2550) in font [lmmono12-regular]:!
Missing character: There is no ═ (U+2550) in font [lmmono12-regular]:!
Missing character: There is no ═ (U+2550) in font [lmmono12-regular]:!
Missing character: There is no ═ (U+2550) in font [lmmono12-regular]:!
Missing character: There is no ═ (U+2550) in font [lmmono12-regular]:!
Missing character: There is no ═ (U+2550) in font [lmmono12-regular]:!
Missing character: There is no ═ (U+2550) in font [lmmono12-regular]:!
Missing character: There is no ═ (U+2550) in font [lmmono12-regular]:!
Missing character: There is no ═ (U+2550) in font [lmmono12-regular]:!
Missing character: There is no ═ (U+2550) in font [lmmono12-regular]:!
Missing character: There is no ═ (U+2550) in font [lmmono12-regular]:!
Missing character: There is no ═ (U+2550) in font [lmmono12-regular]:!
Missing character: There is no ═ (U+2550) in font [lmmono12-regular]:!
Missing character: There is no ═ (U+2550) in font [lmmono12-regular]:!
Missing character: There is no ═ (U+2550) in font [lmmono12-regular]:!
Missing character: There is no ═ (U+2550) in font [lmmono12-regular]:!
Missing character: There is no ═ (U+2550) in font [lmmono12-regular]:!
Missing character: There is no ═ (U+2550) in font [lmmono12-regular]:!
Missing character: There is no ═ (U+2550) in font [lmmono12-regular]:!
Missing character: There is no ═ (U+2550) in font [lmmono12-regular]:!
Missing character: There is no ═ (U+2550) in font [lmmono12-regular]:!
Missing character: There is no ═ (U+2550) in font [lmmono12-regular]:!
Missing character: There is no ═ (U+2550) in font [lmmono12-regular]:!
Missing character: There is no ═ (U+2550) in font [lmmono12-regular]:!
Missing character: There is no ═ (U+2550) in font [lmmono12-regular]:!
Missing character: There is no ═ (U+2550) in font [lmmono12-regular]:!
Missing character: There is no ═ (U+2550) in font [lmmono12-regular]:!
Missing character: There is no ═ (U+2550) in font [lmmono12-regular]:!
Missing character: There is no ═ (U+2550) in font [lmmono12-regular]:!
Missing character: There is no ═ (U+2550) in font [lmmono12-regular]:!
Missing character: There is no ═ (U+2550) in font [lmmono12-regular]:!
Missing character: There is no ═ (U+2550) in font [lmmono12-regular]:!
Missing character: There is no ═ (U+2550) in font [lmmono12-regular]:!
Missing character: There is no ═ (U+2550) in font [lmmono12-regular]:!
Missing character: There is no ═ (U+2550) in font [lmmono12-regular]:!
Missing character: There is no ═ (U+2550) in font [lmmono12-regular]:!
Missing character: There is no ═ (U+2550) in font [lmmono12-regular]:!
Missing character: There is no ═ (U+2550) in font [lmmono12-regular]:!
Missing character: There is no ═ (U+2550) in font [lmmono12-regular]:!
Missing character: There is no ═ (U+2550) in font [lmmono12-regular]:!
Missing character: There is no ═ (U+2550) in font [lmmono12-regular]:!
Missing character: There is no ═ (U+2550) in font [lmmono12-regular]:!
Missing character: There is no ═ (U+2550) in font [lmmono12-regular]:!
Missing character: There is no ═ (U+2550) in font [lmmono12-regular]:!
Missing character: There is no ═ (U+2550) in font [lmmono12-regular]:!
Missing character: There is no ═ (U+2550) in font [lmmono12-regular]:!
Missing character: There is no ═ (U+2550) in font [lmmono12-regular]:!
Missing character: There is no ═ (U+2550) in font [lmmono12-regular]:!
Missing character: There is no ═ (U+2550) in font [lmmono12-regular]:!
Missing character: There is no ═ (U+2550) in font [lmmono12-regular]:!
Missing character: There is no ═ (U+2550) in font [lmmono12-regular]:!
Missing character: There is no ═ (U+2550) in font [lmmono12-regular]:!
Missing character: There is no ═ (U+2550) in font [lmmono12-regular]:!
Missing character: There is no ═ (U+2550) in font [lmmono12-regular]:!
Missing character: There is no ═ (U+2550) in font [lmmono12-regular]:!
Missing character: There is no ═ (U+2550) in font [lmmono12-regular]:!
Missing character: There is no ═ (U+2550) in font [lmmono12-regular]:!
Missing character: There is no ═ (U+2550) in font [lmmono12-regular]:!
Missing character: There is no ═ (U+2550) in font [lmmono12-regular]:!
Missing character: There is no ═ (U+2550) in font [lmmono12-regular]:!
Missing character: There is no ═ (U+2550) in font [lmmono12-regular]:!
Missing character: There is no ═ (U+2550) in font [lmmono12-regular]:!
Missing character: There is no ═ (U+2550) in font [lmmono12-regular]:!
Missing character: There is no ═ (U+2550) in font [lmmono12-regular]:!
Missing character: There is no ═ (U+2550) in font [lmmono12-regular]:!
Missing character: There is no ═ (U+2550) in font [lmmono12-regular]:!
Missing character: There is no ═ (U+2550) in font [lmmono12-regular]:!
Missing character: There is no ═ (U+2550) in font [lmmono12-regular]:!
Missing character: There is no ═ (U+2550) in font [lmmono12-regular]:!
Missing character: There is no ═ (U+2550) in font [lmmono12-regular]:!
Missing character: There is no ═ (U+2550) in font [lmmono12-regular]:!
Missing character: There is no ═ (U+2550) in font [lmmono12-regular]:!
Missing character: There is no ═ (U+2550) in font [lmmono12-regular]:!
Missing character: There is no ═ (U+2550) in font [lmmono12-regular]:!
Missing character: There is no ═ (U+2550) in font [lmmono12-regular]:!
Missing character: There is no ═ (U+2550) in font [lmmono12-regular]:!
Missing character: There is no ═ (U+2550) in font [lmmono12-regular]:!
Missing character: There is no ═ (U+2550) in font [lmmono12-regular]:!
Missing character: There is no ═ (U+2550) in font [lmmono12-regular]:!
Missing character: There is no ═ (U+2550) in font [lmmono12-regular]:!
Missing character: There is no ═ (U+2550) in font [lmmono12-regular]:!
Missing character: There is no ═ (U+2550) in font [lmmono12-regular]:!
Missing character: There is no ═ (U+2550) in font [lmmono12-regular]:!
Missing character: There is no ═ (U+2550) in font [lmmono12-regular]:!
Missing character: There is no ═ (U+2550) in font [lmmono12-regular]:!
Missing character: There is no ═ (U+2550) in font [lmmono12-regular]:!
Missing character: There is no ═ (U+2550) in font [lmmono12-regular]:!
Missing character: There is no ═ (U+2550) in font [lmmono12-regular]:!
Missing character: There is no ═ (U+2550) in font [lmmono12-regular]:!
Missing character: There is no ═ (U+2550) in font [lmmono12-regular]:!
Missing character: There is no ═ (U+2550) in font [lmmono12-regular]:!
Missing character: There is no ═ (U+2550) in font [lmmono12-regular]:!
Missing character: There is no ═ (U+2550) in font [lmmono12-regular]:!
Missing character: There is no ═ (U+2550) in font [lmmono12-regular]:!
Missing character: There is no ═ (U+2550) in font [lmmono12-regular]:!
Missing character: There is no ═ (U+2550) in font [lmmono12-regular]:!
Missing character: There is no ═ (U+2550) in font [lmmono12-regular]:!
Missing character: There is no ═ (U+2550) in font [lmmono12-regular]:!
Missing character: There is no ═ (U+2550) in font [lmmono12-regular]:!
Missing character: There is no ═ (U+2550) in font [lmmono12-regular]:!
Missing character: There is no ═ (U+2550) in font [lmmono12-regular]:!
Missing character: There is no ═ (U+2550) in font [lmmono12-regular]:!
Missing character: There is no ═ (U+2550) in font [lmmono12-regular]:!
Missing character: There is no ═ (U+2550) in font [lmmono12-regular]:!
Missing character: There is no ═ (U+2550) in font [lmmono12-regular]:!
Missing character: There is no ═ (U+2550) in font [lmmono12-regular]:!
Missing character: There is no ═ (U+2550) in font [lmmono12-regular]:!
Missing character: There is no ═ (U+2550) in font [lmmono12-regular]:!
Missing character: There is no ═ (U+2550) in font [lmmono12-regular]:!
Missing character: There is no ═ (U+2550) in font [lmmono12-regular]:!
Missing character: There is no ═ (U+2550) in font [lmmono12-regular]:!
Missing character: There is no ═ (U+2550) in font [lmmono12-regular]:!
Missing character: There is no ═ (U+2550) in font [lmmono12-regular]:!
Missing character: There is no ═ (U+2550) in font [lmmono12-regular]:!
Missing character: There is no ═ (U+2550) in font [lmmono12-regular]:!
Missing character: There is no ═ (U+2550) in font [lmmono12-regular]:!
Missing character: There is no ═ (U+2550) in font [lmmono12-regular]:!
Missing character: There is no ═ (U+2550) in font [lmmono12-regular]:!
Missing character: There is no ═ (U+2550) in font [lmmono12-regular]:!
Missing character: There is no ═ (U+2550) in font [lmmono12-regular]:!
Missing character: There is no ═ (U+2550) in font [lmmono12-regular]:!
Missing character: There is no ═ (U+2550) in font [lmmono12-regular]:!
Missing character: There is no ═ (U+2550) in font [lmmono12-regular]:!
Missing character: There is no ═ (U+2550) in font [lmmono12-regular]:!
Missing character: There is no ═ (U+2550) in font [lmmono12-regular]:!
Missing character: There is no ═ (U+2550) in font [lmmono12-regular]:!
Missing character: There is no ═ (U+2550) in font [lmmono12-regular]:!
Missing character: There is no ═ (U+2550) in font [lmmono12-regular]:!
Missing character: There is no ═ (U+2550) in font [lmmono12-regular]:!

Overfull \hbox (67.60858pt too wide) in paragraph at lines 18702--18702
\TU/lmtt/m/n/12 ============================================================================[]|  
 []


Overfull \hbox (67.60858pt too wide) in paragraph at lines 18704--18704
\TU/lmtt/m/n/12 ============================================================================[]|  
 []

Missing character: There is no ═ (U+2550) in font [lmmono12-regular]:!
Missing character: There is no ═ (U+2550) in font [lmmono12-regular]:!
Missing character: There is no ═ (U+2550) in font [lmmono12-regular]:!
Missing character: There is no ═ (U+2550) in font [lmmono12-regular]:!
Missing character: There is no ═ (U+2550) in font [lmmono12-regular]:!
Missing character: There is no ═ (U+2550) in font [lmmono12-regular]:!
Missing character: There is no ═ (U+2550) in font [lmmono12-regular]:!
Missing character: There is no ═ (U+2550) in font [lmmono12-regular]:!
Missing character: There is no ═ (U+2550) in font [lmmono12-regular]:!
Missing character: There is no ═ (U+2550) in font [lmmono12-regular]:!
Missing character: There is no ═ (U+2550) in font [lmmono12-regular]:!
Missing character: There is no ═ (U+2550) in font [lmmono12-regular]:!
Missing character: There is no ═ (U+2550) in font [lmmono12-regular]:!
Missing character: There is no ═ (U+2550) in font [lmmono12-regular]:!
Missing character: There is no ═ (U+2550) in font [lmmono12-regular]:!
Missing character: There is no ═ (U+2550) in font [lmmono12-regular]:!
Missing character: There is no ═ (U+2550) in font [lmmono12-regular]:!
Missing character: There is no ═ (U+2550) in font [lmmono12-regular]:!
Missing character: There is no ═ (U+2550) in font [lmmono12-regular]:!
Missing character: There is no ═ (U+2550) in font [lmmono12-regular]:!
Missing character: There is no ═ (U+2550) in font [lmmono12-regular]:!
Missing character: There is no ═ (U+2550) in font [lmmono12-regular]:!
Missing character: There is no ═ (U+2550) in font [lmmono12-regular]:!
Missing character: There is no ═ (U+2550) in font [lmmono12-regular]:!
Missing character: There is no ═ (U+2550) in font [lmmono12-regular]:!
Missing character: There is no ═ (U+2550) in font [lmmono12-regular]:!
Missing character: There is no ═ (U+2550) in font [lmmono12-regular]:!
Missing character: There is no ═ (U+2550) in font [lmmono12-regular]:!
Missing character: There is no ═ (U+2550) in font [lmmono12-regular]:!
Missing character: There is no ═ (U+2550) in font [lmmono12-regular]:!
Missing character: There is no ═ (U+2550) in font [lmmono12-regular]:!
Missing character: There is no ═ (U+2550) in font [lmmono12-regular]:!
Missing character: There is no ═ (U+2550) in font [lmmono12-regular]:!
Missing character: There is no ═ (U+2550) in font [lmmono12-regular]:!
Missing character: There is no ═ (U+2550) in font [lmmono12-regular]:!
Missing character: There is no ═ (U+2550) in font [lmmono12-regular]:!
Missing character: There is no ═ (U+2550) in font [lmmono12-regular]:!
Missing character: There is no ═ (U+2550) in font [lmmono12-regular]:!
Missing character: There is no ═ (U+2550) in font [lmmono12-regular]:!
Missing character: There is no ═ (U+2550) in font [lmmono12-regular]:!
Missing character: There is no ═ (U+2550) in font [lmmono12-regular]:!
Missing character: There is no ═ (U+2550) in font [lmmono12-regular]:!
Missing character: There is no ═ (U+2550) in font [lmmono12-regular]:!
Missing character: There is no ═ (U+2550) in font [lmmono12-regular]:!
Missing character: There is no ═ (U+2550) in font [lmmono12-regular]:!
Missing character: There is no ═ (U+2550) in font [lmmono12-regular]:!
Missing character: There is no ═ (U+2550) in font [lmmono12-regular]:!
Missing character: There is no ═ (U+2550) in font [lmmono12-regular]:!
Missing character: There is no ═ (U+2550) in font [lmmono12-regular]:!
Missing character: There is no ═ (U+2550) in font [lmmono12-regular]:!
Missing character: There is no ═ (U+2550) in font [lmmono12-regular]:!
Missing character: There is no ═ (U+2550) in font [lmmono12-regular]:!
Missing character: There is no ═ (U+2550) in font [lmmono12-regular]:!
Missing character: There is no ═ (U+2550) in font [lmmono12-regular]:!
Missing character: There is no ═ (U+2550) in font [lmmono12-regular]:!
Missing character: There is no ═ (U+2550) in font [lmmono12-regular]:!
Missing character: There is no ═ (U+2550) in font [lmmono12-regular]:!
Missing character: There is no ═ (U+2550) in font [lmmono12-regular]:!
Missing character: There is no ═ (U+2550) in font [lmmono12-regular]:!
Missing character: There is no ═ (U+2550) in font [lmmono12-regular]:!
Missing character: There is no ═ (U+2550) in font [lmmono12-regular]:!
Missing character: There is no ═ (U+2550) in font [lmmono12-regular]:!
Missing character: There is no ═ (U+2550) in font [lmmono12-regular]:!
Missing character: There is no ═ (U+2550) in font [lmmono12-regular]:!
Missing character: There is no ═ (U+2550) in font [lmmono12-regular]:!
Missing character: There is no ═ (U+2550) in font [lmmono12-regular]:!
Missing character: There is no ═ (U+2550) in font [lmmono12-regular]:!
Missing character: There is no ═ (U+2550) in font [lmmono12-regular]:!
Missing character: There is no ═ (U+2550) in font [lmmono12-regular]:!
Missing character: There is no ═ (U+2550) in font [lmmono12-regular]:!
Missing character: There is no ═ (U+2550) in font [lmmono12-regular]:!
Missing character: There is no ═ (U+2550) in font [lmmono12-regular]:!
Missing character: There is no ═ (U+2550) in font [lmmono12-regular]:!
Missing character: There is no ═ (U+2550) in font [lmmono12-regular]:!
Missing character: There is no ═ (U+2550) in font [lmmono12-regular]:!
Missing character: There is no ═ (U+2550) in font [lmmono12-regular]:!
Missing character: There is no ═ (U+2550) in font [lmmono12-regular]:!
Missing character: There is no ═ (U+2550) in font [lmmono12-regular]:!
Missing character: There is no ═ (U+2550) in font [lmmono12-regular]:!
Missing character: There is no ═ (U+2550) in font [lmmono12-regular]:!
Missing character: There is no ═ (U+2550) in font [lmmono12-regular]:!
Missing character: There is no ═ (U+2550) in font [lmmono12-regular]:!
Missing character: There is no ═ (U+2550) in font [lmmono12-regular]:!
Missing character: There is no ═ (U+2550) in font [lmmono12-regular]:!
Missing character: There is no ═ (U+2550) in font [lmmono12-regular]:!
Missing character: There is no ═ (U+2550) in font [lmmono12-regular]:!
Missing character: There is no ═ (U+2550) in font [lmmono12-regular]:!
Missing character: There is no ═ (U+2550) in font [lmmono12-regular]:!
Missing character: There is no ═ (U+2550) in font [lmmono12-regular]:!
Missing character: There is no ═ (U+2550) in font [lmmono12-regular]:!
Missing character: There is no ═ (U+2550) in font [lmmono12-regular]:!
Missing character: There is no ═ (U+2550) in font [lmmono12-regular]:!
Missing character: There is no ═ (U+2550) in font [lmmono12-regular]:!
Missing character: There is no ═ (U+2550) in font [lmmono12-regular]:!
Missing character: There is no ═ (U+2550) in font [lmmono12-regular]:!
Missing character: There is no ═ (U+2550) in font [lmmono12-regular]:!
Missing character: There is no ═ (U+2550) in font [lmmono12-regular]:!
Missing character: There is no ═ (U+2550) in font [lmmono12-regular]:!
Missing character: There is no ═ (U+2550) in font [lmmono12-regular]:!
Missing character: There is no ═ (U+2550) in font [lmmono12-regular]:!
Missing character: There is no ═ (U+2550) in font [lmmono12-regular]:!
Missing character: There is no ═ (U+2550) in font [lmmono12-regular]:!
Missing character: There is no ═ (U+2550) in font [lmmono12-regular]:!
Missing character: There is no ═ (U+2550) in font [lmmono12-regular]:!
Missing character: There is no ═ (U+2550) in font [lmmono12-regular]:!
Missing character: There is no ═ (U+2550) in font [lmmono12-regular]:!
Missing character: There is no ═ (U+2550) in font [lmmono12-regular]:!
Missing character: There is no ═ (U+2550) in font [lmmono12-regular]:!
Missing character: There is no ═ (U+2550) in font [lmmono12-regular]:!
Missing character: There is no ═ (U+2550) in font [lmmono12-regular]:!
Missing character: There is no ═ (U+2550) in font [lmmono12-regular]:!
Missing character: There is no ═ (U+2550) in font [lmmono12-regular]:!
Missing character: There is no ═ (U+2550) in font [lmmono12-regular]:!
Missing character: There is no ═ (U+2550) in font [lmmono12-regular]:!
Missing character: There is no ═ (U+2550) in font [lmmono12-regular]:!
Missing character: There is no ═ (U+2550) in font [lmmono12-regular]:!
Missing character: There is no ═ (U+2550) in font [lmmono12-regular]:!
Missing character: There is no ═ (U+2550) in font [lmmono12-regular]:!
Missing character: There is no ═ (U+2550) in font [lmmono12-regular]:!
Missing character: There is no ═ (U+2550) in font [lmmono12-regular]:!
Missing character: There is no ═ (U+2550) in font [lmmono12-regular]:!
Missing character: There is no ═ (U+2550) in font [lmmono12-regular]:!
Missing character: There is no ═ (U+2550) in font [lmmono12-regular]:!
Missing character: There is no ═ (U+2550) in font [lmmono12-regular]:!
Missing character: There is no ═ (U+2550) in font [lmmono12-regular]:!
Missing character: There is no ═ (U+2550) in font [lmmono12-regular]:!
Missing character: There is no ═ (U+2550) in font [lmmono12-regular]:!
Missing character: There is no ═ (U+2550) in font [lmmono12-regular]:!
Missing character: There is no ═ (U+2550) in font [lmmono12-regular]:!
Missing character: There is no ═ (U+2550) in font [lmmono12-regular]:!
Missing character: There is no ═ (U+2550) in font [lmmono12-regular]:!
Missing character: There is no ═ (U+2550) in font [lmmono12-regular]:!
Missing character: There is no ═ (U+2550) in font [lmmono12-regular]:!
Missing character: There is no ═ (U+2550) in font [lmmono12-regular]:!
Missing character: There is no ═ (U+2550) in font [lmmono12-regular]:!
Missing character: There is no ═ (U+2550) in font [lmmono12-regular]:!
Missing character: There is no ═ (U+2550) in font [lmmono12-regular]:!
Missing character: There is no ═ (U+2550) in font [lmmono12-regular]:!
Missing character: There is no ═ (U+2550) in font [lmmono12-regular]:!
Missing character: There is no ═ (U+2550) in font [lmmono12-regular]:!
Missing character: There is no ═ (U+2550) in font [lmmono12-regular]:!
Missing character: There is no ═ (U+2550) in font [lmmono12-regular]:!
Missing character: There is no ═ (U+2550) in font [lmmono12-regular]:!
Missing character: There is no ═ (U+2550) in font [lmmono12-regular]:!
Missing character: There is no ═ (U+2550) in font [lmmono12-regular]:!
Missing character: There is no ═ (U+2550) in font [lmmono12-regular]:!
Missing character: There is no ═ (U+2550) in font [lmmono12-regular]:!
Missing character: There is no ═ (U+2550) in font [lmmono12-regular]:!
Missing character: There is no ═ (U+2550) in font [lmmono12-regular]:!
Missing character: There is no ═ (U+2550) in font [lmmono12-regular]:!
Missing character: There is no ═ (U+2550) in font [lmmono12-regular]:!
Missing character: There is no ═ (U+2550) in font [lmmono12-regular]:!
Missing character: There is no ═ (U+2550) in font [lmmono12-regular]:!
Missing character: There is no ═ (U+2550) in font [lmmono12-regular]:!
Missing character: There is no ═ (U+2550) in font [lmmono12-regular]:!
Missing character: There is no ═ (U+2550) in font [lmmono12-regular]:!
Missing character: There is no ═ (U+2550) in font [lmmono12-regular]:!
Missing character: There is no ═ (U+2550) in font [lmmono12-regular]:!
Missing character: There is no ═ (U+2550) in font [lmmono12-regular]:!
Missing character: There is no ═ (U+2550) in font [lmmono12-regular]:!
Missing character: There is no ═ (U+2550) in font [lmmono12-regular]:!
Missing character: There is no ═ (U+2550) in font [lmmono12-regular]:!
Missing character: There is no ═ (U+2550) in font [lmmono12-regular]:!
Missing character: There is no ═ (U+2550) in font [lmmono12-regular]:!
Missing character: There is no ═ (U+2550) in font [lmmono12-regular]:!
Missing character: There is no ═ (U+2550) in font [lmmono12-regular]:!
Missing character: There is no ═ (U+2550) in font [lmmono12-regular]:!
Missing character: There is no ═ (U+2550) in font [lmmono12-regular]:!
Missing character: There is no ═ (U+2550) in font [lmmono12-regular]:!
Missing character: There is no ═ (U+2550) in font [lmmono12-regular]:!
Missing character: There is no ═ (U+2550) in font [lmmono12-regular]:!
Missing character: There is no ═ (U+2550) in font [lmmono12-regular]:!
Missing character: There is no ═ (U+2550) in font [lmmono12-regular]:!
Missing character: There is no ═ (U+2550) in font [lmmono12-regular]:!
Missing character: There is no ═ (U+2550) in font [lmmono12-regular]:!
Missing character: There is no ═ (U+2550) in font [lmmono12-regular]:!
Missing character: There is no ═ (U+2550) in font [lmmono12-regular]:!
Missing character: There is no ═ (U+2550) in font [lmmono12-regular]:!
Missing character: There is no ═ (U+2550) in font [lmmono12-regular]:!
Missing character: There is no ═ (U+2550) in font [lmmono12-regular]:!
Missing character: There is no ═ (U+2550) in font [lmmono12-regular]:!
Missing character: There is no ═ (U+2550) in font [lmmono12-regular]:!
Missing character: There is no ═ (U+2550) in font [lmmono12-regular]:!
Missing character: There is no ═ (U+2550) in font [lmmono12-regular]:!
Missing character: There is no ═ (U+2550) in font [lmmono12-regular]:!
Missing character: There is no ═ (U+2550) in font [lmmono12-regular]:!
Missing character: There is no ═ (U+2550) in font [lmmono12-regular]:!
Missing character: There is no ═ (U+2550) in font [lmmono12-regular]:!
Missing character: There is no ═ (U+2550) in font [lmmono12-regular]:!
Missing character: There is no ═ (U+2550) in font [lmmono12-regular]:!
Missing character: There is no ═ (U+2550) in font [lmmono12-regular]:!
Missing character: There is no ═ (U+2550) in font [lmmono12-regular]:!
Missing character: There is no ═ (U+2550) in font [lmmono12-regular]:!
Missing character: There is no ═ (U+2550) in font [lmmono12-regular]:!
Missing character: There is no ═ (U+2550) in font [lmmono12-regular]:!
Missing character: There is no ═ (U+2550) in font [lmmono12-regular]:!
Missing character: There is no ═ (U+2550) in font [lmmono12-regular]:!
Missing character: There is no ═ (U+2550) in font [lmmono12-regular]:!
Missing character: There is no ═ (U+2550) in font [lmmono12-regular]:!
Missing character: There is no ═ (U+2550) in font [lmmono12-regular]:!
Missing character: There is no ═ (U+2550) in font [lmmono12-regular]:!
Missing character: There is no ═ (U+2550) in font [lmmono12-regular]:!
Missing character: There is no ═ (U+2550) in font [lmmono12-regular]:!
Missing character: There is no ═ (U+2550) in font [lmmono12-regular]:!
Missing character: There is no ═ (U+2550) in font [lmmono12-regular]:!
Missing character: There is no ═ (U+2550) in font [lmmono12-regular]:!
Missing character: There is no ═ (U+2550) in font [lmmono12-regular]:!
Missing character: There is no ═ (U+2550) in font [lmmono12-regular]:!
Missing character: There is no ═ (U+2550) in font [lmmono12-regular]:!
Missing character: There is no ═ (U+2550) in font [lmmono12-regular]:!
Missing character: There is no ═ (U+2550) in font [lmmono12-regular]:!
Missing character: There is no ═ (U+2550) in font [lmmono12-regular]:!
Missing character: There is no ═ (U+2550) in font [lmmono12-regular]:!
Missing character: There is no ═ (U+2550) in font [lmmono12-regular]:!
Missing character: There is no ═ (U+2550) in font [lmmono12-regular]:!
Missing character: There is no ═ (U+2550) in font [lmmono12-regular]:!
Missing character: There is no ═ (U+2550) in font [lmmono12-regular]:!
Missing character: There is no ═ (U+2550) in font [lmmono12-regular]:!
Missing character: There is no ═ (U+2550) in font [lmmono12-regular]:!
Missing character: There is no ═ (U+2550) in font [lmmono12-regular]:!
Missing character: There is no ═ (U+2550) in font [lmmono12-regular]:!
Missing character: There is no ═ (U+2550) in font [lmmono12-regular]:!
Missing character: There is no ═ (U+2550) in font [lmmono12-regular]:!
Missing character: There is no ═ (U+2550) in font [lmmono12-regular]:!
Missing character: There is no ═ (U+2550) in font [lmmono12-regular]:!
Missing character: There is no ═ (U+2550) in font [lmmono12-regular]:!
Missing character: There is no ═ (U+2550) in font [lmmono12-regular]:!
Missing character: There is no ═ (U+2550) in font [lmmono12-regular]:!
Missing character: There is no ═ (U+2550) in font [lmmono12-regular]:!
Missing character: There is no ═ (U+2550) in font [lmmono12-regular]:!
Missing character: There is no ═ (U+2550) in font [lmmono12-regular]:!
Missing character: There is no ═ (U+2550) in font [lmmono12-regular]:!
Missing character: There is no ═ (U+2550) in font [lmmono12-regular]:!
Missing character: There is no ═ (U+2550) in font [lmmono12-regular]:!
Missing character: There is no ═ (U+2550) in font [lmmono12-regular]:!
Missing character: There is no ═ (U+2550) in font [lmmono12-regular]:!
Missing character: There is no ═ (U+2550) in font [lmmono12-regular]:!
Missing character: There is no ═ (U+2550) in font [lmmono12-regular]:!
Missing character: There is no ═ (U+2550) in font [lmmono12-regular]:!
Missing character: There is no ═ (U+2550) in font [lmmono12-regular]:!
Missing character: There is no ═ (U+2550) in font [lmmono12-regular]:!
Missing character: There is no ═ (U+2550) in font [lmmono12-regular]:!
Missing character: There is no ═ (U+2550) in font [lmmono12-regular]:!
Missing character: There is no ═ (U+2550) in font [lmmono12-regular]:!
Missing character: There is no ═ (U+2550) in font [lmmono12-regular]:!
Missing character: There is no ═ (U+2550) in font [lmmono12-regular]:!
Missing character: There is no ═ (U+2550) in font [lmmono12-regular]:!
Missing character: There is no ═ (U+2550) in font [lmmono12-regular]:!
Missing character: There is no ═ (U+2550) in font [lmmono12-regular]:!
Missing character: There is no ═ (U+2550) in font [lmmono12-regular]:!
Missing character: There is no ═ (U+2550) in font [lmmono12-regular]:!
Missing character: There is no ═ (U+2550) in font [lmmono12-regular]:!
Missing character: There is no ═ (U+2550) in font [lmmono12-regular]:!
Missing character: There is no ═ (U+2550) in font [lmmono12-regular]:!
Missing character: There is no ═ (U+2550) in font [lmmono12-regular]:!
Missing character: There is no ═ (U+2550) in font [lmmono12-regular]:!
Missing character: There is no ═ (U+2550) in font [lmmono12-regular]:!
Missing character: There is no ═ (U+2550) in font [lmmono12-regular]:!
Missing character: There is no ═ (U+2550) in font [lmmono12-regular]:!
Missing character: There is no ═ (U+2550) in font [lmmono12-regular]:!
Missing character: There is no ═ (U+2550) in font [lmmono12-regular]:!
Missing character: There is no ═ (U+2550) in font [lmmono12-regular]:!
Missing character: There is no ═ (U+2550) in font [lmmono12-regular]:!
Missing character: There is no ═ (U+2550) in font [lmmono12-regular]:!
Missing character: There is no ═ (U+2550) in font [lmmono12-regular]:!
Missing character: There is no ═ (U+2550) in font [lmmono12-regular]:!
Missing character: There is no ═ (U+2550) in font [lmmono12-regular]:!
Missing character: There is no ═ (U+2550) in font [lmmono12-regular]:!
Missing character: There is no ═ (U+2550) in font [lmmono12-regular]:!
Missing character: There is no ═ (U+2550) in font [lmmono12-regular]:!
Missing character: There is no ═ (U+2550) in font [lmmono12-regular]:!
Missing character: There is no ═ (U+2550) in font [lmmono12-regular]:!
Missing character: There is no ═ (U+2550) in font [lmmono12-regular]:!
Missing character: There is no ═ (U+2550) in font [lmmono12-regular]:!
Missing character: There is no ═ (U+2550) in font [lmmono12-regular]:!
Missing character: There is no ═ (U+2550) in font [lmmono12-regular]:!
Missing character: There is no ═ (U+2550) in font [lmmono12-regular]:!
Missing character: There is no ═ (U+2550) in font [lmmono12-regular]:!
Missing character: There is no ═ (U+2550) in font [lmmono12-regular]:!
Missing character: There is no ═ (U+2550) in font [lmmono12-regular]:!
Missing character: There is no ═ (U+2550) in font [lmmono12-regular]:!
Missing character: There is no ═ (U+2550) in font [lmmono12-regular]:!
Missing character: There is no ═ (U+2550) in font [lmmono12-regular]:!
Missing character: There is no ═ (U+2550) in font [lmmono12-regular]:!

Overfull \hbox (67.60858pt too wide) in paragraph at lines 18809--18809
\TU/lmtt/m/n/12 ============================================================================[]|  
 []


Overfull \hbox (67.60858pt too wide) in paragraph at lines 18811--18811
\TU/lmtt/m/n/12 ============================================================================[]|  
 []

Missing character: There is no ═ (U+2550) in font [lmmono12-regular]:!
Missing character: There is no ═ (U+2550) in font [lmmono12-regular]:!
Missing character: There is no ═ (U+2550) in font [lmmono12-regular]:!
Missing character: There is no ═ (U+2550) in font [lmmono12-regular]:!
Missing character: There is no ═ (U+2550) in font [lmmono12-regular]:!
Missing character: There is no ═ (U+2550) in font [lmmono12-regular]:!
Missing character: There is no ═ (U+2550) in font [lmmono12-regular]:!
Missing character: There is no ═ (U+2550) in font [lmmono12-regular]:!
Missing character: There is no ═ (U+2550) in font [lmmono12-regular]:!
Missing character: There is no ═ (U+2550) in font [lmmono12-regular]:!
Missing character: There is no ═ (U+2550) in font [lmmono12-regular]:!
Missing character: There is no ═ (U+2550) in font [lmmono12-regular]:!
Missing character: There is no ═ (U+2550) in font [lmmono12-regular]:!
Missing character: There is no ═ (U+2550) in font [lmmono12-regular]:!
Missing character: There is no ═ (U+2550) in font [lmmono12-regular]:!
Missing character: There is no ═ (U+2550) in font [lmmono12-regular]:!
Missing character: There is no ═ (U+2550) in font [lmmono12-regular]:!
Missing character: There is no ═ (U+2550) in font [lmmono12-regular]:!
Missing character: There is no ═ (U+2550) in font [lmmono12-regular]:!
Missing character: There is no ═ (U+2550) in font [lmmono12-regular]:!
Missing character: There is no ═ (U+2550) in font [lmmono12-regular]:!
Missing character: There is no ═ (U+2550) in font [lmmono12-regular]:!
Missing character: There is no ═ (U+2550) in font [lmmono12-regular]:!
Missing character: There is no ═ (U+2550) in font [lmmono12-regular]:!
Missing character: There is no ═ (U+2550) in font [lmmono12-regular]:!
Missing character: There is no ═ (U+2550) in font [lmmono12-regular]:!
Missing character: There is no ═ (U+2550) in font [lmmono12-regular]:!
Missing character: There is no ═ (U+2550) in font [lmmono12-regular]:!
Missing character: There is no ═ (U+2550) in font [lmmono12-regular]:!
Missing character: There is no ═ (U+2550) in font [lmmono12-regular]:!
Missing character: There is no ═ (U+2550) in font [lmmono12-regular]:!
Missing character: There is no ═ (U+2550) in font [lmmono12-regular]:!
Missing character: There is no ═ (U+2550) in font [lmmono12-regular]:!
Missing character: There is no ═ (U+2550) in font [lmmono12-regular]:!
Missing character: There is no ═ (U+2550) in font [lmmono12-regular]:!
Missing character: There is no ═ (U+2550) in font [lmmono12-regular]:!
Missing character: There is no ═ (U+2550) in font [lmmono12-regular]:!
Missing character: There is no ═ (U+2550) in font [lmmono12-regular]:!
Missing character: There is no ═ (U+2550) in font [lmmono12-regular]:!
Missing character: There is no ═ (U+2550) in font [lmmono12-regular]:!
Missing character: There is no ═ (U+2550) in font [lmmono12-regular]:!
Missing character: There is no ═ (U+2550) in font [lmmono12-regular]:!
Missing character: There is no ═ (U+2550) in font [lmmono12-regular]:!
Missing character: There is no ═ (U+2550) in font [lmmono12-regular]:!
Missing character: There is no ═ (U+2550) in font [lmmono12-regular]:!
Missing character: There is no ═ (U+2550) in font [lmmono12-regular]:!
Missing character: There is no ═ (U+2550) in font [lmmono12-regular]:!
Missing character: There is no ═ (U+2550) in font [lmmono12-regular]:!
Missing character: There is no ═ (U+2550) in font [lmmono12-regular]:!
Missing character: There is no ═ (U+2550) in font [lmmono12-regular]:!
Missing character: There is no ═ (U+2550) in font [lmmono12-regular]:!
Missing character: There is no ═ (U+2550) in font [lmmono12-regular]:!
Missing character: There is no ═ (U+2550) in font [lmmono12-regular]:!
Missing character: There is no ═ (U+2550) in font [lmmono12-regular]:!
Missing character: There is no ═ (U+2550) in font [lmmono12-regular]:!
Missing character: There is no ═ (U+2550) in font [lmmono12-regular]:!
Missing character: There is no ═ (U+2550) in font [lmmono12-regular]:!
Missing character: There is no ═ (U+2550) in font [lmmono12-regular]:!
Missing character: There is no ═ (U+2550) in font [lmmono12-regular]:!
Missing character: There is no ═ (U+2550) in font [lmmono12-regular]:!
Missing character: There is no ═ (U+2550) in font [lmmono12-regular]:!
Missing character: There is no ═ (U+2550) in font [lmmono12-regular]:!
Missing character: There is no ═ (U+2550) in font [lmmono12-regular]:!
Missing character: There is no ═ (U+2550) in font [lmmono12-regular]:!
Missing character: There is no ═ (U+2550) in font [lmmono12-regular]:!
Missing character: There is no ═ (U+2550) in font [lmmono12-regular]:!
Missing character: There is no ═ (U+2550) in font [lmmono12-regular]:!
Missing character: There is no ═ (U+2550) in font [lmmono12-regular]:!
Missing character: There is no ═ (U+2550) in font [lmmono12-regular]:!
Missing character: There is no ═ (U+2550) in font [lmmono12-regular]:!
Missing character: There is no ═ (U+2550) in font [lmmono12-regular]:!
Missing character: There is no ═ (U+2550) in font [lmmono12-regular]:!
Missing character: There is no ═ (U+2550) in font [lmmono12-regular]:!
Missing character: There is no ═ (U+2550) in font [lmmono12-regular]:!
Missing character: There is no ═ (U+2550) in font [lmmono12-regular]:!
Missing character: There is no ═ (U+2550) in font [lmmono12-regular]:!
Missing character: There is no ═ (U+2550) in font [lmmono12-regular]:!
Missing character: There is no ═ (U+2550) in font [lmmono12-regular]:!
Missing character: There is no ═ (U+2550) in font [lmmono12-regular]:!
Missing character: There is no ═ (U+2550) in font [lmmono12-regular]:!
Missing character: There is no ═ (U+2550) in font [lmmono12-regular]:!
Missing character: There is no ═ (U+2550) in font [lmmono12-regular]:!
Missing character: There is no ═ (U+2550) in font [lmmono12-regular]:!
Missing character: There is no ═ (U+2550) in font [lmmono12-regular]:!
Missing character: There is no ═ (U+2550) in font [lmmono12-regular]:!
Missing character: There is no ═ (U+2550) in font [lmmono12-regular]:!
Missing character: There is no ═ (U+2550) in font [lmmono12-regular]:!
Missing character: There is no ═ (U+2550) in font [lmmono12-regular]:!
Missing character: There is no ═ (U+2550) in font [lmmono12-regular]:!
Missing character: There is no ═ (U+2550) in font [lmmono12-regular]:!
Missing character: There is no ═ (U+2550) in font [lmmono12-regular]:!
Missing character: There is no ═ (U+2550) in font [lmmono12-regular]:!
Missing character: There is no ═ (U+2550) in font [lmmono12-regular]:!
Missing character: There is no ═ (U+2550) in font [lmmono12-regular]:!
Missing character: There is no ═ (U+2550) in font [lmmono12-regular]:!
Missing character: There is no ═ (U+2550) in font [lmmono12-regular]:!
Missing character: There is no ═ (U+2550) in font [lmmono12-regular]:!
Missing character: There is no ═ (U+2550) in font [lmmono12-regular]:!
Missing character: There is no ═ (U+2550) in font [lmmono12-regular]:!
Missing character: There is no ═ (U+2550) in font [lmmono12-regular]:!
Missing character: There is no ═ (U+2550) in font [lmmono12-regular]:!
Missing character: There is no ═ (U+2550) in font [lmmono12-regular]:!
Missing character: There is no ═ (U+2550) in font [lmmono12-regular]:!
Missing character: There is no ═ (U+2550) in font [lmmono12-regular]:!
Missing character: There is no ═ (U+2550) in font [lmmono12-regular]:!
Missing character: There is no ═ (U+2550) in font [lmmono12-regular]:!
Missing character: There is no ═ (U+2550) in font [lmmono12-regular]:!
Missing character: There is no ═ (U+2550) in font [lmmono12-regular]:!
Missing character: There is no ═ (U+2550) in font [lmmono12-regular]:!
Missing character: There is no ═ (U+2550) in font [lmmono12-regular]:!
Missing character: There is no ═ (U+2550) in font [lmmono12-regular]:!
Missing character: There is no ═ (U+2550) in font [lmmono12-regular]:!
Missing character: There is no ═ (U+2550) in font [lmmono12-regular]:!
Missing character: There is no ═ (U+2550) in font [lmmono12-regular]:!
Missing character: There is no ═ (U+2550) in font [lmmono12-regular]:!
Missing character: There is no ═ (U+2550) in font [lmmono12-regular]:!
Missing character: There is no ═ (U+2550) in font [lmmono12-regular]:!
Missing character: There is no ═ (U+2550) in font [lmmono12-regular]:!
Missing character: There is no ═ (U+2550) in font [lmmono12-regular]:!
Missing character: There is no ═ (U+2550) in font [lmmono12-regular]:!
Missing character: There is no ═ (U+2550) in font [lmmono12-regular]:!
Missing character: There is no ═ (U+2550) in font [lmmono12-regular]:!
Missing character: There is no ═ (U+2550) in font [lmmono12-regular]:!
Missing character: There is no ═ (U+2550) in font [lmmono12-regular]:!
Missing character: There is no ═ (U+2550) in font [lmmono12-regular]:!
Missing character: There is no ═ (U+2550) in font [lmmono12-regular]:!
Missing character: There is no ═ (U+2550) in font [lmmono12-regular]:!
Missing character: There is no ═ (U+2550) in font [lmmono12-regular]:!
Missing character: There is no ═ (U+2550) in font [lmmono12-regular]:!
Missing character: There is no ═ (U+2550) in font [lmmono12-regular]:!
Missing character: There is no ═ (U+2550) in font [lmmono12-regular]:!
Missing character: There is no ═ (U+2550) in font [lmmono12-regular]:!
Missing character: There is no ═ (U+2550) in font [lmmono12-regular]:!
Missing character: There is no ═ (U+2550) in font [lmmono12-regular]:!
Missing character: There is no ═ (U+2550) in font [lmmono12-regular]:!
Missing character: There is no ═ (U+2550) in font [lmmono12-regular]:!
Missing character: There is no ═ (U+2550) in font [lmmono12-regular]:!
Missing character: There is no ═ (U+2550) in font [lmmono12-regular]:!
Missing character: There is no ═ (U+2550) in font [lmmono12-regular]:!
Missing character: There is no ═ (U+2550) in font [lmmono12-regular]:!
Missing character: There is no ═ (U+2550) in font [lmmono12-regular]:!
Missing character: There is no ═ (U+2550) in font [lmmono12-regular]:!
Missing character: There is no ═ (U+2550) in font [lmmono12-regular]:!
Missing character: There is no ═ (U+2550) in font [lmmono12-regular]:!
Missing character: There is no ═ (U+2550) in font [lmmono12-regular]:!
Missing character: There is no ═ (U+2550) in font [lmmono12-regular]:!
Missing character: There is no ═ (U+2550) in font [lmmono12-regular]:!
Missing character: There is no ═ (U+2550) in font [lmmono12-regular]:!
Missing character: There is no ═ (U+2550) in font [lmmono12-regular]:!
Missing character: There is no ═ (U+2550) in font [lmmono12-regular]:!
Missing character: There is no ═ (U+2550) in font [lmmono12-regular]:!
Missing character: There is no ═ (U+2550) in font [lmmono12-regular]:!
Missing character: There is no ═ (U+2550) in font [lmmono12-regular]:!
Missing character: There is no ═ (U+2550) in font [lmmono12-regular]:!
Missing character: There is no ═ (U+2550) in font [lmmono12-regular]:!
Missing character: There is no ═ (U+2550) in font [lmmono12-regular]:!
Missing character: There is no ═ (U+2550) in font [lmmono12-regular]:!
Missing character: There is no ═ (U+2550) in font [lmmono12-regular]:!
Missing character: There is no ═ (U+2550) in font [lmmono12-regular]:!
Missing character: There is no ═ (U+2550) in font [lmmono12-regular]:!
Missing character: There is no ═ (U+2550) in font [lmmono12-regular]:!
Missing character: There is no ═ (U+2550) in font [lmmono12-regular]:!
Missing character: There is no ═ (U+2550) in font [lmmono12-regular]:!
Missing character: There is no ═ (U+2550) in font [lmmono12-regular]:!
Missing character: There is no ═ (U+2550) in font [lmmono12-regular]:!
Missing character: There is no ═ (U+2550) in font [lmmono12-regular]:!
Missing character: There is no ═ (U+2550) in font [lmmono12-regular]:!
Missing character: There is no ═ (U+2550) in font [lmmono12-regular]:!
Missing character: There is no ═ (U+2550) in font [lmmono12-regular]:!
Missing character: There is no ═ (U+2550) in font [lmmono12-regular]:!
Missing character: There is no ═ (U+2550) in font [lmmono12-regular]:!
Missing character: There is no ═ (U+2550) in font [lmmono12-regular]:!
Missing character: There is no ═ (U+2550) in font [lmmono12-regular]:!
Missing character: There is no ═ (U+2550) in font [lmmono12-regular]:!
Missing character: There is no ═ (U+2550) in font [lmmono12-regular]:!
Missing character: There is no ═ (U+2550) in font [lmmono12-regular]:!
Missing character: There is no ═ (U+2550) in font [lmmono12-regular]:!
Missing character: There is no ═ (U+2550) in font [lmmono12-regular]:!
Missing character: There is no ═ (U+2550) in font [lmmono12-regular]:!
Missing character: There is no ═ (U+2550) in font [lmmono12-regular]:!
Missing character: There is no ═ (U+2550) in font [lmmono12-regular]:!
Missing character: There is no ═ (U+2550) in font [lmmono12-regular]:!
Missing character: There is no ═ (U+2550) in font [lmmono12-regular]:!
Missing character: There is no ═ (U+2550) in font [lmmono12-regular]:!
Missing character: There is no ═ (U+2550) in font [lmmono12-regular]:!
Missing character: There is no ═ (U+2550) in font [lmmono12-regular]:!
Missing character: There is no ═ (U+2550) in font [lmmono12-regular]:!
Missing character: There is no ═ (U+2550) in font [lmmono12-regular]:!
Missing character: There is no ═ (U+2550) in font [lmmono12-regular]:!
Missing character: There is no ═ (U+2550) in font [lmmono12-regular]:!
Missing character: There is no ═ (U+2550) in font [lmmono12-regular]:!
Missing character: There is no ═ (U+2550) in font [lmmono12-regular]:!
Missing character: There is no ═ (U+2550) in font [lmmono12-regular]:!
Missing character: There is no ═ (U+2550) in font [lmmono12-regular]:!
Missing character: There is no ═ (U+2550) in font [lmmono12-regular]:!
Missing character: There is no ═ (U+2550) in font [lmmono12-regular]:!
Missing character: There is no ═ (U+2550) in font [lmmono12-regular]:!
Missing character: There is no ═ (U+2550) in font [lmmono12-regular]:!
Missing character: There is no ═ (U+2550) in font [lmmono12-regular]:!
Missing character: There is no ═ (U+2550) in font [lmmono12-regular]:!
Missing character: There is no ═ (U+2550) in font [lmmono12-regular]:!
Missing character: There is no ═ (U+2550) in font [lmmono12-regular]:!
Missing character: There is no ═ (U+2550) in font [lmmono12-regular]:!
Missing character: There is no ═ (U+2550) in font [lmmono12-regular]:!
Missing character: There is no ═ (U+2550) in font [lmmono12-regular]:!
Missing character: There is no ═ (U+2550) in font [lmmono12-regular]:!
Missing character: There is no ═ (U+2550) in font [lmmono12-regular]:!
Missing character: There is no ═ (U+2550) in font [lmmono12-regular]:!
Missing character: There is no ═ (U+2550) in font [lmmono12-regular]:!
Missing character: There is no ═ (U+2550) in font [lmmono12-regular]:!
Missing character: There is no ═ (U+2550) in font [lmmono12-regular]:!
Missing character: There is no ═ (U+2550) in font [lmmono12-regular]:!
Missing character: There is no ═ (U+2550) in font [lmmono12-regular]:!
Missing character: There is no ═ (U+2550) in font [lmmono12-regular]:!
Missing character: There is no ═ (U+2550) in font [lmmono12-regular]:!
Missing character: There is no ═ (U+2550) in font [lmmono12-regular]:!
Missing character: There is no ═ (U+2550) in font [lmmono12-regular]:!
Missing character: There is no ═ (U+2550) in font [lmmono12-regular]:!
Missing character: There is no ═ (U+2550) in font [lmmono12-regular]:!
Missing character: There is no ═ (U+2550) in font [lmmono12-regular]:!
Missing character: There is no ═ (U+2550) in font [lmmono12-regular]:!
Missing character: There is no ═ (U+2550) in font [lmmono12-regular]:!
Missing character: There is no ═ (U+2550) in font [lmmono12-regular]:!
Missing character: There is no ═ (U+2550) in font [lmmono12-regular]:!
Missing character: There is no ═ (U+2550) in font [lmmono12-regular]:!
Missing character: There is no ═ (U+2550) in font [lmmono12-regular]:!
Missing character: There is no ═ (U+2550) in font [lmmono12-regular]:!
Missing character: There is no ═ (U+2550) in font [lmmono12-regular]:!
Missing character: There is no ═ (U+2550) in font [lmmono12-regular]:!
Missing character: There is no ═ (U+2550) in font [lmmono12-regular]:!
Missing character: There is no ═ (U+2550) in font [lmmono12-regular]:!
Missing character: There is no ═ (U+2550) in font [lmmono12-regular]:!
Missing character: There is no ═ (U+2550) in font [lmmono12-regular]:!
Missing character: There is no ═ (U+2550) in font [lmmono12-regular]:!
Missing character: There is no ═ (U+2550) in font [lmmono12-regular]:!
Missing character: There is no ═ (U+2550) in font [lmmono12-regular]:!
Missing character: There is no ═ (U+2550) in font [lmmono12-regular]:!
Missing character: There is no ═ (U+2550) in font [lmmono12-regular]:!
Missing character: There is no ═ (U+2550) in font [lmmono12-regular]:!
Missing character: There is no ═ (U+2550) in font [lmmono12-regular]:!
Missing character: There is no ═ (U+2550) in font [lmmono12-regular]:!
Missing character: There is no ═ (U+2550) in font [lmmono12-regular]:!
Missing character: There is no ═ (U+2550) in font [lmmono12-regular]:!
Missing character: There is no ═ (U+2550) in font [lmmono12-regular]:!
Missing character: There is no ═ (U+2550) in font [lmmono12-regular]:!
Missing character: There is no ═ (U+2550) in font [lmmono12-regular]:!
Missing character: There is no ═ (U+2550) in font [lmmono12-regular]:!
Missing character: There is no ═ (U+2550) in font [lmmono12-regular]:!
Missing character: There is no ═ (U+2550) in font [lmmono12-regular]:!
Missing character: There is no ═ (U+2550) in font [lmmono12-regular]:!
Missing character: There is no ═ (U+2550) in font [lmmono12-regular]:!
Missing character: There is no ═ (U+2550) in font [lmmono12-regular]:!
Missing character: There is no ═ (U+2550) in font [lmmono12-regular]:!
Missing character: There is no ═ (U+2550) in font [lmmono12-regular]:!
Missing character: There is no ═ (U+2550) in font [lmmono12-regular]:!
Missing character: There is no ═ (U+2550) in font [lmmono12-regular]:!
Missing character: There is no ═ (U+2550) in font [lmmono12-regular]:!
Missing character: There is no ═ (U+2550) in font [lmmono12-regular]:!
Missing character: There is no ═ (U+2550) in font [lmmono12-regular]:!
Missing character: There is no ═ (U+2550) in font [lmmono12-regular]:!
Missing character: There is no ═ (U+2550) in font [lmmono12-regular]:!
Missing character: There is no ═ (U+2550) in font [lmmono12-regular]:!
Missing character: There is no ═ (U+2550) in font [lmmono12-regular]:!
Missing character: There is no ═ (U+2550) in font [lmmono12-regular]:!
Missing character: There is no ═ (U+2550) in font [lmmono12-regular]:!
Missing character: There is no ═ (U+2550) in font [lmmono12-regular]:!
Missing character: There is no ═ (U+2550) in font [lmmono12-regular]:!
Missing character: There is no ═ (U+2550) in font [lmmono12-regular]:!
Missing character: There is no ═ (U+2550) in font [lmmono12-regular]:!
Missing character: There is no ═ (U+2550) in font [lmmono12-regular]:!
Missing character: There is no ═ (U+2550) in font [lmmono12-regular]:!
Missing character: There is no ═ (U+2550) in font [lmmono12-regular]:!
Missing character: There is no ═ (U+2550) in font [lmmono12-regular]:!
Missing character: There is no ═ (U+2550) in font [lmmono12-regular]:!
Missing character: There is no ═ (U+2550) in font [lmmono12-regular]:!
Missing character: There is no ═ (U+2550) in font [lmmono12-regular]:!
Missing character: There is no ═ (U+2550) in font [lmmono12-regular]:!
Missing character: There is no ═ (U+2550) in font [lmmono12-regular]:!
Missing character: There is no ═ (U+2550) in font [lmmono12-regular]:!
Missing character: There is no ═ (U+2550) in font [lmmono12-regular]:!
Missing character: There is no ═ (U+2550) in font [lmmono12-regular]:!
Missing character: There is no ═ (U+2550) in font [lmmono12-regular]:!
Missing character: There is no ═ (U+2550) in font [lmmono12-regular]:!
Missing character: There is no ═ (U+2550) in font [lmmono12-regular]:!
Missing character: There is no ✓ (U+2713) in font [lmmono12-regular]:!
Missing character: There is no ✓ (U+2713) in font [lmmono12-regular]:!
Missing character: There is no ✓ (U+2713) in font [lmmono12-regular]:!
Missing character: There is no ✓ (U+2713) in font [lmmono12-regular]:!
Missing character: There is no ⚠ (U+26A0) in font [lmmono12-regular]:!
Missing character: There is no ⚠ (U+26A0) in font [lmmono12-regular]:!
Missing character: There is no ✗ (U+2717) in font [lmmono12-regular]:!
Missing character: There is no ✗ (U+2717) in font [lmmono12-regular]:!

Overfull \hbox (67.60858pt too wide) in paragraph at lines 18868--18868
\TU/lmtt/m/n/12 ============================================================================[]|  
 []


Overfull \hbox (67.60858pt too wide) in paragraph at lines 18870--18870
\TU/lmtt/m/n/12 ============================================================================[]|  
 []

Missing character: There is no ═ (U+2550) in font [lmmono12-regular]:!
Missing character: There is no ═ (U+2550) in font [lmmono12-regular]:!
Missing character: There is no ═ (U+2550) in font [lmmono12-regular]:!
Missing character: There is no ═ (U+2550) in font [lmmono12-regular]:!
Missing character: There is no ═ (U+2550) in font [lmmono12-regular]:!
Missing character: There is no ═ (U+2550) in font [lmmono12-regular]:!
Missing character: There is no ═ (U+2550) in font [lmmono12-regular]:!
Missing character: There is no ═ (U+2550) in font [lmmono12-regular]:!
Missing character: There is no ═ (U+2550) in font [lmmono12-regular]:!
Missing character: There is no ═ (U+2550) in font [lmmono12-regular]:!
Missing character: There is no ═ (U+2550) in font [lmmono12-regular]:!
Missing character: There is no ═ (U+2550) in font [lmmono12-regular]:!
Missing character: There is no ═ (U+2550) in font [lmmono12-regular]:!
Missing character: There is no ═ (U+2550) in font [lmmono12-regular]:!
Missing character: There is no ═ (U+2550) in font [lmmono12-regular]:!
Missing character: There is no ═ (U+2550) in font [lmmono12-regular]:!
Missing character: There is no ═ (U+2550) in font [lmmono12-regular]:!
Missing character: There is no ═ (U+2550) in font [lmmono12-regular]:!
Missing character: There is no ═ (U+2550) in font [lmmono12-regular]:!
Missing character: There is no ═ (U+2550) in font [lmmono12-regular]:!
Missing character: There is no ═ (U+2550) in font [lmmono12-regular]:!
Missing character: There is no ═ (U+2550) in font [lmmono12-regular]:!
Missing character: There is no ═ (U+2550) in font [lmmono12-regular]:!
Missing character: There is no ═ (U+2550) in font [lmmono12-regular]:!
Missing character: There is no ═ (U+2550) in font [lmmono12-regular]:!
Missing character: There is no ═ (U+2550) in font [lmmono12-regular]:!
Missing character: There is no ═ (U+2550) in font [lmmono12-regular]:!
Missing character: There is no ═ (U+2550) in font [lmmono12-regular]:!
Missing character: There is no ═ (U+2550) in font [lmmono12-regular]:!
Missing character: There is no ═ (U+2550) in font [lmmono12-regular]:!
Missing character: There is no ═ (U+2550) in font [lmmono12-regular]:!
Missing character: There is no ═ (U+2550) in font [lmmono12-regular]:!
Missing character: There is no ═ (U+2550) in font [lmmono12-regular]:!
Missing character: There is no ═ (U+2550) in font [lmmono12-regular]:!
Missing character: There is no ═ (U+2550) in font [lmmono12-regular]:!
Missing character: There is no ═ (U+2550) in font [lmmono12-regular]:!
Missing character: There is no ═ (U+2550) in font [lmmono12-regular]:!
Missing character: There is no ═ (U+2550) in font [lmmono12-regular]:!
Missing character: There is no ═ (U+2550) in font [lmmono12-regular]:!
Missing character: There is no ═ (U+2550) in font [lmmono12-regular]:!
Missing character: There is no ═ (U+2550) in font [lmmono12-regular]:!
Missing character: There is no ═ (U+2550) in font [lmmono12-regular]:!
Missing character: There is no ═ (U+2550) in font [lmmono12-regular]:!
Missing character: There is no ═ (U+2550) in font [lmmono12-regular]:!
Missing character: There is no ═ (U+2550) in font [lmmono12-regular]:!
Missing character: There is no ═ (U+2550) in font [lmmono12-regular]:!
Missing character: There is no ═ (U+2550) in font [lmmono12-regular]:!
Missing character: There is no ═ (U+2550) in font [lmmono12-regular]:!
Missing character: There is no ═ (U+2550) in font [lmmono12-regular]:!
Missing character: There is no ═ (U+2550) in font [lmmono12-regular]:!
Missing character: There is no ═ (U+2550) in font [lmmono12-regular]:!
Missing character: There is no ═ (U+2550) in font [lmmono12-regular]:!
Missing character: There is no ═ (U+2550) in font [lmmono12-regular]:!
Missing character: There is no ═ (U+2550) in font [lmmono12-regular]:!
Missing character: There is no ═ (U+2550) in font [lmmono12-regular]:!
Missing character: There is no ═ (U+2550) in font [lmmono12-regular]:!
Missing character: There is no ═ (U+2550) in font [lmmono12-regular]:!
Missing character: There is no ═ (U+2550) in font [lmmono12-regular]:!
Missing character: There is no ═ (U+2550) in font [lmmono12-regular]:!
Missing character: There is no ═ (U+2550) in font [lmmono12-regular]:!
Missing character: There is no ═ (U+2550) in font [lmmono12-regular]:!
Missing character: There is no ═ (U+2550) in font [lmmono12-regular]:!
Missing character: There is no ═ (U+2550) in font [lmmono12-regular]:!
Missing character: There is no ═ (U+2550) in font [lmmono12-regular]:!
Missing character: There is no ═ (U+2550) in font [lmmono12-regular]:!
Missing character: There is no ═ (U+2550) in font [lmmono12-regular]:!
Missing character: There is no ═ (U+2550) in font [lmmono12-regular]:!
Missing character: There is no ═ (U+2550) in font [lmmono12-regular]:!
Missing character: There is no ═ (U+2550) in font [lmmono12-regular]:!
Missing character: There is no ═ (U+2550) in font [lmmono12-regular]:!
Missing character: There is no ═ (U+2550) in font [lmmono12-regular]:!
Missing character: There is no ═ (U+2550) in font [lmmono12-regular]:!
Missing character: There is no ═ (U+2550) in font [lmmono12-regular]:!
Missing character: There is no ═ (U+2550) in font [lmmono12-regular]:!
Missing character: There is no ═ (U+2550) in font [lmmono12-regular]:!
Missing character: There is no ═ (U+2550) in font [lmmono12-regular]:!
Missing character: There is no ═ (U+2550) in font [lmmono12-regular]:!
Missing character: There is no ═ (U+2550) in font [lmmono12-regular]:!
Missing character: There is no ═ (U+2550) in font [lmmono12-regular]:!
Missing character: There is no ═ (U+2550) in font [lmmono12-regular]:!
Missing character: There is no ═ (U+2550) in font [lmmono12-regular]:!
Missing character: There is no ═ (U+2550) in font [lmmono12-regular]:!
Missing character: There is no ═ (U+2550) in font [lmmono12-regular]:!
Missing character: There is no ═ (U+2550) in font [lmmono12-regular]:!
Missing character: There is no ═ (U+2550) in font [lmmono12-regular]:!
Missing character: There is no ═ (U+2550) in font [lmmono12-regular]:!
Missing character: There is no ═ (U+2550) in font [lmmono12-regular]:!
Missing character: There is no ═ (U+2550) in font [lmmono12-regular]:!
Missing character: There is no ═ (U+2550) in font [lmmono12-regular]:!
Missing character: There is no ═ (U+2550) in font [lmmono12-regular]:!
Missing character: There is no ═ (U+2550) in font [lmmono12-regular]:!
Missing character: There is no ═ (U+2550) in font [lmmono12-regular]:!
Missing character: There is no ═ (U+2550) in font [lmmono12-regular]:!
Missing character: There is no ═ (U+2550) in font [lmmono12-regular]:!
Missing character: There is no ═ (U+2550) in font [lmmono12-regular]:!
Missing character: There is no ═ (U+2550) in font [lmmono12-regular]:!
Missing character: There is no ═ (U+2550) in font [lmmono12-regular]:!
Missing character: There is no ═ (U+2550) in font [lmmono12-regular]:!
Missing character: There is no ═ (U+2550) in font [lmmono12-regular]:!
Missing character: There is no ═ (U+2550) in font [lmmono12-regular]:!
Missing character: There is no ═ (U+2550) in font [lmmono12-regular]:!
Missing character: There is no ═ (U+2550) in font [lmmono12-regular]:!
Missing character: There is no ═ (U+2550) in font [lmmono12-regular]:!
Missing character: There is no ═ (U+2550) in font [lmmono12-regular]:!
Missing character: There is no ═ (U+2550) in font [lmmono12-regular]:!
Missing character: There is no ═ (U+2550) in font [lmmono12-regular]:!
Missing character: There is no ═ (U+2550) in font [lmmono12-regular]:!
Missing character: There is no ═ (U+2550) in font [lmmono12-regular]:!
Missing character: There is no ═ (U+2550) in font [lmmono12-regular]:!
Missing character: There is no ═ (U+2550) in font [lmmono12-regular]:!
Missing character: There is no ═ (U+2550) in font [lmmono12-regular]:!
Missing character: There is no ═ (U+2550) in font [lmmono12-regular]:!
Missing character: There is no ═ (U+2550) in font [lmmono12-regular]:!
Missing character: There is no ═ (U+2550) in font [lmmono12-regular]:!
Missing character: There is no ═ (U+2550) in font [lmmono12-regular]:!
Missing character: There is no ═ (U+2550) in font [lmmono12-regular]:!
Missing character: There is no ═ (U+2550) in font [lmmono12-regular]:!
Missing character: There is no ═ (U+2550) in font [lmmono12-regular]:!
Missing character: There is no ═ (U+2550) in font [lmmono12-regular]:!
Missing character: There is no ═ (U+2550) in font [lmmono12-regular]:!
Missing character: There is no ═ (U+2550) in font [lmmono12-regular]:!
Missing character: There is no ═ (U+2550) in font [lmmono12-regular]:!
Missing character: There is no ═ (U+2550) in font [lmmono12-regular]:!
Missing character: There is no ═ (U+2550) in font [lmmono12-regular]:!
Missing character: There is no ═ (U+2550) in font [lmmono12-regular]:!
Missing character: There is no ═ (U+2550) in font [lmmono12-regular]:!
Missing character: There is no ═ (U+2550) in font [lmmono12-regular]:!
Missing character: There is no ═ (U+2550) in font [lmmono12-regular]:!
Missing character: There is no ═ (U+2550) in font [lmmono12-regular]:!
Missing character: There is no ═ (U+2550) in font [lmmono12-regular]:!
Missing character: There is no ═ (U+2550) in font [lmmono12-regular]:!
Missing character: There is no ═ (U+2550) in font [lmmono12-regular]:!
Missing character: There is no ═ (U+2550) in font [lmmono12-regular]:!
Missing character: There is no ═ (U+2550) in font [lmmono12-regular]:!
Missing character: There is no ═ (U+2550) in font [lmmono12-regular]:!
Missing character: There is no ═ (U+2550) in font [lmmono12-regular]:!
Missing character: There is no ═ (U+2550) in font [lmmono12-regular]:!
Missing character: There is no ═ (U+2550) in font [lmmono12-regular]:!
Missing character: There is no ═ (U+2550) in font [lmmono12-regular]:!
Missing character: There is no ═ (U+2550) in font [lmmono12-regular]:!
Missing character: There is no ═ (U+2550) in font [lmmono12-regular]:!
Missing character: There is no ═ (U+2550) in font [lmmono12-regular]:!
Missing character: There is no ═ (U+2550) in font [lmmono12-regular]:!
Missing character: There is no ═ (U+2550) in font [lmmono12-regular]:!
Missing character: There is no ═ (U+2550) in font [lmmono12-regular]:!
Missing character: There is no ═ (U+2550) in font [lmmono12-regular]:!
Missing character: There is no ═ (U+2550) in font [lmmono12-regular]:!
Missing character: There is no ═ (U+2550) in font [lmmono12-regular]:!
Missing character: There is no ═ (U+2550) in font [lmmono12-regular]:!
Missing character: There is no ═ (U+2550) in font [lmmono12-regular]:!
Missing character: There is no ═ (U+2550) in font [lmmono12-regular]:!
Missing character: There is no ═ (U+2550) in font [lmmono12-regular]:!
Missing character: There is no ═ (U+2550) in font [lmmono12-regular]:!
Missing character: There is no ═ (U+2550) in font [lmmono12-regular]:!
Missing character: There is no ═ (U+2550) in font [lmmono12-regular]:!
Missing character: There is no ═ (U+2550) in font [lmmono12-regular]:!
Missing character: There is no ═ (U+2550) in font [lmmono12-regular]:!
Missing character: There is no ═ (U+2550) in font [lmmono12-regular]:!
Missing character: There is no ═ (U+2550) in font [lmmono12-regular]:!
Missing character: There is no ═ (U+2550) in font [lmmono12-regular]:!
Missing character: There is no ═ (U+2550) in font [lmmono12-regular]:!
Missing character: There is no ═ (U+2550) in font [lmmono12-regular]:!
Missing character: There is no ═ (U+2550) in font [lmmono12-regular]:!
Missing character: There is no ═ (U+2550) in font [lmmono12-regular]:!
Missing character: There is no ═ (U+2550) in font [lmmono12-regular]:!
Missing character: There is no ═ (U+2550) in font [lmmono12-regular]:!
Missing character: There is no ═ (U+2550) in font [lmmono12-regular]:!
Missing character: There is no ═ (U+2550) in font [lmmono12-regular]:!
Missing character: There is no ═ (U+2550) in font [lmmono12-regular]:!
Missing character: There is no ═ (U+2550) in font [lmmono12-regular]:!
Missing character: There is no ═ (U+2550) in font [lmmono12-regular]:!
Missing character: There is no ═ (U+2550) in font [lmmono12-regular]:!
Missing character: There is no ═ (U+2550) in font [lmmono12-regular]:!
Missing character: There is no ═ (U+2550) in font [lmmono12-regular]:!
Missing character: There is no ═ (U+2550) in font [lmmono12-regular]:!
Missing character: There is no ═ (U+2550) in font [lmmono12-regular]:!
Missing character: There is no ═ (U+2550) in font [lmmono12-regular]:!
Missing character: There is no ═ (U+2550) in font [lmmono12-regular]:!
Missing character: There is no ═ (U+2550) in font [lmmono12-regular]:!
Missing character: There is no ═ (U+2550) in font [lmmono12-regular]:!
Missing character: There is no ═ (U+2550) in font [lmmono12-regular]:!
Missing character: There is no ═ (U+2550) in font [lmmono12-regular]:!
Missing character: There is no ═ (U+2550) in font [lmmono12-regular]:!
Missing character: There is no ═ (U+2550) in font [lmmono12-regular]:!
Missing character: There is no ═ (U+2550) in font [lmmono12-regular]:!
Missing character: There is no ═ (U+2550) in font [lmmono12-regular]:!
Missing character: There is no ═ (U+2550) in font [lmmono12-regular]:!
Missing character: There is no ═ (U+2550) in font [lmmono12-regular]:!
Missing character: There is no ═ (U+2550) in font [lmmono12-regular]:!
Missing character: There is no ═ (U+2550) in font [lmmono12-regular]:!
Missing character: There is no ═ (U+2550) in font [lmmono12-regular]:!
Missing character: There is no ═ (U+2550) in font [lmmono12-regular]:!
Missing character: There is no ═ (U+2550) in font [lmmono12-regular]:!
Missing character: There is no ═ (U+2550) in font [lmmono12-regular]:!
Missing character: There is no ═ (U+2550) in font [lmmono12-regular]:!
Missing character: There is no ═ (U+2550) in font [lmmono12-regular]:!
Missing character: There is no ═ (U+2550) in font [lmmono12-regular]:!
Missing character: There is no ═ (U+2550) in font [lmmono12-regular]:!
Missing character: There is no ═ (U+2550) in font [lmmono12-regular]:!
Missing character: There is no ═ (U+2550) in font [lmmono12-regular]:!
Missing character: There is no ═ (U+2550) in font [lmmono12-regular]:!
Missing character: There is no ═ (U+2550) in font [lmmono12-regular]:!
Missing character: There is no ═ (U+2550) in font [lmmono12-regular]:!
Missing character: There is no ═ (U+2550) in font [lmmono12-regular]:!
Missing character: There is no ═ (U+2550) in font [lmmono12-regular]:!
Missing character: There is no ═ (U+2550) in font [lmmono12-regular]:!
Missing character: There is no ═ (U+2550) in font [lmmono12-regular]:!
Missing character: There is no ═ (U+2550) in font [lmmono12-regular]:!
Missing character: There is no ═ (U+2550) in font [lmmono12-regular]:!
Missing character: There is no ═ (U+2550) in font [lmmono12-regular]:!
Missing character: There is no ═ (U+2550) in font [lmmono12-regular]:!
Missing character: There is no ═ (U+2550) in font [lmmono12-regular]:!
Missing character: There is no ═ (U+2550) in font [lmmono12-regular]:!
Missing character: There is no ═ (U+2550) in font [lmmono12-regular]:!
Missing character: There is no ═ (U+2550) in font [lmmono12-regular]:!
Missing character: There is no ═ (U+2550) in font [lmmono12-regular]:!
Missing character: There is no ═ (U+2550) in font [lmmono12-regular]:!
Missing character: There is no ═ (U+2550) in font [lmmono12-regular]:!
Missing character: There is no ═ (U+2550) in font [lmmono12-regular]:!
Missing character: There is no ═ (U+2550) in font [lmmono12-regular]:!
Missing character: There is no ═ (U+2550) in font [lmmono12-regular]:!
Missing character: There is no ═ (U+2550) in font [lmmono12-regular]:!
Missing character: There is no ═ (U+2550) in font [lmmono12-regular]:!
Missing character: There is no ═ (U+2550) in font [lmmono12-regular]:!
Missing character: There is no ═ (U+2550) in font [lmmono12-regular]:!
Missing character: There is no ═ (U+2550) in font [lmmono12-regular]:!
Missing character: There is no ═ (U+2550) in font [lmmono12-regular]:!
Missing character: There is no ═ (U+2550) in font [lmmono12-regular]:!
Missing character: There is no ═ (U+2550) in font [lmmono12-regular]:!
Missing character: There is no ═ (U+2550) in font [lmmono12-regular]:!
Missing character: There is no ═ (U+2550) in font [lmmono12-regular]:!
Missing character: There is no ═ (U+2550) in font [lmmono12-regular]:!
Missing character: There is no ═ (U+2550) in font [lmmono12-regular]:!
Missing character: There is no ═ (U+2550) in font [lmmono12-regular]:!
Missing character: There is no ═ (U+2550) in font [lmmono12-regular]:!
Missing character: There is no ═ (U+2550) in font [lmmono12-regular]:!
Missing character: There is no ═ (U+2550) in font [lmmono12-regular]:!
Missing character: There is no ═ (U+2550) in font [lmmono12-regular]:!
Missing character: There is no ═ (U+2550) in font [lmmono12-regular]:!
Missing character: There is no ═ (U+2550) in font [lmmono12-regular]:!
Missing character: There is no ═ (U+2550) in font [lmmono12-regular]:!
Missing character: There is no ═ (U+2550) in font [lmmono12-regular]:!
Missing character: There is no ═ (U+2550) in font [lmmono12-regular]:!
Missing character: There is no ═ (U+2550) in font [lmmono12-regular]:!
Missing character: There is no ═ (U+2550) in font [lmmono12-regular]:!
Missing character: There is no ═ (U+2550) in font [lmmono12-regular]:!
Missing character: There is no ═ (U+2550) in font [lmmono12-regular]:!
Missing character: There is no ═ (U+2550) in font [lmmono12-regular]:!
Missing character: There is no ═ (U+2550) in font [lmmono12-regular]:!
Missing character: There is no ═ (U+2550) in font [lmmono12-regular]:!
Missing character: There is no ═ (U+2550) in font [lmmono12-regular]:!
Missing character: There is no ═ (U+2550) in font [lmmono12-regular]:!
Missing character: There is no ═ (U+2550) in font [lmmono12-regular]:!
Missing character: There is no ═ (U+2550) in font [lmmono12-regular]:!
Missing character: There is no ═ (U+2550) in font [lmmono12-regular]:!
Missing character: There is no ═ (U+2550) in font [lmmono12-regular]:!
Missing character: There is no ═ (U+2550) in font [lmmono12-regular]:!
Missing character: There is no ═ (U+2550) in font [lmmono12-regular]:!
Missing character: There is no ═ (U+2550) in font [lmmono12-regular]:!
Missing character: There is no ═ (U+2550) in font [lmmono12-regular]:!
Missing character: There is no ═ (U+2550) in font [lmmono12-regular]:!
Missing character: There is no ═ (U+2550) in font [lmmono12-regular]:!
Missing character: There is no ═ (U+2550) in font [lmmono12-regular]:!
Missing character: There is no ═ (U+2550) in font [lmmono12-regular]:!
Missing character: There is no ═ (U+2550) in font [lmmono12-regular]:!
Missing character: There is no ═ (U+2550) in font [lmmono12-regular]:!
Missing character: There is no ═ (U+2550) in font [lmmono12-regular]:!
Missing character: There is no ═ (U+2550) in font [lmmono12-regular]:!
Missing character: There is no ═ (U+2550) in font [lmmono12-regular]:!
Missing character: There is no ═ (U+2550) in font [lmmono12-regular]:!
Missing character: There is no ═ (U+2550) in font [lmmono12-regular]:!
Missing character: There is no ═ (U+2550) in font [lmmono12-regular]:!
Missing character: There is no ═ (U+2550) in font [lmmono12-regular]:!
Missing character: There is no ═ (U+2550) in font [lmmono12-regular]:!
Missing character: There is no ═ (U+2550) in font [lmmono12-regular]:!
Missing character: There is no ═ (U+2550) in font [lmmono12-regular]:!
Missing character: There is no ═ (U+2550) in font [lmmono12-regular]:!
Missing character: There is no ═ (U+2550) in font [lmmono12-regular]:!
Missing character: There is no ═ (U+2550) in font [lmmono12-regular]:!
Missing character: There is no ═ (U+2550) in font [lmmono12-regular]:!
Missing character: There is no ═ (U+2550) in font [lmmono12-regular]:!
Missing character: There is no ═ (U+2550) in font [lmmono12-regular]:!
Missing character: There is no ═ (U+2550) in font [lmmono12-regular]:!
Missing character: There is no ═ (U+2550) in font [lmmono12-regular]:!
Missing character: There is no ₀ (U+2080) in font [lmmono12-regular]:!
Missing character: There is no ₀ (U+2080) in font [lmmono12-regular]:!
Missing character: There is no ₁ (U+2081) in font [lmmono12-regular]:!
Missing character: There is no ₁ (U+2081) in font [lmmono12-regular]:!
Missing character: There is no α (U+03B1) in font [lmmono12-regular]:!
Missing character: There is no α (U+03B1) in font [lmmono12-regular]:!
Missing character: There is no ✓ (U+2713) in font [lmmono12-regular]:!
Missing character: There is no ✓ (U+2713) in font [lmmono12-regular]:!
Missing character: There is no ₀ (U+2080) in font [lmmono12-regular]:!
Missing character: There is no ₀ (U+2080) in font [lmmono12-regular]:!
Missing character: There is no ⚠ (U+26A0) in font [lmmono12-regular]:!
Missing character: There is no ≤ (U+2264) in font [lmmono12-regular]:!
Missing character: There is no ⚠ (U+26A0) in font [lmmono12-regular]:!
Missing character: There is no ≤ (U+2264) in font [lmmono12-regular]:!
Missing character: There is no ₀ (U+2080) in font [lmmono12-regular]:!
Missing character: There is no ₀ (U+2080) in font [lmmono12-regular]:!
Missing character: There is no ✗ (U+2717) in font [lmmono12-regular]:!
Missing character: There is no ≤ (U+2264) in font [lmmono12-regular]:!
Missing character: There is no ✗ (U+2717) in font [lmmono12-regular]:!
Missing character: There is no ≤ (U+2264) in font [lmmono12-regular]:!
Missing character: There is no ₀ (U+2080) in font [lmmono12-regular]:!
Missing character: There is no ₀ (U+2080) in font [lmmono12-regular]:!

Overfull \hbox (67.60858pt too wide) in paragraph at lines 18931--18931
\TU/lmtt/m/n/12 ============================================================================[]|  
 []


Overfull \hbox (67.60858pt too wide) in paragraph at lines 18933--18933
\TU/lmtt/m/n/12 ============================================================================[]|  
 []

Missing character: There is no ═ (U+2550) in font [lmmono12-regular]:!
Missing character: There is no ═ (U+2550) in font [lmmono12-regular]:!
Missing character: There is no ═ (U+2550) in font [lmmono12-regular]:!
Missing character: There is no ═ (U+2550) in font [lmmono12-regular]:!
Missing character: There is no ═ (U+2550) in font [lmmono12-regular]:!
Missing character: There is no ═ (U+2550) in font [lmmono12-regular]:!
Missing character: There is no ═ (U+2550) in font [lmmono12-regular]:!
Missing character: There is no ═ (U+2550) in font [lmmono12-regular]:!
Missing character: There is no ═ (U+2550) in font [lmmono12-regular]:!
Missing character: There is no ═ (U+2550) in font [lmmono12-regular]:!
Missing character: There is no ═ (U+2550) in font [lmmono12-regular]:!
Missing character: There is no ═ (U+2550) in font [lmmono12-regular]:!
Missing character: There is no ═ (U+2550) in font [lmmono12-regular]:!
Missing character: There is no ═ (U+2550) in font [lmmono12-regular]:!
Missing character: There is no ═ (U+2550) in font [lmmono12-regular]:!
Missing character: There is no ═ (U+2550) in font [lmmono12-regular]:!
Missing character: There is no ═ (U+2550) in font [lmmono12-regular]:!
Missing character: There is no ═ (U+2550) in font [lmmono12-regular]:!
Missing character: There is no ═ (U+2550) in font [lmmono12-regular]:!
Missing character: There is no ═ (U+2550) in font [lmmono12-regular]:!
Missing character: There is no ═ (U+2550) in font [lmmono12-regular]:!
Missing character: There is no ═ (U+2550) in font [lmmono12-regular]:!
Missing character: There is no ═ (U+2550) in font [lmmono12-regular]:!
Missing character: There is no ═ (U+2550) in font [lmmono12-regular]:!
Missing character: There is no ═ (U+2550) in font [lmmono12-regular]:!
Missing character: There is no ═ (U+2550) in font [lmmono12-regular]:!
Missing character: There is no ═ (U+2550) in font [lmmono12-regular]:!
Missing character: There is no ═ (U+2550) in font [lmmono12-regular]:!
Missing character: There is no ═ (U+2550) in font [lmmono12-regular]:!
Missing character: There is no ═ (U+2550) in font [lmmono12-regular]:!
Missing character: There is no ═ (U+2550) in font [lmmono12-regular]:!
Missing character: There is no ═ (U+2550) in font [lmmono12-regular]:!
Missing character: There is no ═ (U+2550) in font [lmmono12-regular]:!
Missing character: There is no ═ (U+2550) in font [lmmono12-regular]:!
Missing character: There is no ═ (U+2550) in font [lmmono12-regular]:!
Missing character: There is no ═ (U+2550) in font [lmmono12-regular]:!
Missing character: There is no ═ (U+2550) in font [lmmono12-regular]:!
Missing character: There is no ═ (U+2550) in font [lmmono12-regular]:!
Missing character: There is no ═ (U+2550) in font [lmmono12-regular]:!
Missing character: There is no ═ (U+2550) in font [lmmono12-regular]:!
Missing character: There is no ═ (U+2550) in font [lmmono12-regular]:!
Missing character: There is no ═ (U+2550) in font [lmmono12-regular]:!
Missing character: There is no ═ (U+2550) in font [lmmono12-regular]:!
Missing character: There is no ═ (U+2550) in font [lmmono12-regular]:!
Missing character: There is no ═ (U+2550) in font [lmmono12-regular]:!
Missing character: There is no ═ (U+2550) in font [lmmono12-regular]:!
Missing character: There is no ═ (U+2550) in font [lmmono12-regular]:!
Missing character: There is no ═ (U+2550) in font [lmmono12-regular]:!
Missing character: There is no ═ (U+2550) in font [lmmono12-regular]:!
Missing character: There is no ═ (U+2550) in font [lmmono12-regular]:!
Missing character: There is no ═ (U+2550) in font [lmmono12-regular]:!
Missing character: There is no ═ (U+2550) in font [lmmono12-regular]:!
Missing character: There is no ═ (U+2550) in font [lmmono12-regular]:!
Missing character: There is no ═ (U+2550) in font [lmmono12-regular]:!
Missing character: There is no ═ (U+2550) in font [lmmono12-regular]:!
Missing character: There is no ═ (U+2550) in font [lmmono12-regular]:!
Missing character: There is no ═ (U+2550) in font [lmmono12-regular]:!
Missing character: There is no ═ (U+2550) in font [lmmono12-regular]:!
Missing character: There is no ═ (U+2550) in font [lmmono12-regular]:!
Missing character: There is no ═ (U+2550) in font [lmmono12-regular]:!
Missing character: There is no ═ (U+2550) in font [lmmono12-regular]:!
Missing character: There is no ═ (U+2550) in font [lmmono12-regular]:!
Missing character: There is no ═ (U+2550) in font [lmmono12-regular]:!
Missing character: There is no ═ (U+2550) in font [lmmono12-regular]:!
Missing character: There is no ═ (U+2550) in font [lmmono12-regular]:!
Missing character: There is no ═ (U+2550) in font [lmmono12-regular]:!
Missing character: There is no ═ (U+2550) in font [lmmono12-regular]:!
Missing character: There is no ═ (U+2550) in font [lmmono12-regular]:!
Missing character: There is no ═ (U+2550) in font [lmmono12-regular]:!
Missing character: There is no ═ (U+2550) in font [lmmono12-regular]:!
Missing character: There is no ═ (U+2550) in font [lmmono12-regular]:!
Missing character: There is no ═ (U+2550) in font [lmmono12-regular]:!
Missing character: There is no ═ (U+2550) in font [lmmono12-regular]:!
Missing character: There is no ═ (U+2550) in font [lmmono12-regular]:!
Missing character: There is no ═ (U+2550) in font [lmmono12-regular]:!
Missing character: There is no ═ (U+2550) in font [lmmono12-regular]:!
Missing character: There is no ═ (U+2550) in font [lmmono12-regular]:!
Missing character: There is no ═ (U+2550) in font [lmmono12-regular]:!
Missing character: There is no ═ (U+2550) in font [lmmono12-regular]:!
Missing character: There is no ═ (U+2550) in font [lmmono12-regular]:!
Missing character: There is no ═ (U+2550) in font [lmmono12-regular]:!
Missing character: There is no ═ (U+2550) in font [lmmono12-regular]:!
Missing character: There is no ═ (U+2550) in font [lmmono12-regular]:!
Missing character: There is no ═ (U+2550) in font [lmmono12-regular]:!
Missing character: There is no ═ (U+2550) in font [lmmono12-regular]:!
Missing character: There is no ═ (U+2550) in font [lmmono12-regular]:!
Missing character: There is no ═ (U+2550) in font [lmmono12-regular]:!
Missing character: There is no ═ (U+2550) in font [lmmono12-regular]:!
Missing character: There is no ═ (U+2550) in font [lmmono12-regular]:!
Missing character: There is no ═ (U+2550) in font [lmmono12-regular]:!
Missing character: There is no ═ (U+2550) in font [lmmono12-regular]:!
Missing character: There is no ═ (U+2550) in font [lmmono12-regular]:!
Missing character: There is no ═ (U+2550) in font [lmmono12-regular]:!
Missing character: There is no ═ (U+2550) in font [lmmono12-regular]:!
Missing character: There is no ═ (U+2550) in font [lmmono12-regular]:!
Missing character: There is no ═ (U+2550) in font [lmmono12-regular]:!
Missing character: There is no ═ (U+2550) in font [lmmono12-regular]:!
Missing character: There is no ═ (U+2550) in font [lmmono12-regular]:!
Missing character: There is no ═ (U+2550) in font [lmmono12-regular]:!
Missing character: There is no ═ (U+2550) in font [lmmono12-regular]:!
Missing character: There is no ═ (U+2550) in font [lmmono12-regular]:!
Missing character: There is no ═ (U+2550) in font [lmmono12-regular]:!
Missing character: There is no ═ (U+2550) in font [lmmono12-regular]:!
Missing character: There is no ═ (U+2550) in font [lmmono12-regular]:!
Missing character: There is no ═ (U+2550) in font [lmmono12-regular]:!
Missing character: There is no ═ (U+2550) in font [lmmono12-regular]:!
Missing character: There is no ═ (U+2550) in font [lmmono12-regular]:!
Missing character: There is no ═ (U+2550) in font [lmmono12-regular]:!
Missing character: There is no ═ (U+2550) in font [lmmono12-regular]:!
Missing character: There is no ═ (U+2550) in font [lmmono12-regular]:!
Missing character: There is no ═ (U+2550) in font [lmmono12-regular]:!
Missing character: There is no ═ (U+2550) in font [lmmono12-regular]:!
Missing character: There is no ═ (U+2550) in font [lmmono12-regular]:!
Missing character: There is no ═ (U+2550) in font [lmmono12-regular]:!
Missing character: There is no ═ (U+2550) in font [lmmono12-regular]:!
Missing character: There is no ═ (U+2550) in font [lmmono12-regular]:!
Missing character: There is no ═ (U+2550) in font [lmmono12-regular]:!
Missing character: There is no ═ (U+2550) in font [lmmono12-regular]:!
Missing character: There is no ═ (U+2550) in font [lmmono12-regular]:!
Missing character: There is no ═ (U+2550) in font [lmmono12-regular]:!
Missing character: There is no ═ (U+2550) in font [lmmono12-regular]:!
Missing character: There is no ═ (U+2550) in font [lmmono12-regular]:!
Missing character: There is no ═ (U+2550) in font [lmmono12-regular]:!
Missing character: There is no ═ (U+2550) in font [lmmono12-regular]:!
Missing character: There is no ═ (U+2550) in font [lmmono12-regular]:!
Missing character: There is no ═ (U+2550) in font [lmmono12-regular]:!
Missing character: There is no ═ (U+2550) in font [lmmono12-regular]:!
Missing character: There is no ═ (U+2550) in font [lmmono12-regular]:!
Missing character: There is no ═ (U+2550) in font [lmmono12-regular]:!
Missing character: There is no ═ (U+2550) in font [lmmono12-regular]:!
Missing character: There is no ═ (U+2550) in font [lmmono12-regular]:!
Missing character: There is no ═ (U+2550) in font [lmmono12-regular]:!
Missing character: There is no ═ (U+2550) in font [lmmono12-regular]:!
Missing character: There is no ═ (U+2550) in font [lmmono12-regular]:!
Missing character: There is no ═ (U+2550) in font [lmmono12-regular]:!
Missing character: There is no ═ (U+2550) in font [lmmono12-regular]:!
Missing character: There is no ═ (U+2550) in font [lmmono12-regular]:!
Missing character: There is no ═ (U+2550) in font [lmmono12-regular]:!
Missing character: There is no ═ (U+2550) in font [lmmono12-regular]:!
Missing character: There is no ═ (U+2550) in font [lmmono12-regular]:!
Missing character: There is no ═ (U+2550) in font [lmmono12-regular]:!
Missing character: There is no ═ (U+2550) in font [lmmono12-regular]:!
Missing character: There is no ═ (U+2550) in font [lmmono12-regular]:!
Missing character: There is no ═ (U+2550) in font [lmmono12-regular]:!
Missing character: There is no ═ (U+2550) in font [lmmono12-regular]:!
Missing character: There is no ═ (U+2550) in font [lmmono12-regular]:!
Missing character: There is no ═ (U+2550) in font [lmmono12-regular]:!
Missing character: There is no ═ (U+2550) in font [lmmono12-regular]:!
Missing character: There is no ═ (U+2550) in font [lmmono12-regular]:!
Missing character: There is no ═ (U+2550) in font [lmmono12-regular]:!
Missing character: There is no ═ (U+2550) in font [lmmono12-regular]:!
Missing character: There is no ═ (U+2550) in font [lmmono12-regular]:!
Missing character: There is no ═ (U+2550) in font [lmmono12-regular]:!
Missing character: There is no ═ (U+2550) in font [lmmono12-regular]:!
Missing character: There is no ═ (U+2550) in font [lmmono12-regular]:!
Missing character: There is no ═ (U+2550) in font [lmmono12-regular]:!
Missing character: There is no ═ (U+2550) in font [lmmono12-regular]:!
Missing character: There is no ═ (U+2550) in font [lmmono12-regular]:!
Missing character: There is no ═ (U+2550) in font [lmmono12-regular]:!
Missing character: There is no ═ (U+2550) in font [lmmono12-regular]:!
Missing character: There is no ═ (U+2550) in font [lmmono12-regular]:!
Missing character: There is no ═ (U+2550) in font [lmmono12-regular]:!
Missing character: There is no ═ (U+2550) in font [lmmono12-regular]:!
Missing character: There is no ═ (U+2550) in font [lmmono12-regular]:!
Missing character: There is no ═ (U+2550) in font [lmmono12-regular]:!
Missing character: There is no ═ (U+2550) in font [lmmono12-regular]:!
Missing character: There is no ═ (U+2550) in font [lmmono12-regular]:!
Missing character: There is no ═ (U+2550) in font [lmmono12-regular]:!
Missing character: There is no ═ (U+2550) in font [lmmono12-regular]:!
Missing character: There is no ═ (U+2550) in font [lmmono12-regular]:!
Missing character: There is no ═ (U+2550) in font [lmmono12-regular]:!
Missing character: There is no ═ (U+2550) in font [lmmono12-regular]:!
Missing character: There is no ═ (U+2550) in font [lmmono12-regular]:!
Missing character: There is no ═ (U+2550) in font [lmmono12-regular]:!
Missing character: There is no ═ (U+2550) in font [lmmono12-regular]:!
Missing character: There is no ═ (U+2550) in font [lmmono12-regular]:!
Missing character: There is no ═ (U+2550) in font [lmmono12-regular]:!
Missing character: There is no ═ (U+2550) in font [lmmono12-regular]:!
Missing character: There is no ═ (U+2550) in font [lmmono12-regular]:!
Missing character: There is no ═ (U+2550) in font [lmmono12-regular]:!
Missing character: There is no ═ (U+2550) in font [lmmono12-regular]:!
Missing character: There is no ═ (U+2550) in font [lmmono12-regular]:!
Missing character: There is no ═ (U+2550) in font [lmmono12-regular]:!
Missing character: There is no ═ (U+2550) in font [lmmono12-regular]:!
Missing character: There is no ═ (U+2550) in font [lmmono12-regular]:!
Missing character: There is no ═ (U+2550) in font [lmmono12-regular]:!
Missing character: There is no ═ (U+2550) in font [lmmono12-regular]:!
Missing character: There is no ═ (U+2550) in font [lmmono12-regular]:!
Missing character: There is no ═ (U+2550) in font [lmmono12-regular]:!
Missing character: There is no ═ (U+2550) in font [lmmono12-regular]:!
Missing character: There is no ═ (U+2550) in font [lmmono12-regular]:!
Missing character: There is no ═ (U+2550) in font [lmmono12-regular]:!
Missing character: There is no ═ (U+2550) in font [lmmono12-regular]:!
Missing character: There is no ═ (U+2550) in font [lmmono12-regular]:!
Missing character: There is no ═ (U+2550) in font [lmmono12-regular]:!
Missing character: There is no ═ (U+2550) in font [lmmono12-regular]:!
Missing character: There is no ═ (U+2550) in font [lmmono12-regular]:!
Missing character: There is no ═ (U+2550) in font [lmmono12-regular]:!
Missing character: There is no ═ (U+2550) in font [lmmono12-regular]:!
Missing character: There is no ═ (U+2550) in font [lmmono12-regular]:!
Missing character: There is no ═ (U+2550) in font [lmmono12-regular]:!
Missing character: There is no ═ (U+2550) in font [lmmono12-regular]:!
Missing character: There is no ═ (U+2550) in font [lmmono12-regular]:!
Missing character: There is no ═ (U+2550) in font [lmmono12-regular]:!
Missing character: There is no ═ (U+2550) in font [lmmono12-regular]:!
Missing character: There is no ═ (U+2550) in font [lmmono12-regular]:!
Missing character: There is no ═ (U+2550) in font [lmmono12-regular]:!
Missing character: There is no ═ (U+2550) in font [lmmono12-regular]:!
Missing character: There is no ═ (U+2550) in font [lmmono12-regular]:!
Missing character: There is no ═ (U+2550) in font [lmmono12-regular]:!
Missing character: There is no ═ (U+2550) in font [lmmono12-regular]:!
Missing character: There is no ═ (U+2550) in font [lmmono12-regular]:!
Missing character: There is no ═ (U+2550) in font [lmmono12-regular]:!
Missing character: There is no ═ (U+2550) in font [lmmono12-regular]:!
Missing character: There is no ═ (U+2550) in font [lmmono12-regular]:!
Missing character: There is no ═ (U+2550) in font [lmmono12-regular]:!
Missing character: There is no ═ (U+2550) in font [lmmono12-regular]:!
Missing character: There is no ═ (U+2550) in font [lmmono12-regular]:!
Missing character: There is no ═ (U+2550) in font [lmmono12-regular]:!
Missing character: There is no ═ (U+2550) in font [lmmono12-regular]:!
Missing character: There is no ═ (U+2550) in font [lmmono12-regular]:!
Missing character: There is no ═ (U+2550) in font [lmmono12-regular]:!
Missing character: There is no ═ (U+2550) in font [lmmono12-regular]:!
Missing character: There is no ═ (U+2550) in font [lmmono12-regular]:!
Missing character: There is no ═ (U+2550) in font [lmmono12-regular]:!
Missing character: There is no ═ (U+2550) in font [lmmono12-regular]:!
Missing character: There is no ═ (U+2550) in font [lmmono12-regular]:!
Missing character: There is no ═ (U+2550) in font [lmmono12-regular]:!
Missing character: There is no ═ (U+2550) in font [lmmono12-regular]:!
Missing character: There is no ═ (U+2550) in font [lmmono12-regular]:!
Missing character: There is no ═ (U+2550) in font [lmmono12-regular]:!
Missing character: There is no ═ (U+2550) in font [lmmono12-regular]:!
Missing character: There is no ═ (U+2550) in font [lmmono12-regular]:!
Missing character: There is no ═ (U+2550) in font [lmmono12-regular]:!
Missing character: There is no ═ (U+2550) in font [lmmono12-regular]:!
Missing character: There is no ═ (U+2550) in font [lmmono12-regular]:!
Missing character: There is no ═ (U+2550) in font [lmmono12-regular]:!
Missing character: There is no ═ (U+2550) in font [lmmono12-regular]:!
Missing character: There is no ═ (U+2550) in font [lmmono12-regular]:!
Missing character: There is no ═ (U+2550) in font [lmmono12-regular]:!
Missing character: There is no ═ (U+2550) in font [lmmono12-regular]:!
Missing character: There is no ═ (U+2550) in font [lmmono12-regular]:!
Missing character: There is no ═ (U+2550) in font [lmmono12-regular]:!
Missing character: There is no ═ (U+2550) in font [lmmono12-regular]:!
Missing character: There is no ═ (U+2550) in font [lmmono12-regular]:!
Missing character: There is no ═ (U+2550) in font [lmmono12-regular]:!
Missing character: There is no ═ (U+2550) in font [lmmono12-regular]:!
Missing character: There is no ═ (U+2550) in font [lmmono12-regular]:!
Missing character: There is no ═ (U+2550) in font [lmmono12-regular]:!
Missing character: There is no ═ (U+2550) in font [lmmono12-regular]:!
Missing character: There is no ═ (U+2550) in font [lmmono12-regular]:!
Missing character: There is no ═ (U+2550) in font [lmmono12-regular]:!
Missing character: There is no ═ (U+2550) in font [lmmono12-regular]:!
Missing character: There is no ═ (U+2550) in font [lmmono12-regular]:!
Missing character: There is no ═ (U+2550) in font [lmmono12-regular]:!
Missing character: There is no ═ (U+2550) in font [lmmono12-regular]:!
Missing character: There is no ═ (U+2550) in font [lmmono12-regular]:!
Missing character: There is no ═ (U+2550) in font [lmmono12-regular]:!
Missing character: There is no ═ (U+2550) in font [lmmono12-regular]:!
Missing character: There is no ═ (U+2550) in font [lmmono12-regular]:!
Missing character: There is no ═ (U+2550) in font [lmmono12-regular]:!
Missing character: There is no ═ (U+2550) in font [lmmono12-regular]:!
Missing character: There is no ═ (U+2550) in font [lmmono12-regular]:!
Missing character: There is no ═ (U+2550) in font [lmmono12-regular]:!
Missing character: There is no ═ (U+2550) in font [lmmono12-regular]:!
Missing character: There is no ═ (U+2550) in font [lmmono12-regular]:!
Missing character: There is no ═ (U+2550) in font [lmmono12-regular]:!
Missing character: There is no ═ (U+2550) in font [lmmono12-regular]:!
Missing character: There is no ═ (U+2550) in font [lmmono12-regular]:!
Missing character: There is no ═ (U+2550) in font [lmmono12-regular]:!
Missing character: There is no ═ (U+2550) in font [lmmono12-regular]:!
Missing character: There is no ═ (U+2550) in font [lmmono12-regular]:!
Missing character: There is no ═ (U+2550) in font [lmmono12-regular]:!
Missing character: There is no ═ (U+2550) in font [lmmono12-regular]:!
Missing character: There is no ═ (U+2550) in font [lmmono12-regular]:!
Missing character: There is no ═ (U+2550) in font [lmmono12-regular]:!
Missing character: There is no ═ (U+2550) in font [lmmono12-regular]:!
Missing character: There is no ═ (U+2550) in font [lmmono12-regular]:!
Missing character: There is no ═ (U+2550) in font [lmmono12-regular]:!
Missing character: There is no ═ (U+2550) in font [lmmono12-regular]:!
Missing character: There is no ═ (U+2550) in font [lmmono12-regular]:!
Missing character: There is no ═ (U+2550) in font [lmmono12-regular]:!
Missing character: There is no ═ (U+2550) in font [lmmono12-regular]:!
Missing character: There is no ═ (U+2550) in font [lmmono12-regular]:!
Missing character: There is no ✓ (U+2713) in font [lmmono12-regular]:!
Missing character: There is no ✓ (U+2713) in font [lmmono12-regular]:!

Overfull \hbox (67.60858pt too wide) in paragraph at lines 18963--18963
\TU/lmtt/m/n/12 ============================================================================[]|  
 []


Overfull \hbox (67.60858pt too wide) in paragraph at lines 18965--18965
\TU/lmtt/m/n/12 ============================================================================[]|  
 []

Missing character: There is no ═ (U+2550) in font [lmmono12-regular]:!
Missing character: There is no ═ (U+2550) in font [lmmono12-regular]:!
Missing character: There is no ═ (U+2550) in font [lmmono12-regular]:!
Missing character: There is no ═ (U+2550) in font [lmmono12-regular]:!
Missing character: There is no ═ (U+2550) in font [lmmono12-regular]:!
Missing character: There is no ═ (U+2550) in font [lmmono12-regular]:!
Missing character: There is no ═ (U+2550) in font [lmmono12-regular]:!
Missing character: There is no ═ (U+2550) in font [lmmono12-regular]:!
Missing character: There is no ═ (U+2550) in font [lmmono12-regular]:!
Missing character: There is no ═ (U+2550) in font [lmmono12-regular]:!
Missing character: There is no ═ (U+2550) in font [lmmono12-regular]:!
Missing character: There is no ═ (U+2550) in font [lmmono12-regular]:!
Missing character: There is no ═ (U+2550) in font [lmmono12-regular]:!
Missing character: There is no ═ (U+2550) in font [lmmono12-regular]:!
Missing character: There is no ═ (U+2550) in font [lmmono12-regular]:!
Missing character: There is no ═ (U+2550) in font [lmmono12-regular]:!
Missing character: There is no ═ (U+2550) in font [lmmono12-regular]:!
Missing character: There is no ═ (U+2550) in font [lmmono12-regular]:!
Missing character: There is no ═ (U+2550) in font [lmmono12-regular]:!
Missing character: There is no ═ (U+2550) in font [lmmono12-regular]:!
Missing character: There is no ═ (U+2550) in font [lmmono12-regular]:!
Missing character: There is no ═ (U+2550) in font [lmmono12-regular]:!
Missing character: There is no ═ (U+2550) in font [lmmono12-regular]:!
Missing character: There is no ═ (U+2550) in font [lmmono12-regular]:!
Missing character: There is no ═ (U+2550) in font [lmmono12-regular]:!
Missing character: There is no ═ (U+2550) in font [lmmono12-regular]:!
Missing character: There is no ═ (U+2550) in font [lmmono12-regular]:!
Missing character: There is no ═ (U+2550) in font [lmmono12-regular]:!
Missing character: There is no ═ (U+2550) in font [lmmono12-regular]:!
Missing character: There is no ═ (U+2550) in font [lmmono12-regular]:!
Missing character: There is no ═ (U+2550) in font [lmmono12-regular]:!
Missing character: There is no ═ (U+2550) in font [lmmono12-regular]:!
Missing character: There is no ═ (U+2550) in font [lmmono12-regular]:!
Missing character: There is no ═ (U+2550) in font [lmmono12-regular]:!
Missing character: There is no ═ (U+2550) in font [lmmono12-regular]:!
Missing character: There is no ═ (U+2550) in font [lmmono12-regular]:!
Missing character: There is no ═ (U+2550) in font [lmmono12-regular]:!
Missing character: There is no ═ (U+2550) in font [lmmono12-regular]:!
Missing character: There is no ═ (U+2550) in font [lmmono12-regular]:!
Missing character: There is no ═ (U+2550) in font [lmmono12-regular]:!
Missing character: There is no ═ (U+2550) in font [lmmono12-regular]:!
Missing character: There is no ═ (U+2550) in font [lmmono12-regular]:!
Missing character: There is no ═ (U+2550) in font [lmmono12-regular]:!
Missing character: There is no ═ (U+2550) in font [lmmono12-regular]:!
Missing character: There is no ═ (U+2550) in font [lmmono12-regular]:!
Missing character: There is no ═ (U+2550) in font [lmmono12-regular]:!
Missing character: There is no ═ (U+2550) in font [lmmono12-regular]:!
Missing character: There is no ═ (U+2550) in font [lmmono12-regular]:!
Missing character: There is no ═ (U+2550) in font [lmmono12-regular]:!
Missing character: There is no ═ (U+2550) in font [lmmono12-regular]:!
Missing character: There is no ═ (U+2550) in font [lmmono12-regular]:!
Missing character: There is no ═ (U+2550) in font [lmmono12-regular]:!
Missing character: There is no ═ (U+2550) in font [lmmono12-regular]:!
Missing character: There is no ═ (U+2550) in font [lmmono12-regular]:!
Missing character: There is no ═ (U+2550) in font [lmmono12-regular]:!
Missing character: There is no ═ (U+2550) in font [lmmono12-regular]:!
Missing character: There is no ═ (U+2550) in font [lmmono12-regular]:!
Missing character: There is no ═ (U+2550) in font [lmmono12-regular]:!
Missing character: There is no ═ (U+2550) in font [lmmono12-regular]:!
Missing character: There is no ═ (U+2550) in font [lmmono12-regular]:!
Missing character: There is no ═ (U+2550) in font [lmmono12-regular]:!
Missing character: There is no ═ (U+2550) in font [lmmono12-regular]:!
Missing character: There is no ═ (U+2550) in font [lmmono12-regular]:!
Missing character: There is no ═ (U+2550) in font [lmmono12-regular]:!
Missing character: There is no ═ (U+2550) in font [lmmono12-regular]:!
Missing character: There is no ═ (U+2550) in font [lmmono12-regular]:!
Missing character: There is no ═ (U+2550) in font [lmmono12-regular]:!
Missing character: There is no ═ (U+2550) in font [lmmono12-regular]:!
Missing character: There is no ═ (U+2550) in font [lmmono12-regular]:!
Missing character: There is no ═ (U+2550) in font [lmmono12-regular]:!
Missing character: There is no ═ (U+2550) in font [lmmono12-regular]:!
Missing character: There is no ═ (U+2550) in font [lmmono12-regular]:!
Missing character: There is no ═ (U+2550) in font [lmmono12-regular]:!
Missing character: There is no ═ (U+2550) in font [lmmono12-regular]:!
Missing character: There is no ═ (U+2550) in font [lmmono12-regular]:!
Missing character: There is no ═ (U+2550) in font [lmmono12-regular]:!
Missing character: There is no ═ (U+2550) in font [lmmono12-regular]:!
Missing character: There is no ═ (U+2550) in font [lmmono12-regular]:!
Missing character: There is no ═ (U+2550) in font [lmmono12-regular]:!
Missing character: There is no ═ (U+2550) in font [lmmono12-regular]:!
Missing character: There is no ═ (U+2550) in font [lmmono12-regular]:!
Missing character: There is no ═ (U+2550) in font [lmmono12-regular]:!
Missing character: There is no ═ (U+2550) in font [lmmono12-regular]:!
Missing character: There is no ═ (U+2550) in font [lmmono12-regular]:!
Missing character: There is no ═ (U+2550) in font [lmmono12-regular]:!
Missing character: There is no ═ (U+2550) in font [lmmono12-regular]:!
Missing character: There is no ═ (U+2550) in font [lmmono12-regular]:!
Missing character: There is no ═ (U+2550) in font [lmmono12-regular]:!
Missing character: There is no ═ (U+2550) in font [lmmono12-regular]:!
Missing character: There is no ═ (U+2550) in font [lmmono12-regular]:!
Missing character: There is no ═ (U+2550) in font [lmmono12-regular]:!
Missing character: There is no ═ (U+2550) in font [lmmono12-regular]:!
Missing character: There is no ═ (U+2550) in font [lmmono12-regular]:!
Missing character: There is no ═ (U+2550) in font [lmmono12-regular]:!
Missing character: There is no ═ (U+2550) in font [lmmono12-regular]:!
Missing character: There is no ═ (U+2550) in font [lmmono12-regular]:!
Missing character: There is no ═ (U+2550) in font [lmmono12-regular]:!
Missing character: There is no ═ (U+2550) in font [lmmono12-regular]:!
Missing character: There is no ═ (U+2550) in font [lmmono12-regular]:!
Missing character: There is no ═ (U+2550) in font [lmmono12-regular]:!
Missing character: There is no ═ (U+2550) in font [lmmono12-regular]:!
Missing character: There is no ═ (U+2550) in font [lmmono12-regular]:!
Missing character: There is no ═ (U+2550) in font [lmmono12-regular]:!
Missing character: There is no ═ (U+2550) in font [lmmono12-regular]:!
Missing character: There is no ═ (U+2550) in font [lmmono12-regular]:!
Missing character: There is no ═ (U+2550) in font [lmmono12-regular]:!
Missing character: There is no ═ (U+2550) in font [lmmono12-regular]:!
Missing character: There is no ═ (U+2550) in font [lmmono12-regular]:!
Missing character: There is no ═ (U+2550) in font [lmmono12-regular]:!
Missing character: There is no ═ (U+2550) in font [lmmono12-regular]:!
Missing character: There is no ═ (U+2550) in font [lmmono12-regular]:!
Missing character: There is no ═ (U+2550) in font [lmmono12-regular]:!
Missing character: There is no ═ (U+2550) in font [lmmono12-regular]:!
Missing character: There is no ═ (U+2550) in font [lmmono12-regular]:!
Missing character: There is no ═ (U+2550) in font [lmmono12-regular]:!
Missing character: There is no ═ (U+2550) in font [lmmono12-regular]:!
Missing character: There is no ═ (U+2550) in font [lmmono12-regular]:!
Missing character: There is no ═ (U+2550) in font [lmmono12-regular]:!
Missing character: There is no ═ (U+2550) in font [lmmono12-regular]:!
Missing character: There is no ═ (U+2550) in font [lmmono12-regular]:!
Missing character: There is no ═ (U+2550) in font [lmmono12-regular]:!
Missing character: There is no ═ (U+2550) in font [lmmono12-regular]:!
Missing character: There is no ═ (U+2550) in font [lmmono12-regular]:!
Missing character: There is no ═ (U+2550) in font [lmmono12-regular]:!
Missing character: There is no ═ (U+2550) in font [lmmono12-regular]:!
Missing character: There is no ═ (U+2550) in font [lmmono12-regular]:!
Missing character: There is no ═ (U+2550) in font [lmmono12-regular]:!
Missing character: There is no ═ (U+2550) in font [lmmono12-regular]:!
Missing character: There is no ═ (U+2550) in font [lmmono12-regular]:!
Missing character: There is no ═ (U+2550) in font [lmmono12-regular]:!
Missing character: There is no ═ (U+2550) in font [lmmono12-regular]:!
Missing character: There is no ═ (U+2550) in font [lmmono12-regular]:!
Missing character: There is no ═ (U+2550) in font [lmmono12-regular]:!
Missing character: There is no ═ (U+2550) in font [lmmono12-regular]:!
Missing character: There is no ═ (U+2550) in font [lmmono12-regular]:!
Missing character: There is no ═ (U+2550) in font [lmmono12-regular]:!
Missing character: There is no ═ (U+2550) in font [lmmono12-regular]:!
Missing character: There is no ═ (U+2550) in font [lmmono12-regular]:!
Missing character: There is no ═ (U+2550) in font [lmmono12-regular]:!
Missing character: There is no ═ (U+2550) in font [lmmono12-regular]:!
Missing character: There is no ═ (U+2550) in font [lmmono12-regular]:!
Missing character: There is no ═ (U+2550) in font [lmmono12-regular]:!
Missing character: There is no ═ (U+2550) in font [lmmono12-regular]:!
Missing character: There is no ═ (U+2550) in font [lmmono12-regular]:!
Missing character: There is no ═ (U+2550) in font [lmmono12-regular]:!
Missing character: There is no ═ (U+2550) in font [lmmono12-regular]:!
Missing character: There is no ═ (U+2550) in font [lmmono12-regular]:!
Missing character: There is no ═ (U+2550) in font [lmmono12-regular]:!
Missing character: There is no ═ (U+2550) in font [lmmono12-regular]:!
Missing character: There is no ═ (U+2550) in font [lmmono12-regular]:!
Missing character: There is no ═ (U+2550) in font [lmmono12-regular]:!
Missing character: There is no ═ (U+2550) in font [lmmono12-regular]:!
Missing character: There is no ═ (U+2550) in font [lmmono12-regular]:!
Missing character: There is no ═ (U+2550) in font [lmmono12-regular]:!
Missing character: There is no ═ (U+2550) in font [lmmono12-regular]:!
Missing character: There is no ═ (U+2550) in font [lmmono12-regular]:!
Missing character: There is no ═ (U+2550) in font [lmmono12-regular]:!
Missing character: There is no ═ (U+2550) in font [lmmono12-regular]:!
Missing character: There is no ═ (U+2550) in font [lmmono12-regular]:!
Missing character: There is no ═ (U+2550) in font [lmmono12-regular]:!
Missing character: There is no ═ (U+2550) in font [lmmono12-regular]:!
Missing character: There is no ═ (U+2550) in font [lmmono12-regular]:!
Missing character: There is no ═ (U+2550) in font [lmmono12-regular]:!
Missing character: There is no ═ (U+2550) in font [lmmono12-regular]:!
Missing character: There is no ═ (U+2550) in font [lmmono12-regular]:!
Missing character: There is no ═ (U+2550) in font [lmmono12-regular]:!
Missing character: There is no ═ (U+2550) in font [lmmono12-regular]:!
Missing character: There is no ═ (U+2550) in font [lmmono12-regular]:!
Missing character: There is no ═ (U+2550) in font [lmmono12-regular]:!
Missing character: There is no ═ (U+2550) in font [lmmono12-regular]:!
Missing character: There is no ═ (U+2550) in font [lmmono12-regular]:!
Missing character: There is no ═ (U+2550) in font [lmmono12-regular]:!
Missing character: There is no ═ (U+2550) in font [lmmono12-regular]:!
Missing character: There is no ═ (U+2550) in font [lmmono12-regular]:!
Missing character: There is no ═ (U+2550) in font [lmmono12-regular]:!
Missing character: There is no ═ (U+2550) in font [lmmono12-regular]:!
Missing character: There is no ═ (U+2550) in font [lmmono12-regular]:!
Missing character: There is no ═ (U+2550) in font [lmmono12-regular]:!
Missing character: There is no ═ (U+2550) in font [lmmono12-regular]:!
Missing character: There is no ═ (U+2550) in font [lmmono12-regular]:!
Missing character: There is no ═ (U+2550) in font [lmmono12-regular]:!
Missing character: There is no ═ (U+2550) in font [lmmono12-regular]:!
Missing character: There is no ═ (U+2550) in font [lmmono12-regular]:!
Missing character: There is no ═ (U+2550) in font [lmmono12-regular]:!
Missing character: There is no ═ (U+2550) in font [lmmono12-regular]:!
Missing character: There is no ═ (U+2550) in font [lmmono12-regular]:!
Missing character: There is no ═ (U+2550) in font [lmmono12-regular]:!
Missing character: There is no ═ (U+2550) in font [lmmono12-regular]:!
Missing character: There is no ═ (U+2550) in font [lmmono12-regular]:!
Missing character: There is no ═ (U+2550) in font [lmmono12-regular]:!
Missing character: There is no ═ (U+2550) in font [lmmono12-regular]:!
Missing character: There is no ═ (U+2550) in font [lmmono12-regular]:!
Missing character: There is no ═ (U+2550) in font [lmmono12-regular]:!
Missing character: There is no ═ (U+2550) in font [lmmono12-regular]:!
Missing character: There is no ═ (U+2550) in font [lmmono12-regular]:!
Missing character: There is no ═ (U+2550) in font [lmmono12-regular]:!
Missing character: There is no ═ (U+2550) in font [lmmono12-regular]:!
Missing character: There is no ═ (U+2550) in font [lmmono12-regular]:!
Missing character: There is no ═ (U+2550) in font [lmmono12-regular]:!
Missing character: There is no ═ (U+2550) in font [lmmono12-regular]:!
Missing character: There is no ═ (U+2550) in font [lmmono12-regular]:!
Missing character: There is no ═ (U+2550) in font [lmmono12-regular]:!
Missing character: There is no ═ (U+2550) in font [lmmono12-regular]:!
Missing character: There is no ═ (U+2550) in font [lmmono12-regular]:!
Missing character: There is no ═ (U+2550) in font [lmmono12-regular]:!
Missing character: There is no ═ (U+2550) in font [lmmono12-regular]:!
Missing character: There is no ═ (U+2550) in font [lmmono12-regular]:!
Missing character: There is no ═ (U+2550) in font [lmmono12-regular]:!
Missing character: There is no ═ (U+2550) in font [lmmono12-regular]:!
Missing character: There is no ═ (U+2550) in font [lmmono12-regular]:!
Missing character: There is no ═ (U+2550) in font [lmmono12-regular]:!
Missing character: There is no ═ (U+2550) in font [lmmono12-regular]:!
Missing character: There is no ═ (U+2550) in font [lmmono12-regular]:!
Missing character: There is no ═ (U+2550) in font [lmmono12-regular]:!
Missing character: There is no ═ (U+2550) in font [lmmono12-regular]:!
Missing character: There is no ═ (U+2550) in font [lmmono12-regular]:!
Missing character: There is no ═ (U+2550) in font [lmmono12-regular]:!
Missing character: There is no ═ (U+2550) in font [lmmono12-regular]:!
Missing character: There is no ═ (U+2550) in font [lmmono12-regular]:!
Missing character: There is no ═ (U+2550) in font [lmmono12-regular]:!
Missing character: There is no ═ (U+2550) in font [lmmono12-regular]:!
Missing character: There is no ═ (U+2550) in font [lmmono12-regular]:!
Missing character: There is no ═ (U+2550) in font [lmmono12-regular]:!
Missing character: There is no ═ (U+2550) in font [lmmono12-regular]:!
Missing character: There is no ═ (U+2550) in font [lmmono12-regular]:!
Missing character: There is no ═ (U+2550) in font [lmmono12-regular]:!
Missing character: There is no ═ (U+2550) in font [lmmono12-regular]:!
Missing character: There is no ═ (U+2550) in font [lmmono12-regular]:!
Missing character: There is no ═ (U+2550) in font [lmmono12-regular]:!
Missing character: There is no ═ (U+2550) in font [lmmono12-regular]:!
Missing character: There is no ═ (U+2550) in font [lmmono12-regular]:!
Missing character: There is no ═ (U+2550) in font [lmmono12-regular]:!
Missing character: There is no ═ (U+2550) in font [lmmono12-regular]:!
Missing character: There is no ═ (U+2550) in font [lmmono12-regular]:!
Missing character: There is no ═ (U+2550) in font [lmmono12-regular]:!
Missing character: There is no ═ (U+2550) in font [lmmono12-regular]:!
Missing character: There is no ═ (U+2550) in font [lmmono12-regular]:!
Missing character: There is no ═ (U+2550) in font [lmmono12-regular]:!
Missing character: There is no ═ (U+2550) in font [lmmono12-regular]:!
Missing character: There is no ═ (U+2550) in font [lmmono12-regular]:!
Missing character: There is no ═ (U+2550) in font [lmmono12-regular]:!
Missing character: There is no ═ (U+2550) in font [lmmono12-regular]:!
Missing character: There is no ═ (U+2550) in font [lmmono12-regular]:!
Missing character: There is no ═ (U+2550) in font [lmmono12-regular]:!
Missing character: There is no ═ (U+2550) in font [lmmono12-regular]:!
Missing character: There is no ═ (U+2550) in font [lmmono12-regular]:!
Missing character: There is no ═ (U+2550) in font [lmmono12-regular]:!
Missing character: There is no ═ (U+2550) in font [lmmono12-regular]:!
Missing character: There is no ═ (U+2550) in font [lmmono12-regular]:!
Missing character: There is no ═ (U+2550) in font [lmmono12-regular]:!
Missing character: There is no ═ (U+2550) in font [lmmono12-regular]:!
Missing character: There is no ═ (U+2550) in font [lmmono12-regular]:!
Missing character: There is no ═ (U+2550) in font [lmmono12-regular]:!
Missing character: There is no ═ (U+2550) in font [lmmono12-regular]:!
Missing character: There is no ═ (U+2550) in font [lmmono12-regular]:!
Missing character: There is no ═ (U+2550) in font [lmmono12-regular]:!
Missing character: There is no ═ (U+2550) in font [lmmono12-regular]:!
Missing character: There is no ═ (U+2550) in font [lmmono12-regular]:!
Missing character: There is no ═ (U+2550) in font [lmmono12-regular]:!
Missing character: There is no ═ (U+2550) in font [lmmono12-regular]:!
Missing character: There is no ═ (U+2550) in font [lmmono12-regular]:!
Missing character: There is no ═ (U+2550) in font [lmmono12-regular]:!
Missing character: There is no ═ (U+2550) in font [lmmono12-regular]:!
Missing character: There is no ═ (U+2550) in font [lmmono12-regular]:!
Missing character: There is no ═ (U+2550) in font [lmmono12-regular]:!
Missing character: There is no ═ (U+2550) in font [lmmono12-regular]:!
Missing character: There is no ═ (U+2550) in font [lmmono12-regular]:!
Missing character: There is no ═ (U+2550) in font [lmmono12-regular]:!
Missing character: There is no ═ (U+2550) in font [lmmono12-regular]:!
Missing character: There is no ═ (U+2550) in font [lmmono12-regular]:!
Missing character: There is no ═ (U+2550) in font [lmmono12-regular]:!
Missing character: There is no ═ (U+2550) in font [lmmono12-regular]:!
Missing character: There is no ═ (U+2550) in font [lmmono12-regular]:!
Missing character: There is no ═ (U+2550) in font [lmmono12-regular]:!
Missing character: There is no ═ (U+2550) in font [lmmono12-regular]:!
Missing character: There is no ═ (U+2550) in font [lmmono12-regular]:!
Missing character: There is no ═ (U+2550) in font [lmmono12-regular]:!
Missing character: There is no ═ (U+2550) in font [lmmono12-regular]:!
Missing character: There is no ═ (U+2550) in font [lmmono12-regular]:!
Missing character: There is no ═ (U+2550) in font [lmmono12-regular]:!
Missing character: There is no ═ (U+2550) in font [lmmono12-regular]:!
Missing character: There is no ═ (U+2550) in font [lmmono12-regular]:!
Missing character: There is no ═ (U+2550) in font [lmmono12-regular]:!
Missing character: There is no ═ (U+2550) in font [lmmono12-regular]:!
Missing character: There is no ✓ (U+2713) in font [lmmono12-regular]:!
Missing character: There is no ✓ (U+2713) in font [lmmono12-regular]:!
Missing character: There is no ✓ (U+2713) in font [lmmono12-regular]:!
Missing character: There is no ✓ (U+2713) in font [lmmono12-regular]:!
Missing character: There is no ✓ (U+2713) in font [lmmono12-regular]:!
Missing character: There is no ✓ (U+2713) in font [lmmono12-regular]:!
Missing character: There is no ✓ (U+2713) in font [lmmono12-regular]:!
Missing character: There is no ✓ (U+2713) in font [lmmono12-regular]:!
Missing character: There is no ✓ (U+2713) in font [lmmono12-regular]:!
Missing character: There is no ✓ (U+2713) in font [lmmono12-regular]:!
Missing character: There is no ✓ (U+2713) in font [lmmono12-regular]:!
Missing character: There is no ✓ (U+2713) in font [lmmono12-regular]:!
Missing character: There is no ⚠ (U+26A0) in font [lmmono12-regular]:!
Missing character: There is no ⚠ (U+26A0) in font [lmmono12-regular]:!
Missing character: There is no ✓ (U+2713) in font [lmmono12-regular]:!
Missing character: There is no ✓ (U+2713) in font [lmmono12-regular]:!
Missing character: There is no ✓ (U+2713) in font [lmmono12-regular]:!
Missing character: There is no ✓ (U+2713) in font [lmmono12-regular]:!
Missing character: There is no ✓ (U+2713) in font [lmmono12-regular]:!
Missing character: There is no ✓ (U+2713) in font [lmmono12-regular]:!
Missing character: There is no ✓ (U+2713) in font [lmmono12-regular]:!
Missing character: There is no ✓ (U+2713) in font [lmmono12-regular]:!
Missing character: There is no ₀ (U+2080) in font [lmmono12-regular]:!
Missing character: There is no ✓ (U+2713) in font [lmmono12-regular]:!
Missing character: There is no ₀ (U+2080) in font [lmmono12-regular]:!
Missing character: There is no ✓ (U+2713) in font [lmmono12-regular]:!
Missing character: There is no ₀ (U+2080) in font [lmmono12-regular]:!
Missing character: There is no ₀ (U+2080) in font [lmmono12-regular]:!
Missing character: There is no ✓ (U+2713) in font [lmmono12-regular]:!
Missing character: There is no ✓ (U+2713) in font [lmmono12-regular]:!
Missing character: There is no ✓ (U+2713) in font [lmmono12-regular]:!
Missing character: There is no ✓ (U+2713) in font [lmmono12-regular]:!
Missing character: There is no ✓ (U+2713) in font [lmmono12-regular]:!
Missing character: There is no ✓ (U+2713) in font [lmmono12-regular]:!
Missing character: There is no ✓ (U+2713) in font [lmmono12-regular]:!
Missing character: There is no ✓ (U+2713) in font [lmmono12-regular]:!
Missing character: There is no ✓ (U+2713) in font [lmmono12-regular]:!
Missing character: There is no ✓ (U+2713) in font [lmmono12-regular]:!
Missing character: There is no ✓ (U+2713) in font [lmmono12-regular]:!
Missing character: There is no ✓ (U+2713) in font [lmmono12-regular]:!
Missing character: There is no ✓ (U+2713) in font [lmmono12-regular]:!
Missing character: There is no ✓ (U+2713) in font [lmmono12-regular]:!
Missing character: There is no ✓ (U+2713) in font [lmmono12-regular]:!
Missing character: There is no ✓ (U+2713) in font [lmmono12-regular]:!
Missing character: There is no ≥ (U+2265) in font [lmmono12-regular]:!
Missing character: There is no ≥ (U+2265) in font [lmmono12-regular]:!
Missing character: There is no ⚠ (U+26A0) in font [lmmono12-regular]:!
Missing character: There is no ⚠ (U+26A0) in font [lmmono12-regular]:!
Missing character: There is no ⚠ (U+26A0) in font [lmmono12-regular]:!
Missing character: There is no ⚠ (U+26A0) in font [lmmono12-regular]:!
Missing character: There is no ═ (U+2550) in font [lmmono12-regular]:!
Missing character: There is no ═ (U+2550) in font [lmmono12-regular]:!
Missing character: There is no ═ (U+2550) in font [lmmono12-regular]:!
Missing character: There is no ═ (U+2550) in font [lmmono12-regular]:!
Missing character: There is no ═ (U+2550) in font [lmmono12-regular]:!
Missing character: There is no ═ (U+2550) in font [lmmono12-regular]:!
Missing character: There is no ═ (U+2550) in font [lmmono12-regular]:!
Missing character: There is no ═ (U+2550) in font [lmmono12-regular]:!
Missing character: There is no ═ (U+2550) in font [lmmono12-regular]:!
Missing character: There is no ═ (U+2550) in font [lmmono12-regular]:!
Missing character: There is no ═ (U+2550) in font [lmmono12-regular]:!
Missing character: There is no ═ (U+2550) in font [lmmono12-regular]:!
Missing character: There is no ═ (U+2550) in font [lmmono12-regular]:!
Missing character: There is no ═ (U+2550) in font [lmmono12-regular]:!
Missing character: There is no ═ (U+2550) in font [lmmono12-regular]:!
Missing character: There is no ═ (U+2550) in font [lmmono12-regular]:!
Missing character: There is no ═ (U+2550) in font [lmmono12-regular]:!
Missing character: There is no ═ (U+2550) in font [lmmono12-regular]:!
Missing character: There is no ═ (U+2550) in font [lmmono12-regular]:!
Missing character: There is no ═ (U+2550) in font [lmmono12-regular]:!
Missing character: There is no ═ (U+2550) in font [lmmono12-regular]:!
Missing character: There is no ═ (U+2550) in font [lmmono12-regular]:!
Missing character: There is no ═ (U+2550) in font [lmmono12-regular]:!
Missing character: There is no ═ (U+2550) in font [lmmono12-regular]:!
Missing character: There is no ═ (U+2550) in font [lmmono12-regular]:!
Missing character: There is no ═ (U+2550) in font [lmmono12-regular]:!
Missing character: There is no ═ (U+2550) in font [lmmono12-regular]:!
Missing character: There is no ═ (U+2550) in font [lmmono12-regular]:!
Missing character: There is no ═ (U+2550) in font [lmmono12-regular]:!
Missing character: There is no ═ (U+2550) in font [lmmono12-regular]:!
Missing character: There is no ═ (U+2550) in font [lmmono12-regular]:!
Missing character: There is no ═ (U+2550) in font [lmmono12-regular]:!
Missing character: There is no ═ (U+2550) in font [lmmono12-regular]:!
Missing character: There is no ═ (U+2550) in font [lmmono12-regular]:!
Missing character: There is no ═ (U+2550) in font [lmmono12-regular]:!
Missing character: There is no ═ (U+2550) in font [lmmono12-regular]:!
Missing character: There is no ═ (U+2550) in font [lmmono12-regular]:!
Missing character: There is no ═ (U+2550) in font [lmmono12-regular]:!
Missing character: There is no ═ (U+2550) in font [lmmono12-regular]:!
Missing character: There is no ═ (U+2550) in font [lmmono12-regular]:!
Missing character: There is no ═ (U+2550) in font [lmmono12-regular]:!
Missing character: There is no ═ (U+2550) in font [lmmono12-regular]:!
Missing character: There is no ═ (U+2550) in font [lmmono12-regular]:!
Missing character: There is no ═ (U+2550) in font [lmmono12-regular]:!
Missing character: There is no ═ (U+2550) in font [lmmono12-regular]:!
Missing character: There is no ═ (U+2550) in font [lmmono12-regular]:!
Missing character: There is no ═ (U+2550) in font [lmmono12-regular]:!
Missing character: There is no ═ (U+2550) in font [lmmono12-regular]:!
Missing character: There is no ═ (U+2550) in font [lmmono12-regular]:!
Missing character: There is no ═ (U+2550) in font [lmmono12-regular]:!
Missing character: There is no ═ (U+2550) in font [lmmono12-regular]:!
Missing character: There is no ═ (U+2550) in font [lmmono12-regular]:!
Missing character: There is no ═ (U+2550) in font [lmmono12-regular]:!
Missing character: There is no ═ (U+2550) in font [lmmono12-regular]:!
Missing character: There is no ═ (U+2550) in font [lmmono12-regular]:!
Missing character: There is no ═ (U+2550) in font [lmmono12-regular]:!
Missing character: There is no ═ (U+2550) in font [lmmono12-regular]:!
Missing character: There is no ═ (U+2550) in font [lmmono12-regular]:!
Missing character: There is no ═ (U+2550) in font [lmmono12-regular]:!
Missing character: There is no ═ (U+2550) in font [lmmono12-regular]:!
Missing character: There is no ═ (U+2550) in font [lmmono12-regular]:!
Missing character: There is no ═ (U+2550) in font [lmmono12-regular]:!
Missing character: There is no ═ (U+2550) in font [lmmono12-regular]:!
Missing character: There is no ═ (U+2550) in font [lmmono12-regular]:!
Missing character: There is no ═ (U+2550) in font [lmmono12-regular]:!
Missing character: There is no ═ (U+2550) in font [lmmono12-regular]:!
Missing character: There is no ═ (U+2550) in font [lmmono12-regular]:!
Missing character: There is no ═ (U+2550) in font [lmmono12-regular]:!
Missing character: There is no ═ (U+2550) in font [lmmono12-regular]:!
Missing character: There is no ═ (U+2550) in font [lmmono12-regular]:!
Missing character: There is no ═ (U+2550) in font [lmmono12-regular]:!
Missing character: There is no ═ (U+2550) in font [lmmono12-regular]:!
Missing character: There is no ═ (U+2550) in font [lmmono12-regular]:!
Missing character: There is no ═ (U+2550) in font [lmmono12-regular]:!
Missing character: There is no ═ (U+2550) in font [lmmono12-regular]:!
Missing character: There is no ═ (U+2550) in font [lmmono12-regular]:!
Missing character: There is no ═ (U+2550) in font [lmmono12-regular]:!
Missing character: There is no ═ (U+2550) in font [lmmono12-regular]:!
Missing character: There is no ═ (U+2550) in font [lmmono12-regular]:!
Missing character: There is no ═ (U+2550) in font [lmmono12-regular]:!
Missing character: There is no ═ (U+2550) in font [lmmono12-regular]:!
Missing character: There is no ═ (U+2550) in font [lmmono12-regular]:!
Missing character: There is no ═ (U+2550) in font [lmmono12-regular]:!
Missing character: There is no ═ (U+2550) in font [lmmono12-regular]:!
Missing character: There is no ═ (U+2550) in font [lmmono12-regular]:!
Missing character: There is no ═ (U+2550) in font [lmmono12-regular]:!
Missing character: There is no ═ (U+2550) in font [lmmono12-regular]:!
Missing character: There is no ═ (U+2550) in font [lmmono12-regular]:!
Missing character: There is no ═ (U+2550) in font [lmmono12-regular]:!
Missing character: There is no ═ (U+2550) in font [lmmono12-regular]:!
Missing character: There is no ═ (U+2550) in font [lmmono12-regular]:!
Missing character: There is no ═ (U+2550) in font [lmmono12-regular]:!
Missing character: There is no ═ (U+2550) in font [lmmono12-regular]:!
Missing character: There is no ═ (U+2550) in font [lmmono12-regular]:!
Missing character: There is no ═ (U+2550) in font [lmmono12-regular]:!
Missing character: There is no ═ (U+2550) in font [lmmono12-regular]:!
Missing character: There is no ═ (U+2550) in font [lmmono12-regular]:!
Missing character: There is no ═ (U+2550) in font [lmmono12-regular]:!
Missing character: There is no ═ (U+2550) in font [lmmono12-regular]:!
Missing character: There is no ═ (U+2550) in font [lmmono12-regular]:!
Missing character: There is no ═ (U+2550) in font [lmmono12-regular]:!
Missing character: There is no ═ (U+2550) in font [lmmono12-regular]:!
Missing character: There is no ═ (U+2550) in font [lmmono12-regular]:!
Missing character: There is no ═ (U+2550) in font [lmmono12-regular]:!
Missing character: There is no ═ (U+2550) in font [lmmono12-regular]:!
Missing character: There is no ═ (U+2550) in font [lmmono12-regular]:!
Missing character: There is no ═ (U+2550) in font [lmmono12-regular]:!
Missing character: There is no ═ (U+2550) in font [lmmono12-regular]:!
Missing character: There is no ═ (U+2550) in font [lmmono12-regular]:!
Missing character: There is no ═ (U+2550) in font [lmmono12-regular]:!
Missing character: There is no ═ (U+2550) in font [lmmono12-regular]:!
Missing character: There is no ═ (U+2550) in font [lmmono12-regular]:!
Missing character: There is no ═ (U+2550) in font [lmmono12-regular]:!
Missing character: There is no ═ (U+2550) in font [lmmono12-regular]:!
Missing character: There is no ═ (U+2550) in font [lmmono12-regular]:!
Missing character: There is no ═ (U+2550) in font [lmmono12-regular]:!
Missing character: There is no ═ (U+2550) in font [lmmono12-regular]:!
Missing character: There is no ═ (U+2550) in font [lmmono12-regular]:!
Missing character: There is no ═ (U+2550) in font [lmmono12-regular]:!
Missing character: There is no ═ (U+2550) in font [lmmono12-regular]:!
Missing character: There is no ═ (U+2550) in font [lmmono12-regular]:!
Missing character: There is no ═ (U+2550) in font [lmmono12-regular]:!
Missing character: There is no ═ (U+2550) in font [lmmono12-regular]:!
Missing character: There is no ═ (U+2550) in font [lmmono12-regular]:!
Missing character: There is no ═ (U+2550) in font [lmmono12-regular]:!
Missing character: There is no ═ (U+2550) in font [lmmono12-regular]:!
Missing character: There is no ═ (U+2550) in font [lmmono12-regular]:!
Missing character: There is no ═ (U+2550) in font [lmmono12-regular]:!
Missing character: There is no ═ (U+2550) in font [lmmono12-regular]:!
Missing character: There is no ═ (U+2550) in font [lmmono12-regular]:!
Missing character: There is no ═ (U+2550) in font [lmmono12-regular]:!
Missing character: There is no ═ (U+2550) in font [lmmono12-regular]:!
Missing character: There is no ═ (U+2550) in font [lmmono12-regular]:!
Missing character: There is no ═ (U+2550) in font [lmmono12-regular]:!
Missing character: There is no ═ (U+2550) in font [lmmono12-regular]:!
Missing character: There is no ═ (U+2550) in font [lmmono12-regular]:!
Missing character: There is no ═ (U+2550) in font [lmmono12-regular]:!
Missing character: There is no ═ (U+2550) in font [lmmono12-regular]:!
Missing character: There is no ═ (U+2550) in font [lmmono12-regular]:!
Missing character: There is no ═ (U+2550) in font [lmmono12-regular]:!
Missing character: There is no ═ (U+2550) in font [lmmono12-regular]:!
Missing character: There is no ═ (U+2550) in font [lmmono12-regular]:!
Missing character: There is no ═ (U+2550) in font [lmmono12-regular]:!
Missing character: There is no ═ (U+2550) in font [lmmono12-regular]:!
Missing character: There is no ═ (U+2550) in font [lmmono12-regular]:!
Missing character: There is no ═ (U+2550) in font [lmmono12-regular]:!
Missing character: There is no ═ (U+2550) in font [lmmono12-regular]:!
Missing character: There is no ═ (U+2550) in font [lmmono12-regular]:!
Missing character: There is no ═ (U+2550) in font [lmmono12-regular]:!
Missing character: There is no ═ (U+2550) in font [lmmono12-regular]:!
Missing character: There is no ═ (U+2550) in font [lmmono12-regular]:!
Missing character: There is no ═ (U+2550) in font [lmmono12-regular]:!
Missing character: There is no ═ (U+2550) in font [lmmono12-regular]:!
Missing character: There is no ═ (U+2550) in font [lmmono12-regular]:!
Missing character: There is no ═ (U+2550) in font [lmmono12-regular]:!
Missing character: There is no ═ (U+2550) in font [lmmono12-regular]:!
Missing character: There is no ═ (U+2550) in font [lmmono12-regular]:!
Missing character: There is no ═ (U+2550) in font [lmmono12-regular]:!
Missing character: There is no ═ (U+2550) in font [lmmono12-regular]:!
Missing character: There is no ═ (U+2550) in font [lmmono12-regular]:!
Missing character: There is no ═ (U+2550) in font [lmmono12-regular]:!
Missing character: There is no ═ (U+2550) in font [lmmono12-regular]:!
Missing character: There is no ═ (U+2550) in font [lmmono12-regular]:!
Missing character: There is no ═ (U+2550) in font [lmmono12-regular]:!
Missing character: There is no ═ (U+2550) in font [lmmono12-regular]:!
Missing character: There is no ═ (U+2550) in font [lmmono12-regular]:!
Missing character: There is no ═ (U+2550) in font [lmmono12-regular]:!
Missing character: There is no ═ (U+2550) in font [lmmono12-regular]:!
Missing character: There is no ═ (U+2550) in font [lmmono12-regular]:!
Missing character: There is no ═ (U+2550) in font [lmmono12-regular]:!
Missing character: There is no ═ (U+2550) in font [lmmono12-regular]:!
Missing character: There is no ═ (U+2550) in font [lmmono12-regular]:!
Missing character: There is no ═ (U+2550) in font [lmmono12-regular]:!
Missing character: There is no ═ (U+2550) in font [lmmono12-regular]:!
Missing character: There is no ═ (U+2550) in font [lmmono12-regular]:!
Missing character: There is no ═ (U+2550) in font [lmmono12-regular]:!
Missing character: There is no ═ (U+2550) in font [lmmono12-regular]:!
Missing character: There is no ═ (U+2550) in font [lmmono12-regular]:!
Missing character: There is no ═ (U+2550) in font [lmmono12-regular]:!
Missing character: There is no ═ (U+2550) in font [lmmono12-regular]:!
Missing character: There is no ═ (U+2550) in font [lmmono12-regular]:!
Missing character: There is no ═ (U+2550) in font [lmmono12-regular]:!
Missing character: There is no ═ (U+2550) in font [lmmono12-regular]:!
Missing character: There is no ═ (U+2550) in font [lmmono12-regular]:!
Missing character: There is no ═ (U+2550) in font [lmmono12-regular]:!
Missing character: There is no ═ (U+2550) in font [lmmono12-regular]:!
Missing character: There is no ═ (U+2550) in font [lmmono12-regular]:!
Missing character: There is no ═ (U+2550) in font [lmmono12-regular]:!
Missing character: There is no ═ (U+2550) in font [lmmono12-regular]:!
Missing character: There is no ═ (U+2550) in font [lmmono12-regular]:!
Missing character: There is no ═ (U+2550) in font [lmmono12-regular]:!
Missing character: There is no ═ (U+2550) in font [lmmono12-regular]:!
Missing character: There is no ═ (U+2550) in font [lmmono12-regular]:!
Missing character: There is no ═ (U+2550) in font [lmmono12-regular]:!
Missing character: There is no ═ (U+2550) in font [lmmono12-regular]:!
Missing character: There is no ═ (U+2550) in font [lmmono12-regular]:!
Missing character: There is no ═ (U+2550) in font [lmmono12-regular]:!
Missing character: There is no ═ (U+2550) in font [lmmono12-regular]:!
Missing character: There is no ═ (U+2550) in font [lmmono12-regular]:!
Missing character: There is no ═ (U+2550) in font [lmmono12-regular]:!
Missing character: There is no ═ (U+2550) in font [lmmono12-regular]:!
Missing character: There is no ═ (U+2550) in font [lmmono12-regular]:!
Missing character: There is no ═ (U+2550) in font [lmmono12-regular]:!
Missing character: There is no ═ (U+2550) in font [lmmono12-regular]:!
Missing character: There is no ═ (U+2550) in font [lmmono12-regular]:!
Missing character: There is no ═ (U+2550) in font [lmmono12-regular]:!
Missing character: There is no ═ (U+2550) in font [lmmono12-regular]:!
Missing character: There is no ═ (U+2550) in font [lmmono12-regular]:!
Missing character: There is no ═ (U+2550) in font [lmmono12-regular]:!
Missing character: There is no ═ (U+2550) in font [lmmono12-regular]:!
Missing character: There is no ═ (U+2550) in font [lmmono12-regular]:!
Missing character: There is no ═ (U+2550) in font [lmmono12-regular]:!
Missing character: There is no ═ (U+2550) in font [lmmono12-regular]:!
Missing character: There is no ═ (U+2550) in font [lmmono12-regular]:!
Missing character: There is no ═ (U+2550) in font [lmmono12-regular]:!
Missing character: There is no ═ (U+2550) in font [lmmono12-regular]:!
Missing character: There is no ═ (U+2550) in font [lmmono12-regular]:!
Missing character: There is no ═ (U+2550) in font [lmmono12-regular]:!
Missing character: There is no ═ (U+2550) in font [lmmono12-regular]:!
Missing character: There is no ═ (U+2550) in font [lmmono12-regular]:!
Missing character: There is no ═ (U+2550) in font [lmmono12-regular]:!
Missing character: There is no ═ (U+2550) in font [lmmono12-regular]:!
Missing character: There is no ═ (U+2550) in font [lmmono12-regular]:!
Missing character: There is no ═ (U+2550) in font [lmmono12-regular]:!
Missing character: There is no ═ (U+2550) in font [lmmono12-regular]:!
Missing character: There is no ═ (U+2550) in font [lmmono12-regular]:!
Missing character: There is no ═ (U+2550) in font [lmmono12-regular]:!
Missing character: There is no ═ (U+2550) in font [lmmono12-regular]:!
Missing character: There is no ═ (U+2550) in font [lmmono12-regular]:!
Missing character: There is no ═ (U+2550) in font [lmmono12-regular]:!
Missing character: There is no ═ (U+2550) in font [lmmono12-regular]:!
Missing character: There is no ═ (U+2550) in font [lmmono12-regular]:!
Missing character: There is no ═ (U+2550) in font [lmmono12-regular]:!
Missing character: There is no ═ (U+2550) in font [lmmono12-regular]:!
Missing character: There is no ═ (U+2550) in font [lmmono12-regular]:!
Missing character: There is no ═ (U+2550) in font [lmmono12-regular]:!
Missing character: There is no ═ (U+2550) in font [lmmono12-regular]:!
Missing character: There is no ═ (U+2550) in font [lmmono12-regular]:!
Missing character: There is no ═ (U+2550) in font [lmmono12-regular]:!
Missing character: There is no ═ (U+2550) in font [lmmono12-regular]:!
Missing character: There is no ═ (U+2550) in font [lmmono12-regular]:!
Missing character: There is no ═ (U+2550) in font [lmmono12-regular]:!
Missing character: There is no ═ (U+2550) in font [lmmono12-regular]:!
Missing character: There is no ═ (U+2550) in font [lmmono12-regular]:!
Missing character: There is no ═ (U+2550) in font [lmmono12-regular]:!
Missing character: There is no ═ (U+2550) in font [lmmono12-regular]:!
Missing character: There is no ═ (U+2550) in font [lmmono12-regular]:!
Missing character: There is no ═ (U+2550) in font [lmmono12-regular]:!
Missing character: There is no ═ (U+2550) in font [lmmono12-regular]:!
Missing character: There is no ═ (U+2550) in font [lmmono12-regular]:!
Missing character: There is no ═ (U+2550) in font [lmmono12-regular]:!
Missing character: There is no ═ (U+2550) in font [lmmono12-regular]:!
Missing character: There is no ═ (U+2550) in font [lmmono12-regular]:!
Missing character: There is no ═ (U+2550) in font [lmmono12-regular]:!
Missing character: There is no ═ (U+2550) in font [lmmono12-regular]:!
Missing character: There is no ═ (U+2550) in font [lmmono12-regular]:!
Missing character: There is no ═ (U+2550) in font [lmmono12-regular]:!
Missing character: There is no ═ (U+2550) in font [lmmono12-regular]:!
Missing character: There is no ═ (U+2550) in font [lmmono12-regular]:!
Missing character: There is no ═ (U+2550) in font [lmmono12-regular]:!
Missing character: There is no ═ (U+2550) in font [lmmono12-regular]:!
Missing character: There is no ═ (U+2550) in font [lmmono12-regular]:!
Missing character: There is no ═ (U+2550) in font [lmmono12-regular]:!
Missing character: There is no ═ (U+2550) in font [lmmono12-regular]:!
Missing character: There is no ═ (U+2550) in font [lmmono12-regular]:!
Missing character: There is no ═ (U+2550) in font [lmmono12-regular]:!
Missing character: There is no ═ (U+2550) in font [lmmono12-regular]:!
Missing character: There is no ═ (U+2550) in font [lmmono12-regular]:!
Missing character: There is no ═ (U+2550) in font [lmmono12-regular]:!
Missing character: There is no ═ (U+2550) in font [lmmono12-regular]:!
Missing character: There is no ═ (U+2550) in font [lmmono12-regular]:!
Missing character: There is no ═ (U+2550) in font [lmmono12-regular]:!
Missing character: There is no ═ (U+2550) in font [lmmono12-regular]:!
Missing character: There is no ═ (U+2550) in font [lmmono12-regular]:!
Missing character: There is no ═ (U+2550) in font [lmmono12-regular]:!
Missing character: There is no ═ (U+2550) in font [lmmono12-regular]:!
Missing character: There is no ═ (U+2550) in font [lmmono12-regular]:!
Missing character: There is no ═ (U+2550) in font [lmmono12-regular]:!
Missing character: There is no ═ (U+2550) in font [lmmono12-regular]:!
Missing character: There is no ═ (U+2550) in font [lmmono12-regular]:!
Missing character: There is no ═ (U+2550) in font [lmmono12-regular]:!
Missing character: There is no ═ (U+2550) in font [lmmono12-regular]:!
Missing character: There is no ═ (U+2550) in font [lmmono12-regular]:!
Missing character: There is no ═ (U+2550) in font [lmmono12-regular]:!

Package fancyhdr Warning: \headheight is too small (18.125pt): 
(fancyhdr)                Make it at least 27.29926pt, for example:
(fancyhdr)                \setlength{\headheight}{27.29926pt}.
(fancyhdr)                You might also make \topmargin smaller:
(fancyhdr)                \addtolength{\topmargin}{-9.17426pt}.

[400]

Package fancyhdr Warning: \headheight is too small (18.125pt): 
(fancyhdr)                Make it at least 27.29926pt, for example:
(fancyhdr)                \setlength{\headheight}{27.29926pt}.
(fancyhdr)                You might also make \topmargin smaller:
(fancyhdr)                \addtolength{\topmargin}{-9.17426pt}.

[401]

Package fancyhdr Warning: \headheight is too small (18.125pt): 
(fancyhdr)                Make it at least 27.29926pt, for example:
(fancyhdr)                \setlength{\headheight}{27.29926pt}.
(fancyhdr)                You might also make \topmargin smaller:
(fancyhdr)                \addtolength{\topmargin}{-9.17426pt}.

[402]

Package fancyhdr Warning: \headheight is too small (18.125pt): 
(fancyhdr)                Make it at least 27.29926pt, for example:
(fancyhdr)                \setlength{\headheight}{27.29926pt}.
(fancyhdr)                You might also make \topmargin smaller:
(fancyhdr)                \addtolength{\topmargin}{-9.17426pt}.

[403]

Package fancyhdr Warning: \headheight is too small (18.125pt): 
(fancyhdr)                Make it at least 27.29926pt, for example:
(fancyhdr)                \setlength{\headheight}{27.29926pt}.
(fancyhdr)                You might also make \topmargin smaller:
(fancyhdr)                \addtolength{\topmargin}{-9.17426pt}.

[404]

Package fancyhdr Warning: \headheight is too small (18.125pt): 
(fancyhdr)                Make it at least 27.29926pt, for example:
(fancyhdr)                \setlength{\headheight}{27.29926pt}.
(fancyhdr)                You might also make \topmargin smaller:
(fancyhdr)                \addtolength{\topmargin}{-9.17426pt}.

[405]

Package fancyhdr Warning: \headheight is too small (18.125pt): 
(fancyhdr)                Make it at least 27.29926pt, for example:
(fancyhdr)                \setlength{\headheight}{27.29926pt}.
(fancyhdr)                You might also make \topmargin smaller:
(fancyhdr)                \addtolength{\topmargin}{-9.17426pt}.

[406]

Package fancyhdr Warning: \headheight is too small (18.125pt): 
(fancyhdr)                Make it at least 27.29926pt, for example:
(fancyhdr)                \setlength{\headheight}{27.29926pt}.
(fancyhdr)                You might also make \topmargin smaller:
(fancyhdr)                \addtolength{\topmargin}{-9.17426pt}.

[407]

Package fancyhdr Warning: \headheight is too small (18.125pt): 
(fancyhdr)                Make it at least 27.29926pt, for example:
(fancyhdr)                \setlength{\headheight}{27.29926pt}.
(fancyhdr)                You might also make \topmargin smaller:
(fancyhdr)                \addtolength{\topmargin}{-9.17426pt}.

[408]

Package fancyhdr Warning: \headheight is too small (18.125pt): 
(fancyhdr)                Make it at least 27.29926pt, for example:
(fancyhdr)                \setlength{\headheight}{27.29926pt}.
(fancyhdr)                You might also make \topmargin smaller:
(fancyhdr)                \addtolength{\topmargin}{-9.17426pt}.

[409]

Package fancyhdr Warning: \headheight is too small (18.125pt): 
(fancyhdr)                Make it at least 27.29926pt, for example:
(fancyhdr)                \setlength{\headheight}{27.29926pt}.
(fancyhdr)                You might also make \topmargin smaller:
(fancyhdr)                \addtolength{\topmargin}{-9.17426pt}.

[410]

Package fancyhdr Warning: \headheight is too small (18.125pt): 
(fancyhdr)                Make it at least 27.29926pt, for example:
(fancyhdr)                \setlength{\headheight}{27.29926pt}.
(fancyhdr)                You might also make \topmargin smaller:
(fancyhdr)                \addtolength{\topmargin}{-9.17426pt}.

[411]

Package fancyhdr Warning: \headheight is too small (18.125pt): 
(fancyhdr)                Make it at least 27.29926pt, for example:
(fancyhdr)                \setlength{\headheight}{27.29926pt}.
(fancyhdr)                You might also make \topmargin smaller:
(fancyhdr)                \addtolength{\topmargin}{-9.17426pt}.

[412]
Overfull \hbox (20.55576pt too wide) in paragraph at lines 19053--19053
[]\TU/lmtt/m/n/12 Primeira metade:   20.8, 18.7, 19.9, 20.6, 21.9, 23.4, 22.8, 24.9, 22.2, 20.3[] 
 []

Missing character: There is no ═ (U+2550) in font [lmmono12-regular]:!
Missing character: There is no ═ (U+2550) in font [lmmono12-regular]:!
Missing character: There is no ═ (U+2550) in font [lmmono12-regular]:!
Missing character: There is no ═ (U+2550) in font [lmmono12-regular]:!
Missing character: There is no ═ (U+2550) in font [lmmono12-regular]:!
Missing character: There is no ═ (U+2550) in font [lmmono12-regular]:!
Missing character: There is no ═ (U+2550) in font [lmmono12-regular]:!
Missing character: There is no ═ (U+2550) in font [lmmono12-regular]:!
Missing character: There is no ═ (U+2550) in font [lmmono12-regular]:!
Missing character: There is no ═ (U+2550) in font [lmmono12-regular]:!
Missing character: There is no ═ (U+2550) in font [lmmono12-regular]:!
Missing character: There is no ═ (U+2550) in font [lmmono12-regular]:!
Missing character: There is no ═ (U+2550) in font [lmmono12-regular]:!
Missing character: There is no ═ (U+2550) in font [lmmono12-regular]:!
Missing character: There is no ═ (U+2550) in font [lmmono12-regular]:!
Missing character: There is no ═ (U+2550) in font [lmmono12-regular]:!
Missing character: There is no ═ (U+2550) in font [lmmono12-regular]:!
Missing character: There is no ═ (U+2550) in font [lmmono12-regular]:!
Missing character: There is no ═ (U+2550) in font [lmmono12-regular]:!
Missing character: There is no ═ (U+2550) in font [lmmono12-regular]:!
Missing character: There is no ═ (U+2550) in font [lmmono12-regular]:!
Missing character: There is no ═ (U+2550) in font [lmmono12-regular]:!
Missing character: There is no ═ (U+2550) in font [lmmono12-regular]:!
Missing character: There is no ═ (U+2550) in font [lmmono12-regular]:!
Missing character: There is no ═ (U+2550) in font [lmmono12-regular]:!
Missing character: There is no ═ (U+2550) in font [lmmono12-regular]:!
Missing character: There is no ═ (U+2550) in font [lmmono12-regular]:!
Missing character: There is no ═ (U+2550) in font [lmmono12-regular]:!
Missing character: There is no ═ (U+2550) in font [lmmono12-regular]:!
Missing character: There is no ═ (U+2550) in font [lmmono12-regular]:!
Missing character: There is no ═ (U+2550) in font [lmmono12-regular]:!
Missing character: There is no ═ (U+2550) in font [lmmono12-regular]:!
Missing character: There is no ═ (U+2550) in font [lmmono12-regular]:!
Missing character: There is no ═ (U+2550) in font [lmmono12-regular]:!
Missing character: There is no ═ (U+2550) in font [lmmono12-regular]:!
Missing character: There is no ═ (U+2550) in font [lmmono12-regular]:!
Missing character: There is no ═ (U+2550) in font [lmmono12-regular]:!
Missing character: There is no ═ (U+2550) in font [lmmono12-regular]:!
Missing character: There is no ═ (U+2550) in font [lmmono12-regular]:!
Missing character: There is no ═ (U+2550) in font [lmmono12-regular]:!
Missing character: There is no ═ (U+2550) in font [lmmono12-regular]:!
Missing character: There is no ═ (U+2550) in font [lmmono12-regular]:!
Missing character: There is no ═ (U+2550) in font [lmmono12-regular]:!
Missing character: There is no ═ (U+2550) in font [lmmono12-regular]:!
Missing character: There is no ═ (U+2550) in font [lmmono12-regular]:!
Missing character: There is no ═ (U+2550) in font [lmmono12-regular]:!
Missing character: There is no ═ (U+2550) in font [lmmono12-regular]:!
Missing character: There is no ═ (U+2550) in font [lmmono12-regular]:!
Missing character: There is no ═ (U+2550) in font [lmmono12-regular]:!
Missing character: There is no ═ (U+2550) in font [lmmono12-regular]:!
Missing character: There is no ═ (U+2550) in font [lmmono12-regular]:!
Missing character: There is no ═ (U+2550) in font [lmmono12-regular]:!
Missing character: There is no ═ (U+2550) in font [lmmono12-regular]:!
Missing character: There is no ═ (U+2550) in font [lmmono12-regular]:!
Missing character: There is no ═ (U+2550) in font [lmmono12-regular]:!
Missing character: There is no ═ (U+2550) in font [lmmono12-regular]:!
Missing character: There is no ═ (U+2550) in font [lmmono12-regular]:!
Missing character: There is no ═ (U+2550) in font [lmmono12-regular]:!
Missing character: There is no ═ (U+2550) in font [lmmono12-regular]:!
Missing character: There is no ═ (U+2550) in font [lmmono12-regular]:!
Missing character: There is no ═ (U+2550) in font [lmmono12-regular]:!
Missing character: There is no ═ (U+2550) in font [lmmono12-regular]:!
Missing character: There is no ═ (U+2550) in font [lmmono12-regular]:!
Missing character: There is no ═ (U+2550) in font [lmmono12-regular]:!
Missing character: There is no ═ (U+2550) in font [lmmono12-regular]:!
Missing character: There is no ═ (U+2550) in font [lmmono12-regular]:!
Missing character: There is no ═ (U+2550) in font [lmmono12-regular]:!
Missing character: There is no ═ (U+2550) in font [lmmono12-regular]:!
Missing character: There is no ═ (U+2550) in font [lmmono12-regular]:!
Missing character: There is no ═ (U+2550) in font [lmmono12-regular]:!
Missing character: There is no ═ (U+2550) in font [lmmono12-regular]:!
Missing character: There is no ═ (U+2550) in font [lmmono12-regular]:!
Missing character: There is no ═ (U+2550) in font [lmmono12-regular]:!
Missing character: There is no ═ (U+2550) in font [lmmono12-regular]:!
Missing character: There is no ═ (U+2550) in font [lmmono12-regular]:!
Missing character: There is no ═ (U+2550) in font [lmmono12-regular]:!
Missing character: There is no ═ (U+2550) in font [lmmono12-regular]:!
Missing character: There is no ═ (U+2550) in font [lmmono12-regular]:!
Missing character: There is no ═ (U+2550) in font [lmmono12-regular]:!
Missing character: There is no ═ (U+2550) in font [lmmono12-regular]:!
Missing character: There is no ═ (U+2550) in font [lmmono12-regular]:!
Missing character: There is no ═ (U+2550) in font [lmmono12-regular]:!
Missing character: There is no ═ (U+2550) in font [lmmono12-regular]:!
Missing character: There is no ═ (U+2550) in font [lmmono12-regular]:!
Missing character: There is no ═ (U+2550) in font [lmmono12-regular]:!
Missing character: There is no ═ (U+2550) in font [lmmono12-regular]:!
Missing character: There is no ═ (U+2550) in font [lmmono12-regular]:!
Missing character: There is no ═ (U+2550) in font [lmmono12-regular]:!
Missing character: There is no ═ (U+2550) in font [lmmono12-regular]:!
Missing character: There is no ═ (U+2550) in font [lmmono12-regular]:!
Missing character: There is no ═ (U+2550) in font [lmmono12-regular]:!
Missing character: There is no ═ (U+2550) in font [lmmono12-regular]:!
Missing character: There is no ═ (U+2550) in font [lmmono12-regular]:!
Missing character: There is no ═ (U+2550) in font [lmmono12-regular]:!
Missing character: There is no ═ (U+2550) in font [lmmono12-regular]:!
Missing character: There is no ═ (U+2550) in font [lmmono12-regular]:!
Missing character: There is no ═ (U+2550) in font [lmmono12-regular]:!
Missing character: There is no ═ (U+2550) in font [lmmono12-regular]:!
Missing character: There is no ═ (U+2550) in font [lmmono12-regular]:!
Missing character: There is no ═ (U+2550) in font [lmmono12-regular]:!
Missing character: There is no ═ (U+2550) in font [lmmono12-regular]:!
Missing character: There is no ═ (U+2550) in font [lmmono12-regular]:!
Missing character: There is no ═ (U+2550) in font [lmmono12-regular]:!
Missing character: There is no ═ (U+2550) in font [lmmono12-regular]:!
Missing character: There is no ═ (U+2550) in font [lmmono12-regular]:!
Missing character: There is no ═ (U+2550) in font [lmmono12-regular]:!
Missing character: There is no ═ (U+2550) in font [lmmono12-regular]:!
Missing character: There is no ═ (U+2550) in font [lmmono12-regular]:!
Missing character: There is no ═ (U+2550) in font [lmmono12-regular]:!
Missing character: There is no ═ (U+2550) in font [lmmono12-regular]:!
Missing character: There is no ═ (U+2550) in font [lmmono12-regular]:!
Missing character: There is no ═ (U+2550) in font [lmmono12-regular]:!
Missing character: There is no ═ (U+2550) in font [lmmono12-regular]:!
Missing character: There is no ═ (U+2550) in font [lmmono12-regular]:!
Missing character: There is no ═ (U+2550) in font [lmmono12-regular]:!
Missing character: There is no ═ (U+2550) in font [lmmono12-regular]:!
Missing character: There is no ═ (U+2550) in font [lmmono12-regular]:!
Missing character: There is no ═ (U+2550) in font [lmmono12-regular]:!
Missing character: There is no ═ (U+2550) in font [lmmono12-regular]:!
Missing character: There is no ═ (U+2550) in font [lmmono12-regular]:!
Missing character: There is no ═ (U+2550) in font [lmmono12-regular]:!
Missing character: There is no ═ (U+2550) in font [lmmono12-regular]:!
Missing character: There is no ═ (U+2550) in font [lmmono12-regular]:!
Missing character: There is no ═ (U+2550) in font [lmmono12-regular]:!
Missing character: There is no ═ (U+2550) in font [lmmono12-regular]:!
Missing character: There is no ═ (U+2550) in font [lmmono12-regular]:!
Missing character: There is no ═ (U+2550) in font [lmmono12-regular]:!
Missing character: There is no ═ (U+2550) in font [lmmono12-regular]:!
Missing character: There is no ═ (U+2550) in font [lmmono12-regular]:!
Missing character: There is no ═ (U+2550) in font [lmmono12-regular]:!
Missing character: There is no ═ (U+2550) in font [lmmono12-regular]:!
Missing character: There is no ═ (U+2550) in font [lmmono12-regular]:!
Missing character: There is no ═ (U+2550) in font [lmmono12-regular]:!
Missing character: There is no ═ (U+2550) in font [lmmono12-regular]:!
Missing character: There is no ═ (U+2550) in font [lmmono12-regular]:!
Missing character: There is no ═ (U+2550) in font [lmmono12-regular]:!
Missing character: There is no ═ (U+2550) in font [lmmono12-regular]:!
Missing character: There is no ═ (U+2550) in font [lmmono12-regular]:!
Missing character: There is no ═ (U+2550) in font [lmmono12-regular]:!
Missing character: There is no ═ (U+2550) in font [lmmono12-regular]:!
Missing character: There is no ═ (U+2550) in font [lmmono12-regular]:!
Missing character: There is no ═ (U+2550) in font [lmmono12-regular]:!
Missing character: There is no ═ (U+2550) in font [lmmono12-regular]:!
Missing character: There is no ═ (U+2550) in font [lmmono12-regular]:!
Missing character: There is no ═ (U+2550) in font [lmmono12-regular]:!
Missing character: There is no ═ (U+2550) in font [lmmono12-regular]:!
Missing character: There is no ═ (U+2550) in font [lmmono12-regular]:!
Missing character: There is no ═ (U+2550) in font [lmmono12-regular]:!
Missing character: There is no ═ (U+2550) in font [lmmono12-regular]:!
Missing character: There is no ═ (U+2550) in font [lmmono12-regular]:!
Missing character: There is no ✓ (U+2713) in font [lmmono12-regular]:!
Missing character: There is no ✓ (U+2713) in font [lmmono12-regular]:!
Missing character: There is no ✓ (U+2713) in font [lmmono12-regular]:!
Missing character: There is no ✓ (U+2713) in font [lmmono12-regular]:!
Missing character: There is no ✓ (U+2713) in font [lmmono12-regular]:!
Missing character: There is no ✓ (U+2713) in font [lmmono12-regular]:!
Missing character: There is no ✓ (U+2713) in font [lmmono12-regular]:!
Missing character: There is no ✓ (U+2713) in font [lmmono12-regular]:!
Missing character: There is no ═ (U+2550) in font [lmmono12-regular]:!
Missing character: There is no ═ (U+2550) in font [lmmono12-regular]:!
Missing character: There is no ═ (U+2550) in font [lmmono12-regular]:!
Missing character: There is no ═ (U+2550) in font [lmmono12-regular]:!
Missing character: There is no ═ (U+2550) in font [lmmono12-regular]:!
Missing character: There is no ═ (U+2550) in font [lmmono12-regular]:!
Missing character: There is no ═ (U+2550) in font [lmmono12-regular]:!
Missing character: There is no ═ (U+2550) in font [lmmono12-regular]:!
Missing character: There is no ═ (U+2550) in font [lmmono12-regular]:!
Missing character: There is no ═ (U+2550) in font [lmmono12-regular]:!
Missing character: There is no ═ (U+2550) in font [lmmono12-regular]:!
Missing character: There is no ═ (U+2550) in font [lmmono12-regular]:!
Missing character: There is no ═ (U+2550) in font [lmmono12-regular]:!
Missing character: There is no ═ (U+2550) in font [lmmono12-regular]:!
Missing character: There is no ═ (U+2550) in font [lmmono12-regular]:!
Missing character: There is no ═ (U+2550) in font [lmmono12-regular]:!
Missing character: There is no ═ (U+2550) in font [lmmono12-regular]:!
Missing character: There is no ═ (U+2550) in font [lmmono12-regular]:!
Missing character: There is no ═ (U+2550) in font [lmmono12-regular]:!
Missing character: There is no ═ (U+2550) in font [lmmono12-regular]:!
Missing character: There is no ═ (U+2550) in font [lmmono12-regular]:!
Missing character: There is no ═ (U+2550) in font [lmmono12-regular]:!
Missing character: There is no ═ (U+2550) in font [lmmono12-regular]:!
Missing character: There is no ═ (U+2550) in font [lmmono12-regular]:!
Missing character: There is no ═ (U+2550) in font [lmmono12-regular]:!
Missing character: There is no ═ (U+2550) in font [lmmono12-regular]:!
Missing character: There is no ═ (U+2550) in font [lmmono12-regular]:!
Missing character: There is no ═ (U+2550) in font [lmmono12-regular]:!
Missing character: There is no ═ (U+2550) in font [lmmono12-regular]:!
Missing character: There is no ═ (U+2550) in font [lmmono12-regular]:!
Missing character: There is no ═ (U+2550) in font [lmmono12-regular]:!
Missing character: There is no ═ (U+2550) in font [lmmono12-regular]:!
Missing character: There is no ═ (U+2550) in font [lmmono12-regular]:!
Missing character: There is no ═ (U+2550) in font [lmmono12-regular]:!
Missing character: There is no ═ (U+2550) in font [lmmono12-regular]:!
Missing character: There is no ═ (U+2550) in font [lmmono12-regular]:!
Missing character: There is no ═ (U+2550) in font [lmmono12-regular]:!
Missing character: There is no ═ (U+2550) in font [lmmono12-regular]:!
Missing character: There is no ═ (U+2550) in font [lmmono12-regular]:!
Missing character: There is no ═ (U+2550) in font [lmmono12-regular]:!
Missing character: There is no ═ (U+2550) in font [lmmono12-regular]:!
Missing character: There is no ═ (U+2550) in font [lmmono12-regular]:!
Missing character: There is no ═ (U+2550) in font [lmmono12-regular]:!
Missing character: There is no ═ (U+2550) in font [lmmono12-regular]:!
Missing character: There is no ═ (U+2550) in font [lmmono12-regular]:!
Missing character: There is no ═ (U+2550) in font [lmmono12-regular]:!
Missing character: There is no ═ (U+2550) in font [lmmono12-regular]:!
Missing character: There is no ═ (U+2550) in font [lmmono12-regular]:!
Missing character: There is no ═ (U+2550) in font [lmmono12-regular]:!
Missing character: There is no ═ (U+2550) in font [lmmono12-regular]:!
Missing character: There is no ═ (U+2550) in font [lmmono12-regular]:!
Missing character: There is no ═ (U+2550) in font [lmmono12-regular]:!
Missing character: There is no ═ (U+2550) in font [lmmono12-regular]:!
Missing character: There is no ═ (U+2550) in font [lmmono12-regular]:!
Missing character: There is no ═ (U+2550) in font [lmmono12-regular]:!
Missing character: There is no ═ (U+2550) in font [lmmono12-regular]:!
Missing character: There is no ═ (U+2550) in font [lmmono12-regular]:!
Missing character: There is no ═ (U+2550) in font [lmmono12-regular]:!
Missing character: There is no ═ (U+2550) in font [lmmono12-regular]:!
Missing character: There is no ═ (U+2550) in font [lmmono12-regular]:!
Missing character: There is no ═ (U+2550) in font [lmmono12-regular]:!
Missing character: There is no ═ (U+2550) in font [lmmono12-regular]:!
Missing character: There is no ═ (U+2550) in font [lmmono12-regular]:!
Missing character: There is no ═ (U+2550) in font [lmmono12-regular]:!
Missing character: There is no ═ (U+2550) in font [lmmono12-regular]:!
Missing character: There is no ═ (U+2550) in font [lmmono12-regular]:!
Missing character: There is no ═ (U+2550) in font [lmmono12-regular]:!
Missing character: There is no ═ (U+2550) in font [lmmono12-regular]:!
Missing character: There is no ═ (U+2550) in font [lmmono12-regular]:!
Missing character: There is no ═ (U+2550) in font [lmmono12-regular]:!
Missing character: There is no ═ (U+2550) in font [lmmono12-regular]:!
Missing character: There is no ═ (U+2550) in font [lmmono12-regular]:!
Missing character: There is no ═ (U+2550) in font [lmmono12-regular]:!
Missing character: There is no ═ (U+2550) in font [lmmono12-regular]:!
Missing character: There is no ═ (U+2550) in font [lmmono12-regular]:!

Package fancyhdr Warning: \headheight is too small (18.125pt): 
(fancyhdr)                Make it at least 27.29926pt, for example:
(fancyhdr)                \setlength{\headheight}{27.29926pt}.
(fancyhdr)                You might also make \topmargin smaller:
(fancyhdr)                \addtolength{\topmargin}{-9.17426pt}.

[413]
Missing character: There is no ═ (U+2550) in font [lmmono12-regular]:!
Missing character: There is no ═ (U+2550) in font [lmmono12-regular]:!
Missing character: There is no ═ (U+2550) in font [lmmono12-regular]:!
Missing character: There is no ═ (U+2550) in font [lmmono12-regular]:!
Missing character: There is no ═ (U+2550) in font [lmmono12-regular]:!
Missing character: There is no ═ (U+2550) in font [lmmono12-regular]:!
Missing character: There is no ═ (U+2550) in font [lmmono12-regular]:!
Missing character: There is no ═ (U+2550) in font [lmmono12-regular]:!
Missing character: There is no ═ (U+2550) in font [lmmono12-regular]:!
Missing character: There is no ═ (U+2550) in font [lmmono12-regular]:!
Missing character: There is no ═ (U+2550) in font [lmmono12-regular]:!
Missing character: There is no ═ (U+2550) in font [lmmono12-regular]:!
Missing character: There is no ═ (U+2550) in font [lmmono12-regular]:!
Missing character: There is no ═ (U+2550) in font [lmmono12-regular]:!
Missing character: There is no ═ (U+2550) in font [lmmono12-regular]:!
Missing character: There is no ═ (U+2550) in font [lmmono12-regular]:!
Missing character: There is no ═ (U+2550) in font [lmmono12-regular]:!
Missing character: There is no ═ (U+2550) in font [lmmono12-regular]:!
Missing character: There is no ═ (U+2550) in font [lmmono12-regular]:!
Missing character: There is no ═ (U+2550) in font [lmmono12-regular]:!
Missing character: There is no ═ (U+2550) in font [lmmono12-regular]:!
Missing character: There is no ═ (U+2550) in font [lmmono12-regular]:!
Missing character: There is no ═ (U+2550) in font [lmmono12-regular]:!
Missing character: There is no ═ (U+2550) in font [lmmono12-regular]:!
Missing character: There is no ═ (U+2550) in font [lmmono12-regular]:!
Missing character: There is no ═ (U+2550) in font [lmmono12-regular]:!
Missing character: There is no ═ (U+2550) in font [lmmono12-regular]:!
Missing character: There is no ═ (U+2550) in font [lmmono12-regular]:!
Missing character: There is no ═ (U+2550) in font [lmmono12-regular]:!
Missing character: There is no ═ (U+2550) in font [lmmono12-regular]:!
Missing character: There is no ═ (U+2550) in font [lmmono12-regular]:!
Missing character: There is no ═ (U+2550) in font [lmmono12-regular]:!
Missing character: There is no ═ (U+2550) in font [lmmono12-regular]:!
Missing character: There is no ═ (U+2550) in font [lmmono12-regular]:!
Missing character: There is no ═ (U+2550) in font [lmmono12-regular]:!
Missing character: There is no ═ (U+2550) in font [lmmono12-regular]:!
Missing character: There is no ═ (U+2550) in font [lmmono12-regular]:!
Missing character: There is no ═ (U+2550) in font [lmmono12-regular]:!
Missing character: There is no ═ (U+2550) in font [lmmono12-regular]:!
Missing character: There is no ═ (U+2550) in font [lmmono12-regular]:!
Missing character: There is no ═ (U+2550) in font [lmmono12-regular]:!
Missing character: There is no ═ (U+2550) in font [lmmono12-regular]:!
Missing character: There is no ═ (U+2550) in font [lmmono12-regular]:!
Missing character: There is no ═ (U+2550) in font [lmmono12-regular]:!
Missing character: There is no ═ (U+2550) in font [lmmono12-regular]:!
Missing character: There is no ═ (U+2550) in font [lmmono12-regular]:!
Missing character: There is no ═ (U+2550) in font [lmmono12-regular]:!
Missing character: There is no ═ (U+2550) in font [lmmono12-regular]:!
Missing character: There is no ═ (U+2550) in font [lmmono12-regular]:!
Missing character: There is no ═ (U+2550) in font [lmmono12-regular]:!
Missing character: There is no ═ (U+2550) in font [lmmono12-regular]:!
Missing character: There is no ═ (U+2550) in font [lmmono12-regular]:!
Missing character: There is no ═ (U+2550) in font [lmmono12-regular]:!
Missing character: There is no ═ (U+2550) in font [lmmono12-regular]:!
Missing character: There is no ═ (U+2550) in font [lmmono12-regular]:!
Missing character: There is no ═ (U+2550) in font [lmmono12-regular]:!
Missing character: There is no ═ (U+2550) in font [lmmono12-regular]:!
Missing character: There is no ═ (U+2550) in font [lmmono12-regular]:!
Missing character: There is no ═ (U+2550) in font [lmmono12-regular]:!
Missing character: There is no ═ (U+2550) in font [lmmono12-regular]:!
Missing character: There is no ═ (U+2550) in font [lmmono12-regular]:!
Missing character: There is no ═ (U+2550) in font [lmmono12-regular]:!
Missing character: There is no ═ (U+2550) in font [lmmono12-regular]:!
Missing character: There is no ═ (U+2550) in font [lmmono12-regular]:!
Missing character: There is no ═ (U+2550) in font [lmmono12-regular]:!
Missing character: There is no ═ (U+2550) in font [lmmono12-regular]:!
Missing character: There is no ═ (U+2550) in font [lmmono12-regular]:!
Missing character: There is no ═ (U+2550) in font [lmmono12-regular]:!
Missing character: There is no ═ (U+2550) in font [lmmono12-regular]:!
Missing character: There is no ═ (U+2550) in font [lmmono12-regular]:!
Missing character: There is no ═ (U+2550) in font [lmmono12-regular]:!
Missing character: There is no ═ (U+2550) in font [lmmono12-regular]:!
Missing character: There is no ═ (U+2550) in font [lmmono12-regular]:!
Missing character: There is no ═ (U+2550) in font [lmmono12-regular]:!
Missing character: There is no ═ (U+2550) in font [lmmono12-regular]:!
Missing character: There is no ═ (U+2550) in font [lmmono12-regular]:!
Missing character: There is no ═ (U+2550) in font [lmmono12-regular]:!
Missing character: There is no ═ (U+2550) in font [lmmono12-regular]:!
Missing character: There is no ═ (U+2550) in font [lmmono12-regular]:!
Missing character: There is no ═ (U+2550) in font [lmmono12-regular]:!
Missing character: There is no ═ (U+2550) in font [lmmono12-regular]:!
Missing character: There is no ═ (U+2550) in font [lmmono12-regular]:!
Missing character: There is no ═ (U+2550) in font [lmmono12-regular]:!
Missing character: There is no ═ (U+2550) in font [lmmono12-regular]:!
Missing character: There is no ═ (U+2550) in font [lmmono12-regular]:!
Missing character: There is no ═ (U+2550) in font [lmmono12-regular]:!
Missing character: There is no ═ (U+2550) in font [lmmono12-regular]:!
Missing character: There is no ═ (U+2550) in font [lmmono12-regular]:!
Missing character: There is no ═ (U+2550) in font [lmmono12-regular]:!
Missing character: There is no ═ (U+2550) in font [lmmono12-regular]:!
Missing character: There is no ═ (U+2550) in font [lmmono12-regular]:!
Missing character: There is no ═ (U+2550) in font [lmmono12-regular]:!
Missing character: There is no ═ (U+2550) in font [lmmono12-regular]:!
Missing character: There is no ═ (U+2550) in font [lmmono12-regular]:!
Missing character: There is no ═ (U+2550) in font [lmmono12-regular]:!
Missing character: There is no ═ (U+2550) in font [lmmono12-regular]:!
Missing character: There is no ═ (U+2550) in font [lmmono12-regular]:!
Missing character: There is no ═ (U+2550) in font [lmmono12-regular]:!
Missing character: There is no ═ (U+2550) in font [lmmono12-regular]:!
Missing character: There is no ═ (U+2550) in font [lmmono12-regular]:!
Missing character: There is no ═ (U+2550) in font [lmmono12-regular]:!
Missing character: There is no ═ (U+2550) in font [lmmono12-regular]:!
Missing character: There is no ═ (U+2550) in font [lmmono12-regular]:!
Missing character: There is no ═ (U+2550) in font [lmmono12-regular]:!
Missing character: There is no ═ (U+2550) in font [lmmono12-regular]:!
Missing character: There is no ═ (U+2550) in font [lmmono12-regular]:!
Missing character: There is no ═ (U+2550) in font [lmmono12-regular]:!
Missing character: There is no ═ (U+2550) in font [lmmono12-regular]:!
Missing character: There is no ═ (U+2550) in font [lmmono12-regular]:!
Missing character: There is no ═ (U+2550) in font [lmmono12-regular]:!
Missing character: There is no ═ (U+2550) in font [lmmono12-regular]:!
Missing character: There is no ═ (U+2550) in font [lmmono12-regular]:!
Missing character: There is no ═ (U+2550) in font [lmmono12-regular]:!
Missing character: There is no ═ (U+2550) in font [lmmono12-regular]:!
Missing character: There is no ═ (U+2550) in font [lmmono12-regular]:!
Missing character: There is no ═ (U+2550) in font [lmmono12-regular]:!
Missing character: There is no ═ (U+2550) in font [lmmono12-regular]:!
Missing character: There is no ═ (U+2550) in font [lmmono12-regular]:!
Missing character: There is no ═ (U+2550) in font [lmmono12-regular]:!
Missing character: There is no ═ (U+2550) in font [lmmono12-regular]:!
Missing character: There is no ═ (U+2550) in font [lmmono12-regular]:!
Missing character: There is no ═ (U+2550) in font [lmmono12-regular]:!
Missing character: There is no ═ (U+2550) in font [lmmono12-regular]:!
Missing character: There is no ═ (U+2550) in font [lmmono12-regular]:!
Missing character: There is no ═ (U+2550) in font [lmmono12-regular]:!
Missing character: There is no ═ (U+2550) in font [lmmono12-regular]:!
Missing character: There is no ═ (U+2550) in font [lmmono12-regular]:!
Missing character: There is no ═ (U+2550) in font [lmmono12-regular]:!
Missing character: There is no ═ (U+2550) in font [lmmono12-regular]:!
Missing character: There is no ═ (U+2550) in font [lmmono12-regular]:!
Missing character: There is no ═ (U+2550) in font [lmmono12-regular]:!
Missing character: There is no ═ (U+2550) in font [lmmono12-regular]:!
Missing character: There is no ═ (U+2550) in font [lmmono12-regular]:!
Missing character: There is no ═ (U+2550) in font [lmmono12-regular]:!
Missing character: There is no ═ (U+2550) in font [lmmono12-regular]:!
Missing character: There is no ═ (U+2550) in font [lmmono12-regular]:!
Missing character: There is no ═ (U+2550) in font [lmmono12-regular]:!
Missing character: There is no ═ (U+2550) in font [lmmono12-regular]:!
Missing character: There is no ═ (U+2550) in font [lmmono12-regular]:!
Missing character: There is no ═ (U+2550) in font [lmmono12-regular]:!
Missing character: There is no ═ (U+2550) in font [lmmono12-regular]:!
Missing character: There is no ═ (U+2550) in font [lmmono12-regular]:!
Missing character: There is no ═ (U+2550) in font [lmmono12-regular]:!
Missing character: There is no ═ (U+2550) in font [lmmono12-regular]:!
Missing character: There is no ═ (U+2550) in font [lmmono12-regular]:!
Missing character: There is no ═ (U+2550) in font [lmmono12-regular]:!
Missing character: There is no ═ (U+2550) in font [lmmono12-regular]:!
Missing character: There is no ═ (U+2550) in font [lmmono12-regular]:!
Missing character: There is no ═ (U+2550) in font [lmmono12-regular]:!
Missing character: There is no ═ (U+2550) in font [lmmono12-regular]:!
Missing character: There is no ═ (U+2550) in font [lmmono12-regular]:!
Missing character: There is no ═ (U+2550) in font [lmmono12-regular]:!
Missing character: There is no ═ (U+2550) in font [lmmono12-regular]:!
Missing character: There is no ═ (U+2550) in font [lmmono12-regular]:!
Missing character: There is no ═ (U+2550) in font [lmmono12-regular]:!
Missing character: There is no ═ (U+2550) in font [lmmono12-regular]:!
Missing character: There is no ═ (U+2550) in font [lmmono12-regular]:!
Missing character: There is no ═ (U+2550) in font [lmmono12-regular]:!
Missing character: There is no ═ (U+2550) in font [lmmono12-regular]:!
Missing character: There is no ═ (U+2550) in font [lmmono12-regular]:!
Missing character: There is no ═ (U+2550) in font [lmmono12-regular]:!
Missing character: There is no ═ (U+2550) in font [lmmono12-regular]:!
Missing character: There is no ═ (U+2550) in font [lmmono12-regular]:!
Missing character: There is no ═ (U+2550) in font [lmmono12-regular]:!
Missing character: There is no ═ (U+2550) in font [lmmono12-regular]:!
Missing character: There is no ═ (U+2550) in font [lmmono12-regular]:!
Missing character: There is no ═ (U+2550) in font [lmmono12-regular]:!
Missing character: There is no ═ (U+2550) in font [lmmono12-regular]:!
Missing character: There is no ═ (U+2550) in font [lmmono12-regular]:!
Missing character: There is no ═ (U+2550) in font [lmmono12-regular]:!
Missing character: There is no ═ (U+2550) in font [lmmono12-regular]:!
Missing character: There is no ═ (U+2550) in font [lmmono12-regular]:!
Missing character: There is no ═ (U+2550) in font [lmmono12-regular]:!
Missing character: There is no ═ (U+2550) in font [lmmono12-regular]:!
Missing character: There is no ═ (U+2550) in font [lmmono12-regular]:!
Missing character: There is no ═ (U+2550) in font [lmmono12-regular]:!
Missing character: There is no ═ (U+2550) in font [lmmono12-regular]:!
Missing character: There is no ═ (U+2550) in font [lmmono12-regular]:!
Missing character: There is no ═ (U+2550) in font [lmmono12-regular]:!
Missing character: There is no ═ (U+2550) in font [lmmono12-regular]:!
Missing character: There is no ═ (U+2550) in font [lmmono12-regular]:!
Missing character: There is no ═ (U+2550) in font [lmmono12-regular]:!
Missing character: There is no ═ (U+2550) in font [lmmono12-regular]:!
Missing character: There is no ═ (U+2550) in font [lmmono12-regular]:!
Missing character: There is no ═ (U+2550) in font [lmmono12-regular]:!
Missing character: There is no ═ (U+2550) in font [lmmono12-regular]:!
Missing character: There is no ═ (U+2550) in font [lmmono12-regular]:!
Missing character: There is no ═ (U+2550) in font [lmmono12-regular]:!
Missing character: There is no ═ (U+2550) in font [lmmono12-regular]:!
Missing character: There is no ═ (U+2550) in font [lmmono12-regular]:!
Missing character: There is no ═ (U+2550) in font [lmmono12-regular]:!
Missing character: There is no ═ (U+2550) in font [lmmono12-regular]:!
Missing character: There is no ═ (U+2550) in font [lmmono12-regular]:!
Missing character: There is no ═ (U+2550) in font [lmmono12-regular]:!
Missing character: There is no ═ (U+2550) in font [lmmono12-regular]:!
Missing character: There is no ═ (U+2550) in font [lmmono12-regular]:!
Missing character: There is no ═ (U+2550) in font [lmmono12-regular]:!
Missing character: There is no ═ (U+2550) in font [lmmono12-regular]:!
Missing character: There is no ═ (U+2550) in font [lmmono12-regular]:!
Missing character: There is no ═ (U+2550) in font [lmmono12-regular]:!
Missing character: There is no ═ (U+2550) in font [lmmono12-regular]:!
Missing character: There is no ═ (U+2550) in font [lmmono12-regular]:!
Missing character: There is no ═ (U+2550) in font [lmmono12-regular]:!
Missing character: There is no ═ (U+2550) in font [lmmono12-regular]:!
Missing character: There is no ═ (U+2550) in font [lmmono12-regular]:!
Missing character: There is no ═ (U+2550) in font [lmmono12-regular]:!
Missing character: There is no ═ (U+2550) in font [lmmono12-regular]:!
Missing character: There is no ═ (U+2550) in font [lmmono12-regular]:!
Missing character: There is no ═ (U+2550) in font [lmmono12-regular]:!
Missing character: There is no ═ (U+2550) in font [lmmono12-regular]:!
Missing character: There is no ═ (U+2550) in font [lmmono12-regular]:!
Missing character: There is no ═ (U+2550) in font [lmmono12-regular]:!
Missing character: There is no ═ (U+2550) in font [lmmono12-regular]:!
Missing character: There is no ═ (U+2550) in font [lmmono12-regular]:!
Missing character: There is no ═ (U+2550) in font [lmmono12-regular]:!
Missing character: There is no ═ (U+2550) in font [lmmono12-regular]:!
Missing character: There is no ═ (U+2550) in font [lmmono12-regular]:!
Missing character: There is no ═ (U+2550) in font [lmmono12-regular]:!
Missing character: There is no ═ (U+2550) in font [lmmono12-regular]:!
Missing character: There is no ═ (U+2550) in font [lmmono12-regular]:!
Missing character: There is no ═ (U+2550) in font [lmmono12-regular]:!
Missing character: There is no ═ (U+2550) in font [lmmono12-regular]:!
Missing character: There is no ═ (U+2550) in font [lmmono12-regular]:!
Missing character: There is no ═ (U+2550) in font [lmmono12-regular]:!
Missing character: There is no ═ (U+2550) in font [lmmono12-regular]:!

Overfull \hbox (26.79576pt too wide) in paragraph at lines 19121--19121
[]\TU/lmtt/m/n/12 • A curva de densidade suavizada (azul) mostra o formato geral da distribuição[] 
 []

Missing character: There is no ═ (U+2550) in font [lmmono12-regular]:!
Missing character: There is no ═ (U+2550) in font [lmmono12-regular]:!
Missing character: There is no ═ (U+2550) in font [lmmono12-regular]:!
Missing character: There is no ═ (U+2550) in font [lmmono12-regular]:!
Missing character: There is no ═ (U+2550) in font [lmmono12-regular]:!
Missing character: There is no ═ (U+2550) in font [lmmono12-regular]:!
Missing character: There is no ═ (U+2550) in font [lmmono12-regular]:!
Missing character: There is no ═ (U+2550) in font [lmmono12-regular]:!
Missing character: There is no ═ (U+2550) in font [lmmono12-regular]:!
Missing character: There is no ═ (U+2550) in font [lmmono12-regular]:!
Missing character: There is no ═ (U+2550) in font [lmmono12-regular]:!
Missing character: There is no ═ (U+2550) in font [lmmono12-regular]:!
Missing character: There is no ═ (U+2550) in font [lmmono12-regular]:!
Missing character: There is no ═ (U+2550) in font [lmmono12-regular]:!
Missing character: There is no ═ (U+2550) in font [lmmono12-regular]:!
Missing character: There is no ═ (U+2550) in font [lmmono12-regular]:!
Missing character: There is no ═ (U+2550) in font [lmmono12-regular]:!
Missing character: There is no ═ (U+2550) in font [lmmono12-regular]:!
Missing character: There is no ═ (U+2550) in font [lmmono12-regular]:!
Missing character: There is no ═ (U+2550) in font [lmmono12-regular]:!
Missing character: There is no ═ (U+2550) in font [lmmono12-regular]:!
Missing character: There is no ═ (U+2550) in font [lmmono12-regular]:!
Missing character: There is no ═ (U+2550) in font [lmmono12-regular]:!
Missing character: There is no ═ (U+2550) in font [lmmono12-regular]:!
Missing character: There is no ═ (U+2550) in font [lmmono12-regular]:!
Missing character: There is no ═ (U+2550) in font [lmmono12-regular]:!
Missing character: There is no ═ (U+2550) in font [lmmono12-regular]:!
Missing character: There is no ═ (U+2550) in font [lmmono12-regular]:!
Missing character: There is no ═ (U+2550) in font [lmmono12-regular]:!
Missing character: There is no ═ (U+2550) in font [lmmono12-regular]:!
Missing character: There is no ═ (U+2550) in font [lmmono12-regular]:!
Missing character: There is no ═ (U+2550) in font [lmmono12-regular]:!
Missing character: There is no ═ (U+2550) in font [lmmono12-regular]:!
Missing character: There is no ═ (U+2550) in font [lmmono12-regular]:!
Missing character: There is no ═ (U+2550) in font [lmmono12-regular]:!
Missing character: There is no ═ (U+2550) in font [lmmono12-regular]:!
Missing character: There is no ═ (U+2550) in font [lmmono12-regular]:!
Missing character: There is no ═ (U+2550) in font [lmmono12-regular]:!
Missing character: There is no ═ (U+2550) in font [lmmono12-regular]:!
Missing character: There is no ═ (U+2550) in font [lmmono12-regular]:!
Missing character: There is no ═ (U+2550) in font [lmmono12-regular]:!
Missing character: There is no ═ (U+2550) in font [lmmono12-regular]:!
Missing character: There is no ═ (U+2550) in font [lmmono12-regular]:!
Missing character: There is no ═ (U+2550) in font [lmmono12-regular]:!
Missing character: There is no ═ (U+2550) in font [lmmono12-regular]:!
Missing character: There is no ═ (U+2550) in font [lmmono12-regular]:!
Missing character: There is no ═ (U+2550) in font [lmmono12-regular]:!
Missing character: There is no ═ (U+2550) in font [lmmono12-regular]:!
Missing character: There is no ═ (U+2550) in font [lmmono12-regular]:!
Missing character: There is no ═ (U+2550) in font [lmmono12-regular]:!
Missing character: There is no ═ (U+2550) in font [lmmono12-regular]:!
Missing character: There is no ═ (U+2550) in font [lmmono12-regular]:!
Missing character: There is no ═ (U+2550) in font [lmmono12-regular]:!
Missing character: There is no ═ (U+2550) in font [lmmono12-regular]:!
Missing character: There is no ═ (U+2550) in font [lmmono12-regular]:!
Missing character: There is no ═ (U+2550) in font [lmmono12-regular]:!
Missing character: There is no ═ (U+2550) in font [lmmono12-regular]:!
Missing character: There is no ═ (U+2550) in font [lmmono12-regular]:!
Missing character: There is no ═ (U+2550) in font [lmmono12-regular]:!
Missing character: There is no ═ (U+2550) in font [lmmono12-regular]:!
Missing character: There is no ═ (U+2550) in font [lmmono12-regular]:!
Missing character: There is no ═ (U+2550) in font [lmmono12-regular]:!
Missing character: There is no ═ (U+2550) in font [lmmono12-regular]:!
Missing character: There is no ═ (U+2550) in font [lmmono12-regular]:!
Missing character: There is no ═ (U+2550) in font [lmmono12-regular]:!
Missing character: There is no ═ (U+2550) in font [lmmono12-regular]:!
Missing character: There is no ═ (U+2550) in font [lmmono12-regular]:!
Missing character: There is no ═ (U+2550) in font [lmmono12-regular]:!
Missing character: There is no ═ (U+2550) in font [lmmono12-regular]:!
Missing character: There is no ═ (U+2550) in font [lmmono12-regular]:!
Missing character: There is no ═ (U+2550) in font [lmmono12-regular]:!
Missing character: There is no ═ (U+2550) in font [lmmono12-regular]:!
Missing character: There is no ═ (U+2550) in font [lmmono12-regular]:!
Missing character: There is no ═ (U+2550) in font [lmmono12-regular]:!
Missing character: There is no ═ (U+2550) in font [lmmono12-regular]:!
Missing character: There is no ═ (U+2550) in font [lmmono12-regular]:!
Missing character: There is no ═ (U+2550) in font [lmmono12-regular]:!
Missing character: There is no ═ (U+2550) in font [lmmono12-regular]:!
Missing character: There is no ═ (U+2550) in font [lmmono12-regular]:!
Missing character: There is no ═ (U+2550) in font [lmmono12-regular]:!
Missing character: There is no ═ (U+2550) in font [lmmono12-regular]:!
Missing character: There is no ═ (U+2550) in font [lmmono12-regular]:!
Missing character: There is no ═ (U+2550) in font [lmmono12-regular]:!
Missing character: There is no ═ (U+2550) in font [lmmono12-regular]:!
Missing character: There is no ═ (U+2550) in font [lmmono12-regular]:!
Missing character: There is no ═ (U+2550) in font [lmmono12-regular]:!
Missing character: There is no ═ (U+2550) in font [lmmono12-regular]:!
Missing character: There is no ═ (U+2550) in font [lmmono12-regular]:!
Missing character: There is no ═ (U+2550) in font [lmmono12-regular]:!
Missing character: There is no ═ (U+2550) in font [lmmono12-regular]:!
Missing character: There is no ═ (U+2550) in font [lmmono12-regular]:!
Missing character: There is no ═ (U+2550) in font [lmmono12-regular]:!
Missing character: There is no ═ (U+2550) in font [lmmono12-regular]:!
Missing character: There is no ═ (U+2550) in font [lmmono12-regular]:!
Missing character: There is no ═ (U+2550) in font [lmmono12-regular]:!
Missing character: There is no ═ (U+2550) in font [lmmono12-regular]:!
Missing character: There is no ═ (U+2550) in font [lmmono12-regular]:!
Missing character: There is no ═ (U+2550) in font [lmmono12-regular]:!
Missing character: There is no ═ (U+2550) in font [lmmono12-regular]:!
Missing character: There is no ═ (U+2550) in font [lmmono12-regular]:!
Missing character: There is no ═ (U+2550) in font [lmmono12-regular]:!
Missing character: There is no ═ (U+2550) in font [lmmono12-regular]:!
Missing character: There is no ═ (U+2550) in font [lmmono12-regular]:!
Missing character: There is no ═ (U+2550) in font [lmmono12-regular]:!
Missing character: There is no ═ (U+2550) in font [lmmono12-regular]:!
Missing character: There is no ═ (U+2550) in font [lmmono12-regular]:!
Missing character: There is no ═ (U+2550) in font [lmmono12-regular]:!
Missing character: There is no ═ (U+2550) in font [lmmono12-regular]:!
Missing character: There is no ═ (U+2550) in font [lmmono12-regular]:!
Missing character: There is no ═ (U+2550) in font [lmmono12-regular]:!
Missing character: There is no ═ (U+2550) in font [lmmono12-regular]:!
Missing character: There is no ═ (U+2550) in font [lmmono12-regular]:!
Missing character: There is no ═ (U+2550) in font [lmmono12-regular]:!
Missing character: There is no ═ (U+2550) in font [lmmono12-regular]:!
Missing character: There is no ═ (U+2550) in font [lmmono12-regular]:!
Missing character: There is no ═ (U+2550) in font [lmmono12-regular]:!
Missing character: There is no ═ (U+2550) in font [lmmono12-regular]:!
Missing character: There is no ═ (U+2550) in font [lmmono12-regular]:!
Missing character: There is no ═ (U+2550) in font [lmmono12-regular]:!
Missing character: There is no ═ (U+2550) in font [lmmono12-regular]:!
Missing character: There is no ═ (U+2550) in font [lmmono12-regular]:!
Missing character: There is no ═ (U+2550) in font [lmmono12-regular]:!
Missing character: There is no ═ (U+2550) in font [lmmono12-regular]:!
Missing character: There is no ═ (U+2550) in font [lmmono12-regular]:!
Missing character: There is no ═ (U+2550) in font [lmmono12-regular]:!
Missing character: There is no ═ (U+2550) in font [lmmono12-regular]:!
Missing character: There is no ═ (U+2550) in font [lmmono12-regular]:!
Missing character: There is no ═ (U+2550) in font [lmmono12-regular]:!
Missing character: There is no ═ (U+2550) in font [lmmono12-regular]:!
Missing character: There is no ═ (U+2550) in font [lmmono12-regular]:!
Missing character: There is no ═ (U+2550) in font [lmmono12-regular]:!
Missing character: There is no ═ (U+2550) in font [lmmono12-regular]:!
Missing character: There is no ═ (U+2550) in font [lmmono12-regular]:!
Missing character: There is no ═ (U+2550) in font [lmmono12-regular]:!
Missing character: There is no ═ (U+2550) in font [lmmono12-regular]:!
Missing character: There is no ═ (U+2550) in font [lmmono12-regular]:!
Missing character: There is no ═ (U+2550) in font [lmmono12-regular]:!
Missing character: There is no ═ (U+2550) in font [lmmono12-regular]:!
Missing character: There is no ═ (U+2550) in font [lmmono12-regular]:!
Missing character: There is no ═ (U+2550) in font [lmmono12-regular]:!
Missing character: There is no ═ (U+2550) in font [lmmono12-regular]:!
Missing character: There is no ═ (U+2550) in font [lmmono12-regular]:!
Missing character: There is no ═ (U+2550) in font [lmmono12-regular]:!
Missing character: There is no ═ (U+2550) in font [lmmono12-regular]:!
Missing character: There is no ═ (U+2550) in font [lmmono12-regular]:!
Missing character: There is no ═ (U+2550) in font [lmmono12-regular]:!
Missing character: There is no ═ (U+2550) in font [lmmono12-regular]:!
Missing character: There is no ═ (U+2550) in font [lmmono12-regular]:!
Missing character: There is no ═ (U+2550) in font [lmmono12-regular]:!
Missing character: There is no ═ (U+2550) in font [lmmono12-regular]:!

Package fancyhdr Warning: \headheight is too small (18.125pt): 
(fancyhdr)                Make it at least 27.29926pt, for example:
(fancyhdr)                \setlength{\headheight}{27.29926pt}.
(fancyhdr)                You might also make \topmargin smaller:
(fancyhdr)                \addtolength{\topmargin}{-9.17426pt}.

[414]
Missing character: There is no ═ (U+2550) in font [lmmono12-regular]:!
Missing character: There is no ═ (U+2550) in font [lmmono12-regular]:!
Missing character: There is no ═ (U+2550) in font [lmmono12-regular]:!
Missing character: There is no ═ (U+2550) in font [lmmono12-regular]:!
Missing character: There is no ═ (U+2550) in font [lmmono12-regular]:!
Missing character: There is no ═ (U+2550) in font [lmmono12-regular]:!
Missing character: There is no ═ (U+2550) in font [lmmono12-regular]:!
Missing character: There is no ═ (U+2550) in font [lmmono12-regular]:!
Missing character: There is no ═ (U+2550) in font [lmmono12-regular]:!
Missing character: There is no ═ (U+2550) in font [lmmono12-regular]:!
Missing character: There is no ═ (U+2550) in font [lmmono12-regular]:!
Missing character: There is no ═ (U+2550) in font [lmmono12-regular]:!
Missing character: There is no ═ (U+2550) in font [lmmono12-regular]:!
Missing character: There is no ═ (U+2550) in font [lmmono12-regular]:!
Missing character: There is no ═ (U+2550) in font [lmmono12-regular]:!
Missing character: There is no ═ (U+2550) in font [lmmono12-regular]:!
Missing character: There is no ═ (U+2550) in font [lmmono12-regular]:!
Missing character: There is no ═ (U+2550) in font [lmmono12-regular]:!
Missing character: There is no ═ (U+2550) in font [lmmono12-regular]:!
Missing character: There is no ═ (U+2550) in font [lmmono12-regular]:!
Missing character: There is no ═ (U+2550) in font [lmmono12-regular]:!
Missing character: There is no ═ (U+2550) in font [lmmono12-regular]:!
Missing character: There is no ═ (U+2550) in font [lmmono12-regular]:!
Missing character: There is no ═ (U+2550) in font [lmmono12-regular]:!
Missing character: There is no ═ (U+2550) in font [lmmono12-regular]:!
Missing character: There is no ═ (U+2550) in font [lmmono12-regular]:!
Missing character: There is no ═ (U+2550) in font [lmmono12-regular]:!
Missing character: There is no ═ (U+2550) in font [lmmono12-regular]:!
Missing character: There is no ═ (U+2550) in font [lmmono12-regular]:!
Missing character: There is no ═ (U+2550) in font [lmmono12-regular]:!
Missing character: There is no ═ (U+2550) in font [lmmono12-regular]:!
Missing character: There is no ═ (U+2550) in font [lmmono12-regular]:!
Missing character: There is no ═ (U+2550) in font [lmmono12-regular]:!
Missing character: There is no ═ (U+2550) in font [lmmono12-regular]:!
Missing character: There is no ═ (U+2550) in font [lmmono12-regular]:!
Missing character: There is no ═ (U+2550) in font [lmmono12-regular]:!
Missing character: There is no ═ (U+2550) in font [lmmono12-regular]:!
Missing character: There is no ═ (U+2550) in font [lmmono12-regular]:!
Missing character: There is no ═ (U+2550) in font [lmmono12-regular]:!
Missing character: There is no ═ (U+2550) in font [lmmono12-regular]:!
Missing character: There is no ═ (U+2550) in font [lmmono12-regular]:!
Missing character: There is no ═ (U+2550) in font [lmmono12-regular]:!
Missing character: There is no ═ (U+2550) in font [lmmono12-regular]:!
Missing character: There is no ═ (U+2550) in font [lmmono12-regular]:!
Missing character: There is no ═ (U+2550) in font [lmmono12-regular]:!
Missing character: There is no ═ (U+2550) in font [lmmono12-regular]:!
Missing character: There is no ═ (U+2550) in font [lmmono12-regular]:!
Missing character: There is no ═ (U+2550) in font [lmmono12-regular]:!
Missing character: There is no ═ (U+2550) in font [lmmono12-regular]:!
Missing character: There is no ═ (U+2550) in font [lmmono12-regular]:!
Missing character: There is no ═ (U+2550) in font [lmmono12-regular]:!
Missing character: There is no ═ (U+2550) in font [lmmono12-regular]:!
Missing character: There is no ═ (U+2550) in font [lmmono12-regular]:!
Missing character: There is no ═ (U+2550) in font [lmmono12-regular]:!
Missing character: There is no ═ (U+2550) in font [lmmono12-regular]:!
Missing character: There is no ═ (U+2550) in font [lmmono12-regular]:!
Missing character: There is no ═ (U+2550) in font [lmmono12-regular]:!
Missing character: There is no ═ (U+2550) in font [lmmono12-regular]:!
Missing character: There is no ═ (U+2550) in font [lmmono12-regular]:!
Missing character: There is no ═ (U+2550) in font [lmmono12-regular]:!
Missing character: There is no ═ (U+2550) in font [lmmono12-regular]:!
Missing character: There is no ═ (U+2550) in font [lmmono12-regular]:!
Missing character: There is no ═ (U+2550) in font [lmmono12-regular]:!
Missing character: There is no ═ (U+2550) in font [lmmono12-regular]:!
Missing character: There is no ═ (U+2550) in font [lmmono12-regular]:!
Missing character: There is no ═ (U+2550) in font [lmmono12-regular]:!
Missing character: There is no ═ (U+2550) in font [lmmono12-regular]:!
Missing character: There is no ═ (U+2550) in font [lmmono12-regular]:!
Missing character: There is no ═ (U+2550) in font [lmmono12-regular]:!
Missing character: There is no ═ (U+2550) in font [lmmono12-regular]:!
Missing character: There is no ═ (U+2550) in font [lmmono12-regular]:!
Missing character: There is no ═ (U+2550) in font [lmmono12-regular]:!
Missing character: There is no ═ (U+2550) in font [lmmono12-regular]:!
Missing character: There is no ═ (U+2550) in font [lmmono12-regular]:!
Missing character: There is no ═ (U+2550) in font [lmmono12-regular]:!
Missing character: There is no ═ (U+2550) in font [lmmono12-regular]:!
Missing character: There is no ═ (U+2550) in font [lmmono12-regular]:!
Missing character: There is no ═ (U+2550) in font [lmmono12-regular]:!
Missing character: There is no ═ (U+2550) in font [lmmono12-regular]:!
Missing character: There is no ═ (U+2550) in font [lmmono12-regular]:!
Missing character: There is no ═ (U+2550) in font [lmmono12-regular]:!
Missing character: There is no ═ (U+2550) in font [lmmono12-regular]:!
Missing character: There is no ═ (U+2550) in font [lmmono12-regular]:!
Missing character: There is no ═ (U+2550) in font [lmmono12-regular]:!
Missing character: There is no ═ (U+2550) in font [lmmono12-regular]:!
Missing character: There is no ═ (U+2550) in font [lmmono12-regular]:!
Missing character: There is no ═ (U+2550) in font [lmmono12-regular]:!
Missing character: There is no ═ (U+2550) in font [lmmono12-regular]:!
Missing character: There is no ═ (U+2550) in font [lmmono12-regular]:!
Missing character: There is no ═ (U+2550) in font [lmmono12-regular]:!
Missing character: There is no ═ (U+2550) in font [lmmono12-regular]:!
Missing character: There is no ═ (U+2550) in font [lmmono12-regular]:!
Missing character: There is no ═ (U+2550) in font [lmmono12-regular]:!
Missing character: There is no ═ (U+2550) in font [lmmono12-regular]:!
Missing character: There is no ═ (U+2550) in font [lmmono12-regular]:!
Missing character: There is no ═ (U+2550) in font [lmmono12-regular]:!
Missing character: There is no ═ (U+2550) in font [lmmono12-regular]:!
Missing character: There is no ═ (U+2550) in font [lmmono12-regular]:!
Missing character: There is no ═ (U+2550) in font [lmmono12-regular]:!
Missing character: There is no ═ (U+2550) in font [lmmono12-regular]:!
Missing character: There is no ═ (U+2550) in font [lmmono12-regular]:!
Missing character: There is no ═ (U+2550) in font [lmmono12-regular]:!
Missing character: There is no ═ (U+2550) in font [lmmono12-regular]:!
Missing character: There is no ═ (U+2550) in font [lmmono12-regular]:!
Missing character: There is no ═ (U+2550) in font [lmmono12-regular]:!
Missing character: There is no ═ (U+2550) in font [lmmono12-regular]:!
Missing character: There is no ═ (U+2550) in font [lmmono12-regular]:!
Missing character: There is no ═ (U+2550) in font [lmmono12-regular]:!
Missing character: There is no ═ (U+2550) in font [lmmono12-regular]:!
Missing character: There is no ═ (U+2550) in font [lmmono12-regular]:!
Missing character: There is no ═ (U+2550) in font [lmmono12-regular]:!
Missing character: There is no ═ (U+2550) in font [lmmono12-regular]:!
Missing character: There is no ═ (U+2550) in font [lmmono12-regular]:!
Missing character: There is no ═ (U+2550) in font [lmmono12-regular]:!
Missing character: There is no ═ (U+2550) in font [lmmono12-regular]:!
Missing character: There is no ═ (U+2550) in font [lmmono12-regular]:!
Missing character: There is no ═ (U+2550) in font [lmmono12-regular]:!
Missing character: There is no ═ (U+2550) in font [lmmono12-regular]:!
Missing character: There is no ═ (U+2550) in font [lmmono12-regular]:!
Missing character: There is no ═ (U+2550) in font [lmmono12-regular]:!
Missing character: There is no ═ (U+2550) in font [lmmono12-regular]:!
Missing character: There is no ═ (U+2550) in font [lmmono12-regular]:!
Missing character: There is no ═ (U+2550) in font [lmmono12-regular]:!
Missing character: There is no ═ (U+2550) in font [lmmono12-regular]:!
Missing character: There is no ═ (U+2550) in font [lmmono12-regular]:!
Missing character: There is no ═ (U+2550) in font [lmmono12-regular]:!
Missing character: There is no ═ (U+2550) in font [lmmono12-regular]:!
Missing character: There is no ═ (U+2550) in font [lmmono12-regular]:!
Missing character: There is no ═ (U+2550) in font [lmmono12-regular]:!
Missing character: There is no ═ (U+2550) in font [lmmono12-regular]:!
Missing character: There is no ═ (U+2550) in font [lmmono12-regular]:!
Missing character: There is no ═ (U+2550) in font [lmmono12-regular]:!
Missing character: There is no ═ (U+2550) in font [lmmono12-regular]:!
Missing character: There is no ═ (U+2550) in font [lmmono12-regular]:!
Missing character: There is no ═ (U+2550) in font [lmmono12-regular]:!
Missing character: There is no ═ (U+2550) in font [lmmono12-regular]:!
Missing character: There is no ═ (U+2550) in font [lmmono12-regular]:!
Missing character: There is no ═ (U+2550) in font [lmmono12-regular]:!
Missing character: There is no ═ (U+2550) in font [lmmono12-regular]:!
Missing character: There is no ═ (U+2550) in font [lmmono12-regular]:!
Missing character: There is no ═ (U+2550) in font [lmmono12-regular]:!
Missing character: There is no ═ (U+2550) in font [lmmono12-regular]:!
Missing character: There is no ═ (U+2550) in font [lmmono12-regular]:!
Missing character: There is no ═ (U+2550) in font [lmmono12-regular]:!
Missing character: There is no ═ (U+2550) in font [lmmono12-regular]:!
Missing character: There is no ═ (U+2550) in font [lmmono12-regular]:!
Missing character: There is no ═ (U+2550) in font [lmmono12-regular]:!
Missing character: There is no ═ (U+2550) in font [lmmono12-regular]:!
Missing character: There is no ═ (U+2550) in font [lmmono12-regular]:!
Missing character: There is no ═ (U+2550) in font [lmmono12-regular]:!
Missing character: There is no ✓ (U+2713) in font [lmmono12-regular]:!
Missing character: There is no ✓ (U+2713) in font [lmmono12-regular]:!
Missing character: There is no ═ (U+2550) in font [lmmono12-regular]:!
Missing character: There is no ═ (U+2550) in font [lmmono12-regular]:!
Missing character: There is no ═ (U+2550) in font [lmmono12-regular]:!
Missing character: There is no ═ (U+2550) in font [lmmono12-regular]:!
Missing character: There is no ═ (U+2550) in font [lmmono12-regular]:!
Missing character: There is no ═ (U+2550) in font [lmmono12-regular]:!
Missing character: There is no ═ (U+2550) in font [lmmono12-regular]:!
Missing character: There is no ═ (U+2550) in font [lmmono12-regular]:!
Missing character: There is no ═ (U+2550) in font [lmmono12-regular]:!
Missing character: There is no ═ (U+2550) in font [lmmono12-regular]:!
Missing character: There is no ═ (U+2550) in font [lmmono12-regular]:!
Missing character: There is no ═ (U+2550) in font [lmmono12-regular]:!
Missing character: There is no ═ (U+2550) in font [lmmono12-regular]:!
Missing character: There is no ═ (U+2550) in font [lmmono12-regular]:!
Missing character: There is no ═ (U+2550) in font [lmmono12-regular]:!
Missing character: There is no ═ (U+2550) in font [lmmono12-regular]:!
Missing character: There is no ═ (U+2550) in font [lmmono12-regular]:!
Missing character: There is no ═ (U+2550) in font [lmmono12-regular]:!
Missing character: There is no ═ (U+2550) in font [lmmono12-regular]:!
Missing character: There is no ═ (U+2550) in font [lmmono12-regular]:!
Missing character: There is no ═ (U+2550) in font [lmmono12-regular]:!
Missing character: There is no ═ (U+2550) in font [lmmono12-regular]:!
Missing character: There is no ═ (U+2550) in font [lmmono12-regular]:!
Missing character: There is no ═ (U+2550) in font [lmmono12-regular]:!
Missing character: There is no ═ (U+2550) in font [lmmono12-regular]:!
Missing character: There is no ═ (U+2550) in font [lmmono12-regular]:!
Missing character: There is no ═ (U+2550) in font [lmmono12-regular]:!
Missing character: There is no ═ (U+2550) in font [lmmono12-regular]:!
Missing character: There is no ═ (U+2550) in font [lmmono12-regular]:!
Missing character: There is no ═ (U+2550) in font [lmmono12-regular]:!
Missing character: There is no ═ (U+2550) in font [lmmono12-regular]:!
Missing character: There is no ═ (U+2550) in font [lmmono12-regular]:!
Missing character: There is no ═ (U+2550) in font [lmmono12-regular]:!
Missing character: There is no ═ (U+2550) in font [lmmono12-regular]:!
Missing character: There is no ═ (U+2550) in font [lmmono12-regular]:!
Missing character: There is no ═ (U+2550) in font [lmmono12-regular]:!
Missing character: There is no ═ (U+2550) in font [lmmono12-regular]:!
Missing character: There is no ═ (U+2550) in font [lmmono12-regular]:!
Missing character: There is no ═ (U+2550) in font [lmmono12-regular]:!
Missing character: There is no ═ (U+2550) in font [lmmono12-regular]:!
Missing character: There is no ═ (U+2550) in font [lmmono12-regular]:!
Missing character: There is no ═ (U+2550) in font [lmmono12-regular]:!
Missing character: There is no ═ (U+2550) in font [lmmono12-regular]:!
Missing character: There is no ═ (U+2550) in font [lmmono12-regular]:!
Missing character: There is no ═ (U+2550) in font [lmmono12-regular]:!
Missing character: There is no ═ (U+2550) in font [lmmono12-regular]:!
Missing character: There is no ═ (U+2550) in font [lmmono12-regular]:!
Missing character: There is no ═ (U+2550) in font [lmmono12-regular]:!
Missing character: There is no ═ (U+2550) in font [lmmono12-regular]:!
Missing character: There is no ═ (U+2550) in font [lmmono12-regular]:!
Missing character: There is no ═ (U+2550) in font [lmmono12-regular]:!
Missing character: There is no ═ (U+2550) in font [lmmono12-regular]:!
Missing character: There is no ═ (U+2550) in font [lmmono12-regular]:!
Missing character: There is no ═ (U+2550) in font [lmmono12-regular]:!
Missing character: There is no ═ (U+2550) in font [lmmono12-regular]:!
Missing character: There is no ═ (U+2550) in font [lmmono12-regular]:!
Missing character: There is no ═ (U+2550) in font [lmmono12-regular]:!
Missing character: There is no ═ (U+2550) in font [lmmono12-regular]:!
Missing character: There is no ═ (U+2550) in font [lmmono12-regular]:!
Missing character: There is no ═ (U+2550) in font [lmmono12-regular]:!
Missing character: There is no ═ (U+2550) in font [lmmono12-regular]:!
Missing character: There is no ═ (U+2550) in font [lmmono12-regular]:!
Missing character: There is no ═ (U+2550) in font [lmmono12-regular]:!
Missing character: There is no ═ (U+2550) in font [lmmono12-regular]:!
Missing character: There is no ═ (U+2550) in font [lmmono12-regular]:!
Missing character: There is no ═ (U+2550) in font [lmmono12-regular]:!
Missing character: There is no ═ (U+2550) in font [lmmono12-regular]:!
Missing character: There is no ═ (U+2550) in font [lmmono12-regular]:!
Missing character: There is no ═ (U+2550) in font [lmmono12-regular]:!
Missing character: There is no ═ (U+2550) in font [lmmono12-regular]:!
Missing character: There is no ═ (U+2550) in font [lmmono12-regular]:!
Missing character: There is no ═ (U+2550) in font [lmmono12-regular]:!
Missing character: There is no ═ (U+2550) in font [lmmono12-regular]:!
Missing character: There is no ═ (U+2550) in font [lmmono12-regular]:!
Missing character: There is no ═ (U+2550) in font [lmmono12-regular]:!
Missing character: There is no ═ (U+2550) in font [lmmono12-regular]:!
Missing character: There is no ═ (U+2550) in font [lmmono12-regular]:!
Missing character: There is no ═ (U+2550) in font [lmmono12-regular]:!
Missing character: There is no ═ (U+2550) in font [lmmono12-regular]:!
Missing character: There is no ═ (U+2550) in font [lmmono12-regular]:!
Missing character: There is no ═ (U+2550) in font [lmmono12-regular]:!
Missing character: There is no ═ (U+2550) in font [lmmono12-regular]:!
Missing character: There is no ═ (U+2550) in font [lmmono12-regular]:!
Missing character: There is no ═ (U+2550) in font [lmmono12-regular]:!
Missing character: There is no ═ (U+2550) in font [lmmono12-regular]:!
Missing character: There is no ═ (U+2550) in font [lmmono12-regular]:!
Missing character: There is no ═ (U+2550) in font [lmmono12-regular]:!
Missing character: There is no ═ (U+2550) in font [lmmono12-regular]:!
Missing character: There is no ═ (U+2550) in font [lmmono12-regular]:!
Missing character: There is no ═ (U+2550) in font [lmmono12-regular]:!
Missing character: There is no ═ (U+2550) in font [lmmono12-regular]:!
Missing character: There is no ═ (U+2550) in font [lmmono12-regular]:!
Missing character: There is no ═ (U+2550) in font [lmmono12-regular]:!
Missing character: There is no ═ (U+2550) in font [lmmono12-regular]:!
Missing character: There is no ═ (U+2550) in font [lmmono12-regular]:!
Missing character: There is no ═ (U+2550) in font [lmmono12-regular]:!
Missing character: There is no ═ (U+2550) in font [lmmono12-regular]:!
Missing character: There is no ═ (U+2550) in font [lmmono12-regular]:!
Missing character: There is no ═ (U+2550) in font [lmmono12-regular]:!
Missing character: There is no ═ (U+2550) in font [lmmono12-regular]:!
Missing character: There is no ═ (U+2550) in font [lmmono12-regular]:!
Missing character: There is no ═ (U+2550) in font [lmmono12-regular]:!
Missing character: There is no ═ (U+2550) in font [lmmono12-regular]:!
Missing character: There is no ═ (U+2550) in font [lmmono12-regular]:!
Missing character: There is no ═ (U+2550) in font [lmmono12-regular]:!
Missing character: There is no ═ (U+2550) in font [lmmono12-regular]:!
Missing character: There is no ═ (U+2550) in font [lmmono12-regular]:!
Missing character: There is no ═ (U+2550) in font [lmmono12-regular]:!
Missing character: There is no ═ (U+2550) in font [lmmono12-regular]:!
Missing character: There is no ═ (U+2550) in font [lmmono12-regular]:!
Missing character: There is no ═ (U+2550) in font [lmmono12-regular]:!
Missing character: There is no ═ (U+2550) in font [lmmono12-regular]:!
Missing character: There is no ═ (U+2550) in font [lmmono12-regular]:!
Missing character: There is no ═ (U+2550) in font [lmmono12-regular]:!
Missing character: There is no ═ (U+2550) in font [lmmono12-regular]:!
Missing character: There is no ═ (U+2550) in font [lmmono12-regular]:!
Missing character: There is no ═ (U+2550) in font [lmmono12-regular]:!
Missing character: There is no ═ (U+2550) in font [lmmono12-regular]:!
Missing character: There is no ═ (U+2550) in font [lmmono12-regular]:!
Missing character: There is no ═ (U+2550) in font [lmmono12-regular]:!
Missing character: There is no ═ (U+2550) in font [lmmono12-regular]:!
Missing character: There is no ═ (U+2550) in font [lmmono12-regular]:!
Missing character: There is no ═ (U+2550) in font [lmmono12-regular]:!
Missing character: There is no ═ (U+2550) in font [lmmono12-regular]:!
Missing character: There is no ═ (U+2550) in font [lmmono12-regular]:!
Missing character: There is no ═ (U+2550) in font [lmmono12-regular]:!
Missing character: There is no ═ (U+2550) in font [lmmono12-regular]:!
Missing character: There is no ═ (U+2550) in font [lmmono12-regular]:!
Missing character: There is no ═ (U+2550) in font [lmmono12-regular]:!
Missing character: There is no ═ (U+2550) in font [lmmono12-regular]:!
Missing character: There is no ═ (U+2550) in font [lmmono12-regular]:!
Missing character: There is no ═ (U+2550) in font [lmmono12-regular]:!
Missing character: There is no ═ (U+2550) in font [lmmono12-regular]:!
Missing character: There is no ═ (U+2550) in font [lmmono12-regular]:!
Missing character: There is no ═ (U+2550) in font [lmmono12-regular]:!
Missing character: There is no ═ (U+2550) in font [lmmono12-regular]:!
Missing character: There is no ═ (U+2550) in font [lmmono12-regular]:!
Missing character: There is no ═ (U+2550) in font [lmmono12-regular]:!
Missing character: There is no ═ (U+2550) in font [lmmono12-regular]:!
Missing character: There is no ═ (U+2550) in font [lmmono12-regular]:!
Missing character: There is no ═ (U+2550) in font [lmmono12-regular]:!
Missing character: There is no ═ (U+2550) in font [lmmono12-regular]:!
Missing character: There is no ═ (U+2550) in font [lmmono12-regular]:!
Missing character: There is no ═ (U+2550) in font [lmmono12-regular]:!
Missing character: There is no ═ (U+2550) in font [lmmono12-regular]:!
Missing character: There is no ═ (U+2550) in font [lmmono12-regular]:!
Missing character: There is no ═ (U+2550) in font [lmmono12-regular]:!
Missing character: There is no ═ (U+2550) in font [lmmono12-regular]:!
Missing character: There is no ═ (U+2550) in font [lmmono12-regular]:!
Missing character: There is no ═ (U+2550) in font [lmmono12-regular]:!
Missing character: There is no ₀ (U+2080) in font [lmmono12-regular]:!
Missing character: There is no ₀ (U+2080) in font [lmmono12-regular]:!
Missing character: There is no ₀ (U+2080) in font [lmmono12-regular]:!
Missing character: There is no ₁ (U+2081) in font [lmmono12-regular]:!
Missing character: There is no ₁ (U+2081) in font [lmmono12-regular]:!
Missing character: There is no ₁ (U+2081) in font [lmmono12-regular]:!
Missing character: There is no α (U+03B1) in font [lmmono12-regular]:!
Missing character: There is no α (U+03B1) in font [lmmono12-regular]:!

Package fancyhdr Warning: \headheight is too small (18.125pt): 
(fancyhdr)                Make it at least 27.29926pt, for example:
(fancyhdr)                \setlength{\headheight}{27.29926pt}.
(fancyhdr)                You might also make \topmargin smaller:
(fancyhdr)                \addtolength{\topmargin}{-9.17426pt}.

[415]
Missing character: There is no ✓ (U+2713) in font [lmmono12-regular]:!
Missing character: There is no ✓ (U+2713) in font [lmmono12-regular]:!
Missing character: There is no ₀ (U+2080) in font [lmmono12-regular]:!
Missing character: There is no ═ (U+2550) in font [lmmono12-regular]:!
Missing character: There is no ═ (U+2550) in font [lmmono12-regular]:!
Missing character: There is no ═ (U+2550) in font [lmmono12-regular]:!
Missing character: There is no ═ (U+2550) in font [lmmono12-regular]:!
Missing character: There is no ═ (U+2550) in font [lmmono12-regular]:!
Missing character: There is no ═ (U+2550) in font [lmmono12-regular]:!
Missing character: There is no ═ (U+2550) in font [lmmono12-regular]:!
Missing character: There is no ═ (U+2550) in font [lmmono12-regular]:!
Missing character: There is no ═ (U+2550) in font [lmmono12-regular]:!
Missing character: There is no ═ (U+2550) in font [lmmono12-regular]:!
Missing character: There is no ═ (U+2550) in font [lmmono12-regular]:!
Missing character: There is no ═ (U+2550) in font [lmmono12-regular]:!
Missing character: There is no ═ (U+2550) in font [lmmono12-regular]:!
Missing character: There is no ═ (U+2550) in font [lmmono12-regular]:!
Missing character: There is no ═ (U+2550) in font [lmmono12-regular]:!
Missing character: There is no ═ (U+2550) in font [lmmono12-regular]:!
Missing character: There is no ═ (U+2550) in font [lmmono12-regular]:!
Missing character: There is no ═ (U+2550) in font [lmmono12-regular]:!
Missing character: There is no ═ (U+2550) in font [lmmono12-regular]:!
Missing character: There is no ═ (U+2550) in font [lmmono12-regular]:!
Missing character: There is no ═ (U+2550) in font [lmmono12-regular]:!
Missing character: There is no ═ (U+2550) in font [lmmono12-regular]:!
Missing character: There is no ═ (U+2550) in font [lmmono12-regular]:!
Missing character: There is no ═ (U+2550) in font [lmmono12-regular]:!
Missing character: There is no ═ (U+2550) in font [lmmono12-regular]:!
Missing character: There is no ═ (U+2550) in font [lmmono12-regular]:!
Missing character: There is no ═ (U+2550) in font [lmmono12-regular]:!
Missing character: There is no ═ (U+2550) in font [lmmono12-regular]:!
Missing character: There is no ═ (U+2550) in font [lmmono12-regular]:!
Missing character: There is no ═ (U+2550) in font [lmmono12-regular]:!
Missing character: There is no ═ (U+2550) in font [lmmono12-regular]:!
Missing character: There is no ═ (U+2550) in font [lmmono12-regular]:!
Missing character: There is no ═ (U+2550) in font [lmmono12-regular]:!
Missing character: There is no ═ (U+2550) in font [lmmono12-regular]:!
Missing character: There is no ═ (U+2550) in font [lmmono12-regular]:!
Missing character: There is no ═ (U+2550) in font [lmmono12-regular]:!
Missing character: There is no ═ (U+2550) in font [lmmono12-regular]:!
Missing character: There is no ═ (U+2550) in font [lmmono12-regular]:!
Missing character: There is no ═ (U+2550) in font [lmmono12-regular]:!
Missing character: There is no ═ (U+2550) in font [lmmono12-regular]:!
Missing character: There is no ═ (U+2550) in font [lmmono12-regular]:!
Missing character: There is no ═ (U+2550) in font [lmmono12-regular]:!
Missing character: There is no ═ (U+2550) in font [lmmono12-regular]:!
Missing character: There is no ═ (U+2550) in font [lmmono12-regular]:!
Missing character: There is no ═ (U+2550) in font [lmmono12-regular]:!
Missing character: There is no ═ (U+2550) in font [lmmono12-regular]:!
Missing character: There is no ═ (U+2550) in font [lmmono12-regular]:!
Missing character: There is no ═ (U+2550) in font [lmmono12-regular]:!
Missing character: There is no ═ (U+2550) in font [lmmono12-regular]:!
Missing character: There is no ═ (U+2550) in font [lmmono12-regular]:!
Missing character: There is no ═ (U+2550) in font [lmmono12-regular]:!
Missing character: There is no ═ (U+2550) in font [lmmono12-regular]:!
Missing character: There is no ═ (U+2550) in font [lmmono12-regular]:!
Missing character: There is no ═ (U+2550) in font [lmmono12-regular]:!
Missing character: There is no ═ (U+2550) in font [lmmono12-regular]:!
Missing character: There is no ═ (U+2550) in font [lmmono12-regular]:!
Missing character: There is no ═ (U+2550) in font [lmmono12-regular]:!
Missing character: There is no ═ (U+2550) in font [lmmono12-regular]:!
Missing character: There is no ═ (U+2550) in font [lmmono12-regular]:!
Missing character: There is no ═ (U+2550) in font [lmmono12-regular]:!
Missing character: There is no ═ (U+2550) in font [lmmono12-regular]:!
Missing character: There is no ═ (U+2550) in font [lmmono12-regular]:!
Missing character: There is no ═ (U+2550) in font [lmmono12-regular]:!
Missing character: There is no ═ (U+2550) in font [lmmono12-regular]:!
Missing character: There is no ═ (U+2550) in font [lmmono12-regular]:!
Missing character: There is no ═ (U+2550) in font [lmmono12-regular]:!
Missing character: There is no ═ (U+2550) in font [lmmono12-regular]:!
Missing character: There is no ═ (U+2550) in font [lmmono12-regular]:!
Missing character: There is no ═ (U+2550) in font [lmmono12-regular]:!
Missing character: There is no ═ (U+2550) in font [lmmono12-regular]:!
Missing character: There is no ═ (U+2550) in font [lmmono12-regular]:!
Missing character: There is no ═ (U+2550) in font [lmmono12-regular]:!
Missing character: There is no ═ (U+2550) in font [lmmono12-regular]:!
Missing character: There is no ═ (U+2550) in font [lmmono12-regular]:!
Missing character: There is no ═ (U+2550) in font [lmmono12-regular]:!
Missing character: There is no ═ (U+2550) in font [lmmono12-regular]:!
Missing character: There is no ═ (U+2550) in font [lmmono12-regular]:!
Missing character: There is no ═ (U+2550) in font [lmmono12-regular]:!
Missing character: There is no ═ (U+2550) in font [lmmono12-regular]:!
Missing character: There is no ═ (U+2550) in font [lmmono12-regular]:!
Missing character: There is no ═ (U+2550) in font [lmmono12-regular]:!
Missing character: There is no ═ (U+2550) in font [lmmono12-regular]:!
Missing character: There is no ═ (U+2550) in font [lmmono12-regular]:!
Missing character: There is no ═ (U+2550) in font [lmmono12-regular]:!
Missing character: There is no ═ (U+2550) in font [lmmono12-regular]:!
Missing character: There is no ═ (U+2550) in font [lmmono12-regular]:!
Missing character: There is no ═ (U+2550) in font [lmmono12-regular]:!
Missing character: There is no ═ (U+2550) in font [lmmono12-regular]:!
Missing character: There is no ═ (U+2550) in font [lmmono12-regular]:!
Missing character: There is no ═ (U+2550) in font [lmmono12-regular]:!
Missing character: There is no ═ (U+2550) in font [lmmono12-regular]:!
Missing character: There is no ═ (U+2550) in font [lmmono12-regular]:!
Missing character: There is no ═ (U+2550) in font [lmmono12-regular]:!
Missing character: There is no ═ (U+2550) in font [lmmono12-regular]:!
Missing character: There is no ═ (U+2550) in font [lmmono12-regular]:!
Missing character: There is no ═ (U+2550) in font [lmmono12-regular]:!
Missing character: There is no ═ (U+2550) in font [lmmono12-regular]:!
Missing character: There is no ═ (U+2550) in font [lmmono12-regular]:!
Missing character: There is no ═ (U+2550) in font [lmmono12-regular]:!
Missing character: There is no ═ (U+2550) in font [lmmono12-regular]:!
Missing character: There is no ═ (U+2550) in font [lmmono12-regular]:!
Missing character: There is no ═ (U+2550) in font [lmmono12-regular]:!
Missing character: There is no ═ (U+2550) in font [lmmono12-regular]:!
Missing character: There is no ═ (U+2550) in font [lmmono12-regular]:!
Missing character: There is no ═ (U+2550) in font [lmmono12-regular]:!
Missing character: There is no ═ (U+2550) in font [lmmono12-regular]:!
Missing character: There is no ═ (U+2550) in font [lmmono12-regular]:!
Missing character: There is no ═ (U+2550) in font [lmmono12-regular]:!
Missing character: There is no ═ (U+2550) in font [lmmono12-regular]:!
Missing character: There is no ═ (U+2550) in font [lmmono12-regular]:!
Missing character: There is no ═ (U+2550) in font [lmmono12-regular]:!
Missing character: There is no ═ (U+2550) in font [lmmono12-regular]:!
Missing character: There is no ═ (U+2550) in font [lmmono12-regular]:!
Missing character: There is no ═ (U+2550) in font [lmmono12-regular]:!
Missing character: There is no ═ (U+2550) in font [lmmono12-regular]:!
Missing character: There is no ═ (U+2550) in font [lmmono12-regular]:!
Missing character: There is no ═ (U+2550) in font [lmmono12-regular]:!
Missing character: There is no ═ (U+2550) in font [lmmono12-regular]:!
Missing character: There is no ═ (U+2550) in font [lmmono12-regular]:!
Missing character: There is no ═ (U+2550) in font [lmmono12-regular]:!
Missing character: There is no ═ (U+2550) in font [lmmono12-regular]:!
Missing character: There is no ═ (U+2550) in font [lmmono12-regular]:!
Missing character: There is no ═ (U+2550) in font [lmmono12-regular]:!
Missing character: There is no ═ (U+2550) in font [lmmono12-regular]:!
Missing character: There is no ═ (U+2550) in font [lmmono12-regular]:!
Missing character: There is no ═ (U+2550) in font [lmmono12-regular]:!
Missing character: There is no ═ (U+2550) in font [lmmono12-regular]:!
Missing character: There is no ═ (U+2550) in font [lmmono12-regular]:!
Missing character: There is no ═ (U+2550) in font [lmmono12-regular]:!
Missing character: There is no ═ (U+2550) in font [lmmono12-regular]:!
Missing character: There is no ═ (U+2550) in font [lmmono12-regular]:!
Missing character: There is no ═ (U+2550) in font [lmmono12-regular]:!
Missing character: There is no ═ (U+2550) in font [lmmono12-regular]:!
Missing character: There is no ═ (U+2550) in font [lmmono12-regular]:!
Missing character: There is no ═ (U+2550) in font [lmmono12-regular]:!
Missing character: There is no ═ (U+2550) in font [lmmono12-regular]:!
Missing character: There is no ═ (U+2550) in font [lmmono12-regular]:!
Missing character: There is no ═ (U+2550) in font [lmmono12-regular]:!
Missing character: There is no ═ (U+2550) in font [lmmono12-regular]:!
Missing character: There is no ═ (U+2550) in font [lmmono12-regular]:!
Missing character: There is no ═ (U+2550) in font [lmmono12-regular]:!
Missing character: There is no ═ (U+2550) in font [lmmono12-regular]:!
Missing character: There is no ═ (U+2550) in font [lmmono12-regular]:!
Missing character: There is no ═ (U+2550) in font [lmmono12-regular]:!
Missing character: There is no ═ (U+2550) in font [lmmono12-regular]:!
Missing character: There is no ═ (U+2550) in font [lmmono12-regular]:!
Missing character: There is no ═ (U+2550) in font [lmmono12-regular]:!
Missing character: There is no ═ (U+2550) in font [lmmono12-regular]:!
Missing character: There is no ═ (U+2550) in font [lmmono12-regular]:!
Missing character: There is no ═ (U+2550) in font [lmmono12-regular]:!
Missing character: There is no ═ (U+2550) in font [lmmono12-regular]:!
Missing character: There is no ═ (U+2550) in font [lmmono12-regular]:!
Missing character: There is no ═ (U+2550) in font [lmmono12-regular]:!
Missing character: There is no ═ (U+2550) in font [lmmono12-regular]:!
Missing character: There is no ═ (U+2550) in font [lmmono12-regular]:!
Missing character: There is no ═ (U+2550) in font [lmmono12-regular]:!
Missing character: There is no ═ (U+2550) in font [lmmono12-regular]:!
Missing character: There is no ═ (U+2550) in font [lmmono12-regular]:!
Missing character: There is no ═ (U+2550) in font [lmmono12-regular]:!
Missing character: There is no ═ (U+2550) in font [lmmono12-regular]:!
Missing character: There is no ═ (U+2550) in font [lmmono12-regular]:!
Missing character: There is no ═ (U+2550) in font [lmmono12-regular]:!
Missing character: There is no ═ (U+2550) in font [lmmono12-regular]:!
Missing character: There is no ═ (U+2550) in font [lmmono12-regular]:!
Missing character: There is no ═ (U+2550) in font [lmmono12-regular]:!
Missing character: There is no ═ (U+2550) in font [lmmono12-regular]:!
Missing character: There is no ═ (U+2550) in font [lmmono12-regular]:!
Missing character: There is no ═ (U+2550) in font [lmmono12-regular]:!
Missing character: There is no ═ (U+2550) in font [lmmono12-regular]:!
Missing character: There is no ═ (U+2550) in font [lmmono12-regular]:!
Missing character: There is no ═ (U+2550) in font [lmmono12-regular]:!
Missing character: There is no ═ (U+2550) in font [lmmono12-regular]:!
Missing character: There is no ═ (U+2550) in font [lmmono12-regular]:!
Missing character: There is no ═ (U+2550) in font [lmmono12-regular]:!
Missing character: There is no ═ (U+2550) in font [lmmono12-regular]:!
Missing character: There is no ═ (U+2550) in font [lmmono12-regular]:!
Missing character: There is no ═ (U+2550) in font [lmmono12-regular]:!
Missing character: There is no ═ (U+2550) in font [lmmono12-regular]:!
Missing character: There is no ═ (U+2550) in font [lmmono12-regular]:!
Missing character: There is no ═ (U+2550) in font [lmmono12-regular]:!
Missing character: There is no ═ (U+2550) in font [lmmono12-regular]:!
Missing character: There is no ═ (U+2550) in font [lmmono12-regular]:!
Missing character: There is no ═ (U+2550) in font [lmmono12-regular]:!
Missing character: There is no ═ (U+2550) in font [lmmono12-regular]:!
Missing character: There is no ═ (U+2550) in font [lmmono12-regular]:!
Missing character: There is no ═ (U+2550) in font [lmmono12-regular]:!
Missing character: There is no ═ (U+2550) in font [lmmono12-regular]:!
Missing character: There is no ═ (U+2550) in font [lmmono12-regular]:!
Missing character: There is no ═ (U+2550) in font [lmmono12-regular]:!
Missing character: There is no ═ (U+2550) in font [lmmono12-regular]:!
Missing character: There is no ═ (U+2550) in font [lmmono12-regular]:!
Missing character: There is no ═ (U+2550) in font [lmmono12-regular]:!
Missing character: There is no ═ (U+2550) in font [lmmono12-regular]:!
Missing character: There is no ═ (U+2550) in font [lmmono12-regular]:!
Missing character: There is no ═ (U+2550) in font [lmmono12-regular]:!
Missing character: There is no ═ (U+2550) in font [lmmono12-regular]:!
Missing character: There is no ═ (U+2550) in font [lmmono12-regular]:!
Missing character: There is no ═ (U+2550) in font [lmmono12-regular]:!
Missing character: There is no ═ (U+2550) in font [lmmono12-regular]:!
Missing character: There is no ═ (U+2550) in font [lmmono12-regular]:!
Missing character: There is no ═ (U+2550) in font [lmmono12-regular]:!
Missing character: There is no ═ (U+2550) in font [lmmono12-regular]:!
Missing character: There is no ═ (U+2550) in font [lmmono12-regular]:!
Missing character: There is no ═ (U+2550) in font [lmmono12-regular]:!
Missing character: There is no ═ (U+2550) in font [lmmono12-regular]:!
Missing character: There is no ═ (U+2550) in font [lmmono12-regular]:!
Missing character: There is no ═ (U+2550) in font [lmmono12-regular]:!
Missing character: There is no ═ (U+2550) in font [lmmono12-regular]:!
Missing character: There is no ═ (U+2550) in font [lmmono12-regular]:!
Missing character: There is no ═ (U+2550) in font [lmmono12-regular]:!
Missing character: There is no ═ (U+2550) in font [lmmono12-regular]:!
Missing character: There is no ═ (U+2550) in font [lmmono12-regular]:!
Missing character: There is no ═ (U+2550) in font [lmmono12-regular]:!
Missing character: There is no ═ (U+2550) in font [lmmono12-regular]:!
Missing character: There is no ═ (U+2550) in font [lmmono12-regular]:!
Missing character: There is no ═ (U+2550) in font [lmmono12-regular]:!
Missing character: There is no ═ (U+2550) in font [lmmono12-regular]:!
Missing character: There is no ═ (U+2550) in font [lmmono12-regular]:!
Missing character: There is no ═ (U+2550) in font [lmmono12-regular]:!
Missing character: There is no ═ (U+2550) in font [lmmono12-regular]:!
Missing character: There is no ═ (U+2550) in font [lmmono12-regular]:!
Missing character: There is no ═ (U+2550) in font [lmmono12-regular]:!
Missing character: There is no ═ (U+2550) in font [lmmono12-regular]:!
Missing character: There is no ═ (U+2550) in font [lmmono12-regular]:!
Missing character: There is no ═ (U+2550) in font [lmmono12-regular]:!
Missing character: There is no ═ (U+2550) in font [lmmono12-regular]:!
Missing character: There is no ═ (U+2550) in font [lmmono12-regular]:!
Missing character: There is no ═ (U+2550) in font [lmmono12-regular]:!
Missing character: There is no ═ (U+2550) in font [lmmono12-regular]:!
Missing character: There is no ═ (U+2550) in font [lmmono12-regular]:!
Missing character: There is no ═ (U+2550) in font [lmmono12-regular]:!
Missing character: There is no ═ (U+2550) in font [lmmono12-regular]:!
Missing character: There is no ═ (U+2550) in font [lmmono12-regular]:!
Missing character: There is no ═ (U+2550) in font [lmmono12-regular]:!
Missing character: There is no ═ (U+2550) in font [lmmono12-regular]:!
Missing character: There is no ═ (U+2550) in font [lmmono12-regular]:!
Missing character: There is no ═ (U+2550) in font [lmmono12-regular]:!
Missing character: There is no ═ (U+2550) in font [lmmono12-regular]:!
Missing character: There is no ═ (U+2550) in font [lmmono12-regular]:!
Missing character: There is no ═ (U+2550) in font [lmmono12-regular]:!
Missing character: There is no ═ (U+2550) in font [lmmono12-regular]:!
Missing character: There is no ═ (U+2550) in font [lmmono12-regular]:!
Missing character: There is no ═ (U+2550) in font [lmmono12-regular]:!
Missing character: There is no ═ (U+2550) in font [lmmono12-regular]:!
Missing character: There is no ═ (U+2550) in font [lmmono12-regular]:!
Missing character: There is no ═ (U+2550) in font [lmmono12-regular]:!
Missing character: There is no ═ (U+2550) in font [lmmono12-regular]:!
Missing character: There is no ═ (U+2550) in font [lmmono12-regular]:!
Missing character: There is no ═ (U+2550) in font [lmmono12-regular]:!
Missing character: There is no ═ (U+2550) in font [lmmono12-regular]:!
Missing character: There is no ═ (U+2550) in font [lmmono12-regular]:!
Missing character: There is no ═ (U+2550) in font [lmmono12-regular]:!
Missing character: There is no ═ (U+2550) in font [lmmono12-regular]:!
Missing character: There is no ═ (U+2550) in font [lmmono12-regular]:!
Missing character: There is no ═ (U+2550) in font [lmmono12-regular]:!
Missing character: There is no ═ (U+2550) in font [lmmono12-regular]:!
Missing character: There is no ═ (U+2550) in font [lmmono12-regular]:!
Missing character: There is no ═ (U+2550) in font [lmmono12-regular]:!
Missing character: There is no ═ (U+2550) in font [lmmono12-regular]:!
Missing character: There is no ═ (U+2550) in font [lmmono12-regular]:!
Missing character: There is no ═ (U+2550) in font [lmmono12-regular]:!
Missing character: There is no ═ (U+2550) in font [lmmono12-regular]:!
Missing character: There is no ═ (U+2550) in font [lmmono12-regular]:!
Missing character: There is no ═ (U+2550) in font [lmmono12-regular]:!
Missing character: There is no ═ (U+2550) in font [lmmono12-regular]:!
Missing character: There is no ═ (U+2550) in font [lmmono12-regular]:!
Missing character: There is no ═ (U+2550) in font [lmmono12-regular]:!
Missing character: There is no ═ (U+2550) in font [lmmono12-regular]:!
Missing character: There is no ═ (U+2550) in font [lmmono12-regular]:!
Missing character: There is no ═ (U+2550) in font [lmmono12-regular]:!
Missing character: There is no ═ (U+2550) in font [lmmono12-regular]:!
Missing character: There is no ═ (U+2550) in font [lmmono12-regular]:!
Missing character: There is no ═ (U+2550) in font [lmmono12-regular]:!
Missing character: There is no ═ (U+2550) in font [lmmono12-regular]:!
Missing character: There is no ═ (U+2550) in font [lmmono12-regular]:!
Missing character: There is no ═ (U+2550) in font [lmmono12-regular]:!
Missing character: There is no ═ (U+2550) in font [lmmono12-regular]:!
Missing character: There is no ═ (U+2550) in font [lmmono12-regular]:!
Missing character: There is no ═ (U+2550) in font [lmmono12-regular]:!
Missing character: There is no ═ (U+2550) in font [lmmono12-regular]:!
Missing character: There is no ═ (U+2550) in font [lmmono12-regular]:!
Missing character: There is no ═ (U+2550) in font [lmmono12-regular]:!
Missing character: There is no ═ (U+2550) in font [lmmono12-regular]:!
Missing character: There is no ═ (U+2550) in font [lmmono12-regular]:!
Missing character: There is no ═ (U+2550) in font [lmmono12-regular]:!
Missing character: There is no ═ (U+2550) in font [lmmono12-regular]:!
Missing character: There is no ═ (U+2550) in font [lmmono12-regular]:!
Missing character: There is no ═ (U+2550) in font [lmmono12-regular]:!
Missing character: There is no ═ (U+2550) in font [lmmono12-regular]:!
Missing character: There is no ═ (U+2550) in font [lmmono12-regular]:!
Missing character: There is no ═ (U+2550) in font [lmmono12-regular]:!
Missing character: There is no ═ (U+2550) in font [lmmono12-regular]:!
Missing character: There is no ═ (U+2550) in font [lmmono12-regular]:!
Missing character: There is no ═ (U+2550) in font [lmmono12-regular]:!
Missing character: There is no ═ (U+2550) in font [lmmono12-regular]:!
Missing character: There is no ═ (U+2550) in font [lmmono12-regular]:!
Missing character: There is no ═ (U+2550) in font [lmmono12-regular]:!
Missing character: There is no ═ (U+2550) in font [lmmono12-regular]:!
Missing character: There is no ═ (U+2550) in font [lmmono12-regular]:!
Missing character: There is no ═ (U+2550) in font [lmmono12-regular]:!
Missing character: There is no ✓ (U+2713) in font [lmmono12-regular]:!
Missing character: There is no ✓ (U+2713) in font [lmmono12-regular]:!
Missing character: There is no ✓ (U+2713) in font [lmmono12-regular]:!
Missing character: There is no ✓ (U+2713) in font [lmmono12-regular]:!
Missing character: There is no ✓ (U+2713) in font [lmmono12-regular]:!
Missing character: There is no ⚠ (U+26A0) in font [lmmono12-regular]:!
Missing character: There is no ✓ (U+2713) in font [lmmono12-regular]:!
Missing character: There is no ✓ (U+2713) in font [lmmono12-regular]:!
Missing character: There is no ✓ (U+2713) in font [lmmono12-regular]:!
Missing character: There is no ✓ (U+2713) in font [lmmono12-regular]:!

Package fancyhdr Warning: \headheight is too small (18.125pt): 
(fancyhdr)                Make it at least 27.29926pt, for example:
(fancyhdr)                \setlength{\headheight}{27.29926pt}.
(fancyhdr)                You might also make \topmargin smaller:
(fancyhdr)                \addtolength{\topmargin}{-9.17426pt}.

[416]
Missing character: There is no ₀ (U+2080) in font [lmmono12-regular]:!
Missing character: There is no ✓ (U+2713) in font [lmmono12-regular]:!
Missing character: There is no ✓ (U+2713) in font [lmmono12-regular]:!
Missing character: There is no ✓ (U+2713) in font [lmmono12-regular]:!
Missing character: There is no ✓ (U+2713) in font [lmmono12-regular]:!
Missing character: There is no ✓ (U+2713) in font [lmmono12-regular]:!
Missing character: There is no ✓ (U+2713) in font [lmmono12-regular]:!
Missing character: There is no ✓ (U+2713) in font [lmmono12-regular]:!
Missing character: There is no ✓ (U+2713) in font [lmmono12-regular]:!
Missing character: There is no ✓ (U+2713) in font [lmmono12-regular]:!
Missing character: There is no ✓ (U+2713) in font [lmmono12-regular]:!
Missing character: There is no ✓ (U+2713) in font [lmmono12-regular]:!
Missing character: There is no ═ (U+2550) in font [lmmono12-regular]:!
Missing character: There is no ═ (U+2550) in font [lmmono12-regular]:!
Missing character: There is no ═ (U+2550) in font [lmmono12-regular]:!
Missing character: There is no ═ (U+2550) in font [lmmono12-regular]:!
Missing character: There is no ═ (U+2550) in font [lmmono12-regular]:!
Missing character: There is no ═ (U+2550) in font [lmmono12-regular]:!
Missing character: There is no ═ (U+2550) in font [lmmono12-regular]:!
Missing character: There is no ═ (U+2550) in font [lmmono12-regular]:!
Missing character: There is no ═ (U+2550) in font [lmmono12-regular]:!
Missing character: There is no ═ (U+2550) in font [lmmono12-regular]:!
Missing character: There is no ═ (U+2550) in font [lmmono12-regular]:!
Missing character: There is no ═ (U+2550) in font [lmmono12-regular]:!
Missing character: There is no ═ (U+2550) in font [lmmono12-regular]:!
Missing character: There is no ═ (U+2550) in font [lmmono12-regular]:!
Missing character: There is no ═ (U+2550) in font [lmmono12-regular]:!
Missing character: There is no ═ (U+2550) in font [lmmono12-regular]:!
Missing character: There is no ═ (U+2550) in font [lmmono12-regular]:!
Missing character: There is no ═ (U+2550) in font [lmmono12-regular]:!
Missing character: There is no ═ (U+2550) in font [lmmono12-regular]:!
Missing character: There is no ═ (U+2550) in font [lmmono12-regular]:!
Missing character: There is no ═ (U+2550) in font [lmmono12-regular]:!
Missing character: There is no ═ (U+2550) in font [lmmono12-regular]:!
Missing character: There is no ═ (U+2550) in font [lmmono12-regular]:!
Missing character: There is no ═ (U+2550) in font [lmmono12-regular]:!
Missing character: There is no ═ (U+2550) in font [lmmono12-regular]:!
Missing character: There is no ═ (U+2550) in font [lmmono12-regular]:!
Missing character: There is no ═ (U+2550) in font [lmmono12-regular]:!
Missing character: There is no ═ (U+2550) in font [lmmono12-regular]:!
Missing character: There is no ═ (U+2550) in font [lmmono12-regular]:!
Missing character: There is no ═ (U+2550) in font [lmmono12-regular]:!
Missing character: There is no ═ (U+2550) in font [lmmono12-regular]:!
Missing character: There is no ═ (U+2550) in font [lmmono12-regular]:!
Missing character: There is no ═ (U+2550) in font [lmmono12-regular]:!
Missing character: There is no ═ (U+2550) in font [lmmono12-regular]:!
Missing character: There is no ═ (U+2550) in font [lmmono12-regular]:!
Missing character: There is no ═ (U+2550) in font [lmmono12-regular]:!
Missing character: There is no ═ (U+2550) in font [lmmono12-regular]:!
Missing character: There is no ═ (U+2550) in font [lmmono12-regular]:!
Missing character: There is no ═ (U+2550) in font [lmmono12-regular]:!
Missing character: There is no ═ (U+2550) in font [lmmono12-regular]:!
Missing character: There is no ═ (U+2550) in font [lmmono12-regular]:!
Missing character: There is no ═ (U+2550) in font [lmmono12-regular]:!
Missing character: There is no ═ (U+2550) in font [lmmono12-regular]:!
Missing character: There is no ═ (U+2550) in font [lmmono12-regular]:!
Missing character: There is no ═ (U+2550) in font [lmmono12-regular]:!
Missing character: There is no ═ (U+2550) in font [lmmono12-regular]:!
Missing character: There is no ═ (U+2550) in font [lmmono12-regular]:!
Missing character: There is no ═ (U+2550) in font [lmmono12-regular]:!
Missing character: There is no ═ (U+2550) in font [lmmono12-regular]:!
Missing character: There is no ═ (U+2550) in font [lmmono12-regular]:!
Missing character: There is no ═ (U+2550) in font [lmmono12-regular]:!
Missing character: There is no ═ (U+2550) in font [lmmono12-regular]:!
Missing character: There is no ═ (U+2550) in font [lmmono12-regular]:!
Missing character: There is no ═ (U+2550) in font [lmmono12-regular]:!
Missing character: There is no ═ (U+2550) in font [lmmono12-regular]:!
Missing character: There is no ═ (U+2550) in font [lmmono12-regular]:!
Missing character: There is no ═ (U+2550) in font [lmmono12-regular]:!
Missing character: There is no ═ (U+2550) in font [lmmono12-regular]:!
Missing character: There is no ═ (U+2550) in font [lmmono12-regular]:!
Missing character: There is no ═ (U+2550) in font [lmmono12-regular]:!
Missing character: There is no ═ (U+2550) in font [lmmono12-regular]:!
Missing character: There is no ═ (U+2550) in font [lmmono12-regular]:!
Missing character: There is no ═ (U+2550) in font [lmmono12-regular]:!
Missing character: There is no ═ (U+2550) in font [lmmono12-regular]:!
Missing character: There is no ═ (U+2550) in font [lmmono12-regular]:!
Missing character: There is no ═ (U+2550) in font [lmmono12-regular]:!
Missing character: There is no ═ (U+2550) in font [lmmono12-regular]:!
Missing character: There is no ═ (U+2550) in font [lmmono12-regular]:!
Missing character: There is no ═ (U+2550) in font [lmmono12-regular]:!
Missing character: There is no ═ (U+2550) in font [lmmono12-regular]:!
Missing character: There is no ═ (U+2550) in font [lmmono12-regular]:!
Missing character: There is no ═ (U+2550) in font [lmmono12-regular]:!
Missing character: There is no ═ (U+2550) in font [lmmono12-regular]:!
Missing character: There is no ═ (U+2550) in font [lmmono12-regular]:!
Missing character: There is no ═ (U+2550) in font [lmmono12-regular]:!
Missing character: There is no ═ (U+2550) in font [lmmono12-regular]:!
Missing character: There is no ═ (U+2550) in font [lmmono12-regular]:!
Missing character: There is no ═ (U+2550) in font [lmmono12-regular]:!
Missing character: There is no ═ (U+2550) in font [lmmono12-regular]:!
Missing character: There is no ═ (U+2550) in font [lmmono12-regular]:!
Missing character: There is no ═ (U+2550) in font [lmmono12-regular]:!
Missing character: There is no ═ (U+2550) in font [lmmono12-regular]:!
Missing character: There is no ═ (U+2550) in font [lmmono12-regular]:!
Missing character: There is no ═ (U+2550) in font [lmmono12-regular]:!
Missing character: There is no ═ (U+2550) in font [lmmono12-regular]:!
Missing character: There is no ═ (U+2550) in font [lmmono12-regular]:!
Missing character: There is no ═ (U+2550) in font [lmmono12-regular]:!
Missing character: There is no ═ (U+2550) in font [lmmono12-regular]:!
Missing character: There is no ═ (U+2550) in font [lmmono12-regular]:!
Missing character: There is no ═ (U+2550) in font [lmmono12-regular]:!
Missing character: There is no ═ (U+2550) in font [lmmono12-regular]:!
Missing character: There is no ═ (U+2550) in font [lmmono12-regular]:!
Missing character: There is no ═ (U+2550) in font [lmmono12-regular]:!
Missing character: There is no ═ (U+2550) in font [lmmono12-regular]:!
Missing character: There is no ═ (U+2550) in font [lmmono12-regular]:!
Missing character: There is no ═ (U+2550) in font [lmmono12-regular]:!
Missing character: There is no ═ (U+2550) in font [lmmono12-regular]:!
Missing character: There is no ═ (U+2550) in font [lmmono12-regular]:!
Missing character: There is no ═ (U+2550) in font [lmmono12-regular]:!
Missing character: There is no ═ (U+2550) in font [lmmono12-regular]:!
Missing character: There is no ═ (U+2550) in font [lmmono12-regular]:!
Missing character: There is no ═ (U+2550) in font [lmmono12-regular]:!
Missing character: There is no ═ (U+2550) in font [lmmono12-regular]:!
Missing character: There is no ═ (U+2550) in font [lmmono12-regular]:!
Missing character: There is no ═ (U+2550) in font [lmmono12-regular]:!
Missing character: There is no ═ (U+2550) in font [lmmono12-regular]:!
Missing character: There is no ═ (U+2550) in font [lmmono12-regular]:!
Missing character: There is no ═ (U+2550) in font [lmmono12-regular]:!
Missing character: There is no ═ (U+2550) in font [lmmono12-regular]:!
Missing character: There is no ═ (U+2550) in font [lmmono12-regular]:!
Missing character: There is no ═ (U+2550) in font [lmmono12-regular]:!
Missing character: There is no ═ (U+2550) in font [lmmono12-regular]:!
Missing character: There is no ═ (U+2550) in font [lmmono12-regular]:!
Missing character: There is no ═ (U+2550) in font [lmmono12-regular]:!
Missing character: There is no ═ (U+2550) in font [lmmono12-regular]:!
Missing character: There is no ═ (U+2550) in font [lmmono12-regular]:!
Missing character: There is no ═ (U+2550) in font [lmmono12-regular]:!
Missing character: There is no ═ (U+2550) in font [lmmono12-regular]:!
Missing character: There is no ═ (U+2550) in font [lmmono12-regular]:!
Missing character: There is no ═ (U+2550) in font [lmmono12-regular]:!
Missing character: There is no ═ (U+2550) in font [lmmono12-regular]:!
Missing character: There is no ═ (U+2550) in font [lmmono12-regular]:!
Missing character: There is no ═ (U+2550) in font [lmmono12-regular]:!
Missing character: There is no ═ (U+2550) in font [lmmono12-regular]:!
Missing character: There is no ═ (U+2550) in font [lmmono12-regular]:!
Missing character: There is no ═ (U+2550) in font [lmmono12-regular]:!
Missing character: There is no ═ (U+2550) in font [lmmono12-regular]:!
Missing character: There is no ═ (U+2550) in font [lmmono12-regular]:!
Missing character: There is no ═ (U+2550) in font [lmmono12-regular]:!
Missing character: There is no ═ (U+2550) in font [lmmono12-regular]:!
Missing character: There is no ═ (U+2550) in font [lmmono12-regular]:!
Missing character: There is no ═ (U+2550) in font [lmmono12-regular]:!
Missing character: There is no ═ (U+2550) in font [lmmono12-regular]:!
Missing character: There is no ═ (U+2550) in font [lmmono12-regular]:!
Missing character: There is no ═ (U+2550) in font [lmmono12-regular]:!
Missing character: There is no ═ (U+2550) in font [lmmono12-regular]:!
Missing character: There is no ═ (U+2550) in font [lmmono12-regular]:!
Missing character: There is no ═ (U+2550) in font [lmmono12-regular]:!
Missing character: There is no ═ (U+2550) in font [lmmono12-regular]:!
Missing character: There is no ═ (U+2550) in font [lmmono12-regular]:!
Missing character: There is no ═ (U+2550) in font [lmmono12-regular]:!
Missing character: There is no ═ (U+2550) in font [lmmono12-regular]:!
Missing character: There is no ═ (U+2550) in font [lmmono12-regular]:!
Missing character: There is no ═ (U+2550) in font [lmmono12-regular]:!
Missing character: There is no ═ (U+2550) in font [lmmono12-regular]:!
Missing character: There is no ═ (U+2550) in font [lmmono12-regular]:!
Missing character: There is no ═ (U+2550) in font [lmmono12-regular]:!
Missing character: There is no ═ (U+2550) in font [lmmono12-regular]:!
Missing character: There is no ═ (U+2550) in font [lmmono12-regular]:!
Missing character: There is no ═ (U+2550) in font [lmmono12-regular]:!
File: cap20-InferenciaSobreUmaMediaPop_files/figure-pdf/unnamed-chunk-3-1.pdf Graphic file (type pdf)
<use cap20-InferenciaSobreUmaMediaPop_files/figure-pdf/unnamed-chunk-3-1.pdf>
File: cap20-InferenciaSobreUmaMediaPop_files/figure-pdf/unnamed-chunk-3-2.pdf Graphic file (type pdf)
<use cap20-InferenciaSobreUmaMediaPop_files/figure-pdf/unnamed-chunk-3-2.pdf>
File: cap20-InferenciaSobreUmaMediaPop_files/figure-pdf/unnamed-chunk-3-3.pdf Graphic file (type pdf)
<use cap20-InferenciaSobreUmaMediaPop_files/figure-pdf/unnamed-chunk-3-3.pdf>

Package fancyhdr Warning: \headheight is too small (18.125pt): 
(fancyhdr)                Make it at least 27.29926pt, for example:
(fancyhdr)                \setlength{\headheight}{27.29926pt}.
(fancyhdr)                You might also make \topmargin smaller:
(fancyhdr)                \addtolength{\topmargin}{-9.17426pt}.

[417]
File: cap20-InferenciaSobreUmaMediaPop_files/figure-pdf/unnamed-chunk-3-4.pdf Graphic file (type pdf)
<use cap20-InferenciaSobreUmaMediaPop_files/figure-pdf/unnamed-chunk-3-4.pdf>

Package fancyhdr Warning: \headheight is too small (18.125pt): 
(fancyhdr)                Make it at least 27.29926pt, for example:
(fancyhdr)                \setlength{\headheight}{27.29926pt}.
(fancyhdr)                You might also make \topmargin smaller:
(fancyhdr)                \addtolength{\topmargin}{-9.17426pt}.

[418]
Missing character: There is no ⍺ (U+237A) in font Liberation Serif/OT:script=latn;language=dflt;mapping=tex-text;!
Missing character: There is no α (U+03B1) in font [lmmono12-regular]:!
Missing character: There is no α (U+03B1) in font [lmmono12-regular]:!
Missing character: There is no ₀ (U+2080) in font [lmmono12-regular]:!
Missing character: There is no μ (U+03BC) in font [lmmono12-regular]:!
Missing character: There is no α (U+03B1) in font [lmmono12-regular]:!
Missing character: There is no ₀ (U+2080) in font [lmmono12-regular]:!
Missing character: There is no μ (U+03BC) in font [lmmono12-regular]:!
Missing character: There is no α (U+03B1) in font [lmmono12-regular]:!

Package fancyhdr Warning: \headheight is too small (18.125pt): 
(fancyhdr)                Make it at least 27.29926pt, for example:
(fancyhdr)                \setlength{\headheight}{27.29926pt}.
(fancyhdr)                You might also make \topmargin smaller:
(fancyhdr)                \addtolength{\topmargin}{-9.17426pt}.

[419]
File: cap20-InferenciaSobreUmaMediaPop_files/figure-pdf/viz-teste-t-1.pdf Graphic file (type pdf)
<use cap20-InferenciaSobreUmaMediaPop_files/figure-pdf/viz-teste-t-1.pdf>

Package fancyhdr Warning: \headheight is too small (18.125pt): 
(fancyhdr)                Make it at least 27.29926pt, for example:
(fancyhdr)                \setlength{\headheight}{27.29926pt}.
(fancyhdr)                You might also make \topmargin smaller:
(fancyhdr)                \addtolength{\topmargin}{-9.17426pt}.

[420] [421] [422]
File: cap20-InferenciaSobreUmaMediaPop_files/figure-pdf/verificacao-pressupostos-1.pdf Graphic file (type pdf)
<use cap20-InferenciaSobreUmaMediaPop_files/figure-pdf/verificacao-pressupostos-1.pdf>
File: cap20-InferenciaSobreUmaMediaPop_files/figure-pdf/verificacao-pressupostos-2.pdf Graphic file (type pdf)
<use cap20-InferenciaSobreUmaMediaPop_files/figure-pdf/verificacao-pressupostos-2.pdf>
[423]
Missing character: There is no ≥ (U+2265) in font [lmmono12-regular]:!
Missing character: There is no ≥ (U+2265) in font [lmmono12-regular]:!
Missing character: There is no ≤ (U+2264) in font [lmmono12-regular]:!
Missing character: There is no ≤ (U+2264) in font [lmmono12-regular]:!
Missing character: There is no ≥ (U+2265) in font [lmmono12-regular]:!
Missing character: There is no ≥ (U+2265) in font [lmmono12-regular]:!
Missing character: There is no ≥ (U+2265) in font [lmmono12-regular]:!
[424]
Missing character: There is no ≤ (U+2264) in font [lmmono12-regular]:!
Missing character: There is no ≥ (U+2265) in font [lmmono12-regular]:!
Missing character: There is no ≈ (U+2248) in font [lmmono12-regular]:!
Missing character: There is no ≈ (U+2248) in font [lmmono12-regular]:!
Missing character: There is no ≥ (U+2265) in font [lmmono12-regular]:!
Missing character: There is no ≥ (U+2265) in font [lmmono12-regular]:!

Package fancyhdr Warning: \headheight is too small (18.125pt): 
(fancyhdr)                Make it at least 27.29926pt, for example:
(fancyhdr)                \setlength{\headheight}{27.29926pt}.
(fancyhdr)                You might also make \topmargin smaller:
(fancyhdr)                \addtolength{\topmargin}{-9.17426pt}.

[425]
Missing character: There is no ≈ (U+2248) in font [lmmono12-regular]:!
Missing character: There is no ≥ (U+2265) in font [lmmono12-regular]:!

Package fancyhdr Warning: \headheight is too small (18.125pt): 
(fancyhdr)                Make it at least 27.29926pt, for example:
(fancyhdr)                \setlength{\headheight}{27.29926pt}.
(fancyhdr)                You might also make \topmargin smaller:
(fancyhdr)                \addtolength{\topmargin}{-9.17426pt}.

[426]
File: cap20-InferenciaSobreUmaMediaPop_files/figure-pdf/viz-convergencia-1.pdf Graphic file (type pdf)
<use cap20-InferenciaSobreUmaMediaPop_files/figure-pdf/viz-convergencia-1.pdf>
[427]
Overfull \hbox (67.60858pt too wide) in paragraph at lines 19664--19664
\TU/lmtt/m/n/12 ============================================================================[]|  
 []


Overfull \hbox (67.60858pt too wide) in paragraph at lines 19667--19667
\TU/lmtt/m/n/12 ============================================================================[]|  
 []


Overfull \hbox (67.60858pt too wide) in paragraph at lines 19675--19675
\TU/lmtt/m/n/12 ============================================================================[]|  
 []


Overfull \hbox (67.60858pt too wide) in paragraph at lines 19677--19677
\TU/lmtt/m/n/12 ============================================================================[]|  
 []

Missing character: There is no ═ (U+2550) in font [lmmono12-regular]:!
Missing character: There is no ═ (U+2550) in font [lmmono12-regular]:!
Missing character: There is no ═ (U+2550) in font [lmmono12-regular]:!
Missing character: There is no ═ (U+2550) in font [lmmono12-regular]:!
Missing character: There is no ═ (U+2550) in font [lmmono12-regular]:!
Missing character: There is no ═ (U+2550) in font [lmmono12-regular]:!
Missing character: There is no ═ (U+2550) in font [lmmono12-regular]:!
Missing character: There is no ═ (U+2550) in font [lmmono12-regular]:!
Missing character: There is no ═ (U+2550) in font [lmmono12-regular]:!
Missing character: There is no ═ (U+2550) in font [lmmono12-regular]:!
Missing character: There is no ═ (U+2550) in font [lmmono12-regular]:!
Missing character: There is no ═ (U+2550) in font [lmmono12-regular]:!
Missing character: There is no ═ (U+2550) in font [lmmono12-regular]:!
Missing character: There is no ═ (U+2550) in font [lmmono12-regular]:!
Missing character: There is no ═ (U+2550) in font [lmmono12-regular]:!
Missing character: There is no ═ (U+2550) in font [lmmono12-regular]:!
Missing character: There is no ═ (U+2550) in font [lmmono12-regular]:!
Missing character: There is no ═ (U+2550) in font [lmmono12-regular]:!
Missing character: There is no ═ (U+2550) in font [lmmono12-regular]:!
Missing character: There is no ═ (U+2550) in font [lmmono12-regular]:!
Missing character: There is no ═ (U+2550) in font [lmmono12-regular]:!
Missing character: There is no ═ (U+2550) in font [lmmono12-regular]:!
Missing character: There is no ═ (U+2550) in font [lmmono12-regular]:!
Missing character: There is no ═ (U+2550) in font [lmmono12-regular]:!
Missing character: There is no ═ (U+2550) in font [lmmono12-regular]:!
Missing character: There is no ═ (U+2550) in font [lmmono12-regular]:!
Missing character: There is no ═ (U+2550) in font [lmmono12-regular]:!
Missing character: There is no ═ (U+2550) in font [lmmono12-regular]:!
Missing character: There is no ═ (U+2550) in font [lmmono12-regular]:!
Missing character: There is no ═ (U+2550) in font [lmmono12-regular]:!
Missing character: There is no ═ (U+2550) in font [lmmono12-regular]:!
Missing character: There is no ═ (U+2550) in font [lmmono12-regular]:!
Missing character: There is no ═ (U+2550) in font [lmmono12-regular]:!
Missing character: There is no ═ (U+2550) in font [lmmono12-regular]:!
Missing character: There is no ═ (U+2550) in font [lmmono12-regular]:!
Missing character: There is no ═ (U+2550) in font [lmmono12-regular]:!
Missing character: There is no ═ (U+2550) in font [lmmono12-regular]:!
Missing character: There is no ═ (U+2550) in font [lmmono12-regular]:!
Missing character: There is no ═ (U+2550) in font [lmmono12-regular]:!
Missing character: There is no ═ (U+2550) in font [lmmono12-regular]:!
Missing character: There is no ═ (U+2550) in font [lmmono12-regular]:!
Missing character: There is no ═ (U+2550) in font [lmmono12-regular]:!
Missing character: There is no ═ (U+2550) in font [lmmono12-regular]:!
Missing character: There is no ═ (U+2550) in font [lmmono12-regular]:!
Missing character: There is no ═ (U+2550) in font [lmmono12-regular]:!
Missing character: There is no ═ (U+2550) in font [lmmono12-regular]:!
Missing character: There is no ═ (U+2550) in font [lmmono12-regular]:!
Missing character: There is no ═ (U+2550) in font [lmmono12-regular]:!
Missing character: There is no ═ (U+2550) in font [lmmono12-regular]:!
Missing character: There is no ═ (U+2550) in font [lmmono12-regular]:!
Missing character: There is no ═ (U+2550) in font [lmmono12-regular]:!
Missing character: There is no ═ (U+2550) in font [lmmono12-regular]:!
Missing character: There is no ═ (U+2550) in font [lmmono12-regular]:!
Missing character: There is no ═ (U+2550) in font [lmmono12-regular]:!
Missing character: There is no ═ (U+2550) in font [lmmono12-regular]:!
Missing character: There is no ═ (U+2550) in font [lmmono12-regular]:!
Missing character: There is no ═ (U+2550) in font [lmmono12-regular]:!
Missing character: There is no ═ (U+2550) in font [lmmono12-regular]:!
Missing character: There is no ═ (U+2550) in font [lmmono12-regular]:!
Missing character: There is no ═ (U+2550) in font [lmmono12-regular]:!
Missing character: There is no ═ (U+2550) in font [lmmono12-regular]:!
Missing character: There is no ═ (U+2550) in font [lmmono12-regular]:!
Missing character: There is no ═ (U+2550) in font [lmmono12-regular]:!
Missing character: There is no ═ (U+2550) in font [lmmono12-regular]:!
Missing character: There is no ═ (U+2550) in font [lmmono12-regular]:!
Missing character: There is no ═ (U+2550) in font [lmmono12-regular]:!
Missing character: There is no ═ (U+2550) in font [lmmono12-regular]:!
Missing character: There is no ═ (U+2550) in font [lmmono12-regular]:!
Missing character: There is no ═ (U+2550) in font [lmmono12-regular]:!
Missing character: There is no ═ (U+2550) in font [lmmono12-regular]:!
Missing character: There is no ═ (U+2550) in font [lmmono12-regular]:!
Missing character: There is no ═ (U+2550) in font [lmmono12-regular]:!
Missing character: There is no ═ (U+2550) in font [lmmono12-regular]:!
Missing character: There is no ═ (U+2550) in font [lmmono12-regular]:!
Missing character: There is no ═ (U+2550) in font [lmmono12-regular]:!
Missing character: There is no ═ (U+2550) in font [lmmono12-regular]:!
Missing character: There is no ═ (U+2550) in font [lmmono12-regular]:!
Missing character: There is no ═ (U+2550) in font [lmmono12-regular]:!
Missing character: There is no ═ (U+2550) in font [lmmono12-regular]:!
Missing character: There is no ═ (U+2550) in font [lmmono12-regular]:!
Missing character: There is no ═ (U+2550) in font [lmmono12-regular]:!
Missing character: There is no ═ (U+2550) in font [lmmono12-regular]:!
Missing character: There is no ═ (U+2550) in font [lmmono12-regular]:!
Missing character: There is no ═ (U+2550) in font [lmmono12-regular]:!
Missing character: There is no ═ (U+2550) in font [lmmono12-regular]:!
Missing character: There is no ═ (U+2550) in font [lmmono12-regular]:!
Missing character: There is no ═ (U+2550) in font [lmmono12-regular]:!
Missing character: There is no ═ (U+2550) in font [lmmono12-regular]:!
Missing character: There is no ═ (U+2550) in font [lmmono12-regular]:!
Missing character: There is no ═ (U+2550) in font [lmmono12-regular]:!
Missing character: There is no ═ (U+2550) in font [lmmono12-regular]:!
Missing character: There is no ═ (U+2550) in font [lmmono12-regular]:!
Missing character: There is no ═ (U+2550) in font [lmmono12-regular]:!
Missing character: There is no ═ (U+2550) in font [lmmono12-regular]:!
Missing character: There is no ═ (U+2550) in font [lmmono12-regular]:!
Missing character: There is no ═ (U+2550) in font [lmmono12-regular]:!
Missing character: There is no ═ (U+2550) in font [lmmono12-regular]:!
Missing character: There is no ═ (U+2550) in font [lmmono12-regular]:!
Missing character: There is no ═ (U+2550) in font [lmmono12-regular]:!
Missing character: There is no ═ (U+2550) in font [lmmono12-regular]:!
Missing character: There is no ═ (U+2550) in font [lmmono12-regular]:!
Missing character: There is no ═ (U+2550) in font [lmmono12-regular]:!
Missing character: There is no ═ (U+2550) in font [lmmono12-regular]:!
Missing character: There is no ═ (U+2550) in font [lmmono12-regular]:!
Missing character: There is no ═ (U+2550) in font [lmmono12-regular]:!
Missing character: There is no ═ (U+2550) in font [lmmono12-regular]:!
Missing character: There is no ═ (U+2550) in font [lmmono12-regular]:!
Missing character: There is no ═ (U+2550) in font [lmmono12-regular]:!
Missing character: There is no ═ (U+2550) in font [lmmono12-regular]:!
Missing character: There is no ═ (U+2550) in font [lmmono12-regular]:!
Missing character: There is no ═ (U+2550) in font [lmmono12-regular]:!
Missing character: There is no ═ (U+2550) in font [lmmono12-regular]:!
Missing character: There is no ═ (U+2550) in font [lmmono12-regular]:!
Missing character: There is no ═ (U+2550) in font [lmmono12-regular]:!
Missing character: There is no ═ (U+2550) in font [lmmono12-regular]:!
Missing character: There is no ═ (U+2550) in font [lmmono12-regular]:!
Missing character: There is no ═ (U+2550) in font [lmmono12-regular]:!
Missing character: There is no ═ (U+2550) in font [lmmono12-regular]:!
Missing character: There is no ═ (U+2550) in font [lmmono12-regular]:!
Missing character: There is no ═ (U+2550) in font [lmmono12-regular]:!
Missing character: There is no ═ (U+2550) in font [lmmono12-regular]:!
Missing character: There is no ═ (U+2550) in font [lmmono12-regular]:!
Missing character: There is no ═ (U+2550) in font [lmmono12-regular]:!
Missing character: There is no ═ (U+2550) in font [lmmono12-regular]:!
Missing character: There is no ═ (U+2550) in font [lmmono12-regular]:!
Missing character: There is no ═ (U+2550) in font [lmmono12-regular]:!
Missing character: There is no ═ (U+2550) in font [lmmono12-regular]:!
Missing character: There is no ═ (U+2550) in font [lmmono12-regular]:!
Missing character: There is no ═ (U+2550) in font [lmmono12-regular]:!
Missing character: There is no ═ (U+2550) in font [lmmono12-regular]:!
Missing character: There is no ═ (U+2550) in font [lmmono12-regular]:!
Missing character: There is no ═ (U+2550) in font [lmmono12-regular]:!
Missing character: There is no ═ (U+2550) in font [lmmono12-regular]:!
Missing character: There is no ═ (U+2550) in font [lmmono12-regular]:!
Missing character: There is no ═ (U+2550) in font [lmmono12-regular]:!
Missing character: There is no ═ (U+2550) in font [lmmono12-regular]:!
Missing character: There is no ═ (U+2550) in font [lmmono12-regular]:!
Missing character: There is no ═ (U+2550) in font [lmmono12-regular]:!
Missing character: There is no ═ (U+2550) in font [lmmono12-regular]:!
Missing character: There is no ═ (U+2550) in font [lmmono12-regular]:!
Missing character: There is no ═ (U+2550) in font [lmmono12-regular]:!
Missing character: There is no ═ (U+2550) in font [lmmono12-regular]:!
Missing character: There is no ═ (U+2550) in font [lmmono12-regular]:!
Missing character: There is no ═ (U+2550) in font [lmmono12-regular]:!
Missing character: There is no ═ (U+2550) in font [lmmono12-regular]:!
Missing character: There is no ═ (U+2550) in font [lmmono12-regular]:!
Missing character: There is no ═ (U+2550) in font [lmmono12-regular]:!
Missing character: There is no ═ (U+2550) in font [lmmono12-regular]:!
Missing character: There is no ═ (U+2550) in font [lmmono12-regular]:!
Missing character: There is no ═ (U+2550) in font [lmmono12-regular]:!
Missing character: There is no ═ (U+2550) in font [lmmono12-regular]:!
Missing character: There is no ═ (U+2550) in font [lmmono12-regular]:!
Missing character: There is no ═ (U+2550) in font [lmmono12-regular]:!
Missing character: There is no ═ (U+2550) in font [lmmono12-regular]:!
Missing character: There is no ═ (U+2550) in font [lmmono12-regular]:!
Missing character: There is no ═ (U+2550) in font [lmmono12-regular]:!
Missing character: There is no ═ (U+2550) in font [lmmono12-regular]:!
Missing character: There is no ═ (U+2550) in font [lmmono12-regular]:!
Missing character: There is no ═ (U+2550) in font [lmmono12-regular]:!
Missing character: There is no ═ (U+2550) in font [lmmono12-regular]:!
Missing character: There is no ═ (U+2550) in font [lmmono12-regular]:!
Missing character: There is no ═ (U+2550) in font [lmmono12-regular]:!
Missing character: There is no ═ (U+2550) in font [lmmono12-regular]:!
Missing character: There is no ═ (U+2550) in font [lmmono12-regular]:!
Missing character: There is no ═ (U+2550) in font [lmmono12-regular]:!
Missing character: There is no ═ (U+2550) in font [lmmono12-regular]:!
Missing character: There is no ═ (U+2550) in font [lmmono12-regular]:!
Missing character: There is no ═ (U+2550) in font [lmmono12-regular]:!
Missing character: There is no ═ (U+2550) in font [lmmono12-regular]:!
Missing character: There is no ═ (U+2550) in font [lmmono12-regular]:!
Missing character: There is no ═ (U+2550) in font [lmmono12-regular]:!
Missing character: There is no ═ (U+2550) in font [lmmono12-regular]:!
Missing character: There is no ═ (U+2550) in font [lmmono12-regular]:!
Missing character: There is no ═ (U+2550) in font [lmmono12-regular]:!
Missing character: There is no ═ (U+2550) in font [lmmono12-regular]:!
Missing character: There is no ═ (U+2550) in font [lmmono12-regular]:!
Missing character: There is no ═ (U+2550) in font [lmmono12-regular]:!
Missing character: There is no ═ (U+2550) in font [lmmono12-regular]:!
Missing character: There is no ═ (U+2550) in font [lmmono12-regular]:!
Missing character: There is no ═ (U+2550) in font [lmmono12-regular]:!
Missing character: There is no ═ (U+2550) in font [lmmono12-regular]:!
Missing character: There is no ═ (U+2550) in font [lmmono12-regular]:!
Missing character: There is no ═ (U+2550) in font [lmmono12-regular]:!
Missing character: There is no ═ (U+2550) in font [lmmono12-regular]:!
Missing character: There is no ═ (U+2550) in font [lmmono12-regular]:!
Missing character: There is no ═ (U+2550) in font [lmmono12-regular]:!
Missing character: There is no ═ (U+2550) in font [lmmono12-regular]:!
Missing character: There is no ═ (U+2550) in font [lmmono12-regular]:!
Missing character: There is no ═ (U+2550) in font [lmmono12-regular]:!
Missing character: There is no ═ (U+2550) in font [lmmono12-regular]:!
Missing character: There is no ═ (U+2550) in font [lmmono12-regular]:!
Missing character: There is no ═ (U+2550) in font [lmmono12-regular]:!
Missing character: There is no ═ (U+2550) in font [lmmono12-regular]:!
Missing character: There is no ═ (U+2550) in font [lmmono12-regular]:!
Missing character: There is no ═ (U+2550) in font [lmmono12-regular]:!
Missing character: There is no ═ (U+2550) in font [lmmono12-regular]:!
Missing character: There is no ═ (U+2550) in font [lmmono12-regular]:!
Missing character: There is no ═ (U+2550) in font [lmmono12-regular]:!
Missing character: There is no ═ (U+2550) in font [lmmono12-regular]:!
Missing character: There is no ═ (U+2550) in font [lmmono12-regular]:!
Missing character: There is no ═ (U+2550) in font [lmmono12-regular]:!
Missing character: There is no ═ (U+2550) in font [lmmono12-regular]:!
Missing character: There is no ═ (U+2550) in font [lmmono12-regular]:!
Missing character: There is no ═ (U+2550) in font [lmmono12-regular]:!
Missing character: There is no ═ (U+2550) in font [lmmono12-regular]:!
Missing character: There is no ═ (U+2550) in font [lmmono12-regular]:!
Missing character: There is no ═ (U+2550) in font [lmmono12-regular]:!
Missing character: There is no ═ (U+2550) in font [lmmono12-regular]:!
Missing character: There is no ═ (U+2550) in font [lmmono12-regular]:!
Missing character: There is no ═ (U+2550) in font [lmmono12-regular]:!
Missing character: There is no ═ (U+2550) in font [lmmono12-regular]:!
Missing character: There is no ═ (U+2550) in font [lmmono12-regular]:!
Missing character: There is no ═ (U+2550) in font [lmmono12-regular]:!
Missing character: There is no ═ (U+2550) in font [lmmono12-regular]:!
Missing character: There is no ═ (U+2550) in font [lmmono12-regular]:!
Missing character: There is no ═ (U+2550) in font [lmmono12-regular]:!
Missing character: There is no ═ (U+2550) in font [lmmono12-regular]:!
Missing character: There is no ═ (U+2550) in font [lmmono12-regular]:!
Missing character: There is no ═ (U+2550) in font [lmmono12-regular]:!
Missing character: There is no ═ (U+2550) in font [lmmono12-regular]:!
Missing character: There is no ═ (U+2550) in font [lmmono12-regular]:!
Missing character: There is no ═ (U+2550) in font [lmmono12-regular]:!
Missing character: There is no ═ (U+2550) in font [lmmono12-regular]:!
Missing character: There is no ═ (U+2550) in font [lmmono12-regular]:!
Missing character: There is no ═ (U+2550) in font [lmmono12-regular]:!
Missing character: There is no ═ (U+2550) in font [lmmono12-regular]:!
Missing character: There is no ═ (U+2550) in font [lmmono12-regular]:!
Missing character: There is no ═ (U+2550) in font [lmmono12-regular]:!
Missing character: There is no ═ (U+2550) in font [lmmono12-regular]:!
Missing character: There is no ═ (U+2550) in font [lmmono12-regular]:!
Missing character: There is no ═ (U+2550) in font [lmmono12-regular]:!
Missing character: There is no ═ (U+2550) in font [lmmono12-regular]:!
Missing character: There is no ═ (U+2550) in font [lmmono12-regular]:!
Missing character: There is no ═ (U+2550) in font [lmmono12-regular]:!
Missing character: There is no ═ (U+2550) in font [lmmono12-regular]:!
Missing character: There is no ═ (U+2550) in font [lmmono12-regular]:!
Missing character: There is no ═ (U+2550) in font [lmmono12-regular]:!
Missing character: There is no ═ (U+2550) in font [lmmono12-regular]:!
Missing character: There is no ═ (U+2550) in font [lmmono12-regular]:!
Missing character: There is no ═ (U+2550) in font [lmmono12-regular]:!
Missing character: There is no ═ (U+2550) in font [lmmono12-regular]:!
Missing character: There is no ═ (U+2550) in font [lmmono12-regular]:!
Missing character: There is no ═ (U+2550) in font [lmmono12-regular]:!
Missing character: There is no ═ (U+2550) in font [lmmono12-regular]:!
Missing character: There is no ═ (U+2550) in font [lmmono12-regular]:!
Missing character: There is no ═ (U+2550) in font [lmmono12-regular]:!
Missing character: There is no ═ (U+2550) in font [lmmono12-regular]:!
Missing character: There is no ═ (U+2550) in font [lmmono12-regular]:!
Missing character: There is no ═ (U+2550) in font [lmmono12-regular]:!
Missing character: There is no ═ (U+2550) in font [lmmono12-regular]:!
Missing character: There is no ═ (U+2550) in font [lmmono12-regular]:!
Missing character: There is no ═ (U+2550) in font [lmmono12-regular]:!
Missing character: There is no ═ (U+2550) in font [lmmono12-regular]:!
Missing character: There is no ═ (U+2550) in font [lmmono12-regular]:!
Missing character: There is no ═ (U+2550) in font [lmmono12-regular]:!
Missing character: There is no ═ (U+2550) in font [lmmono12-regular]:!
Missing character: There is no ═ (U+2550) in font [lmmono12-regular]:!
Missing character: There is no ═ (U+2550) in font [lmmono12-regular]:!
Missing character: There is no ═ (U+2550) in font [lmmono12-regular]:!
Missing character: There is no ═ (U+2550) in font [lmmono12-regular]:!
Missing character: There is no ═ (U+2550) in font [lmmono12-regular]:!
Missing character: There is no ═ (U+2550) in font [lmmono12-regular]:!
Missing character: There is no ═ (U+2550) in font [lmmono12-regular]:!
Missing character: There is no ═ (U+2550) in font [lmmono12-regular]:!
Missing character: There is no ═ (U+2550) in font [lmmono12-regular]:!
Missing character: There is no ═ (U+2550) in font [lmmono12-regular]:!
Missing character: There is no ═ (U+2550) in font [lmmono12-regular]:!
Missing character: There is no ═ (U+2550) in font [lmmono12-regular]:!
Missing character: There is no ═ (U+2550) in font [lmmono12-regular]:!
Missing character: There is no ═ (U+2550) in font [lmmono12-regular]:!
Missing character: There is no ═ (U+2550) in font [lmmono12-regular]:!
Missing character: There is no ═ (U+2550) in font [lmmono12-regular]:!
Missing character: There is no ═ (U+2550) in font [lmmono12-regular]:!
Missing character: There is no ═ (U+2550) in font [lmmono12-regular]:!
Missing character: There is no ═ (U+2550) in font [lmmono12-regular]:!
Missing character: There is no ═ (U+2550) in font [lmmono12-regular]:!
Missing character: There is no ═ (U+2550) in font [lmmono12-regular]:!
Missing character: There is no ═ (U+2550) in font [lmmono12-regular]:!
Missing character: There is no ═ (U+2550) in font [lmmono12-regular]:!
Missing character: There is no ═ (U+2550) in font [lmmono12-regular]:!
Missing character: There is no ═ (U+2550) in font [lmmono12-regular]:!
Missing character: There is no ═ (U+2550) in font [lmmono12-regular]:!
Missing character: There is no ═ (U+2550) in font [lmmono12-regular]:!
Missing character: There is no ═ (U+2550) in font [lmmono12-regular]:!

Overfull \hbox (67.60858pt too wide) in paragraph at lines 19696--19696
\TU/lmtt/m/n/12 ============================================================================[]|  
 []


Overfull \hbox (67.60858pt too wide) in paragraph at lines 19698--19698
\TU/lmtt/m/n/12 ============================================================================[]|  
 []

Missing character: There is no ═ (U+2550) in font [lmmono12-regular]:!
Missing character: There is no ═ (U+2550) in font [lmmono12-regular]:!
Missing character: There is no ═ (U+2550) in font [lmmono12-regular]:!
Missing character: There is no ═ (U+2550) in font [lmmono12-regular]:!
Missing character: There is no ═ (U+2550) in font [lmmono12-regular]:!
Missing character: There is no ═ (U+2550) in font [lmmono12-regular]:!
Missing character: There is no ═ (U+2550) in font [lmmono12-regular]:!
Missing character: There is no ═ (U+2550) in font [lmmono12-regular]:!
Missing character: There is no ═ (U+2550) in font [lmmono12-regular]:!
Missing character: There is no ═ (U+2550) in font [lmmono12-regular]:!
Missing character: There is no ═ (U+2550) in font [lmmono12-regular]:!
Missing character: There is no ═ (U+2550) in font [lmmono12-regular]:!
Missing character: There is no ═ (U+2550) in font [lmmono12-regular]:!
Missing character: There is no ═ (U+2550) in font [lmmono12-regular]:!
Missing character: There is no ═ (U+2550) in font [lmmono12-regular]:!
Missing character: There is no ═ (U+2550) in font [lmmono12-regular]:!
Missing character: There is no ═ (U+2550) in font [lmmono12-regular]:!
Missing character: There is no ═ (U+2550) in font [lmmono12-regular]:!
Missing character: There is no ═ (U+2550) in font [lmmono12-regular]:!
Missing character: There is no ═ (U+2550) in font [lmmono12-regular]:!
Missing character: There is no ═ (U+2550) in font [lmmono12-regular]:!
Missing character: There is no ═ (U+2550) in font [lmmono12-regular]:!
Missing character: There is no ═ (U+2550) in font [lmmono12-regular]:!
Missing character: There is no ═ (U+2550) in font [lmmono12-regular]:!
Missing character: There is no ═ (U+2550) in font [lmmono12-regular]:!
Missing character: There is no ═ (U+2550) in font [lmmono12-regular]:!
Missing character: There is no ═ (U+2550) in font [lmmono12-regular]:!
Missing character: There is no ═ (U+2550) in font [lmmono12-regular]:!
Missing character: There is no ═ (U+2550) in font [lmmono12-regular]:!
Missing character: There is no ═ (U+2550) in font [lmmono12-regular]:!
Missing character: There is no ═ (U+2550) in font [lmmono12-regular]:!
Missing character: There is no ═ (U+2550) in font [lmmono12-regular]:!
Missing character: There is no ═ (U+2550) in font [lmmono12-regular]:!
Missing character: There is no ═ (U+2550) in font [lmmono12-regular]:!
Missing character: There is no ═ (U+2550) in font [lmmono12-regular]:!
Missing character: There is no ═ (U+2550) in font [lmmono12-regular]:!
Missing character: There is no ═ (U+2550) in font [lmmono12-regular]:!
Missing character: There is no ═ (U+2550) in font [lmmono12-regular]:!
Missing character: There is no ═ (U+2550) in font [lmmono12-regular]:!
Missing character: There is no ═ (U+2550) in font [lmmono12-regular]:!
Missing character: There is no ═ (U+2550) in font [lmmono12-regular]:!
Missing character: There is no ═ (U+2550) in font [lmmono12-regular]:!
Missing character: There is no ═ (U+2550) in font [lmmono12-regular]:!
Missing character: There is no ═ (U+2550) in font [lmmono12-regular]:!
Missing character: There is no ═ (U+2550) in font [lmmono12-regular]:!
Missing character: There is no ═ (U+2550) in font [lmmono12-regular]:!
Missing character: There is no ═ (U+2550) in font [lmmono12-regular]:!
Missing character: There is no ═ (U+2550) in font [lmmono12-regular]:!
Missing character: There is no ═ (U+2550) in font [lmmono12-regular]:!
Missing character: There is no ═ (U+2550) in font [lmmono12-regular]:!
Missing character: There is no ═ (U+2550) in font [lmmono12-regular]:!
Missing character: There is no ═ (U+2550) in font [lmmono12-regular]:!
Missing character: There is no ═ (U+2550) in font [lmmono12-regular]:!
Missing character: There is no ═ (U+2550) in font [lmmono12-regular]:!
Missing character: There is no ═ (U+2550) in font [lmmono12-regular]:!
Missing character: There is no ═ (U+2550) in font [lmmono12-regular]:!
Missing character: There is no ═ (U+2550) in font [lmmono12-regular]:!
Missing character: There is no ═ (U+2550) in font [lmmono12-regular]:!
Missing character: There is no ═ (U+2550) in font [lmmono12-regular]:!
Missing character: There is no ═ (U+2550) in font [lmmono12-regular]:!
Missing character: There is no ═ (U+2550) in font [lmmono12-regular]:!
Missing character: There is no ═ (U+2550) in font [lmmono12-regular]:!
Missing character: There is no ═ (U+2550) in font [lmmono12-regular]:!
Missing character: There is no ═ (U+2550) in font [lmmono12-regular]:!
Missing character: There is no ═ (U+2550) in font [lmmono12-regular]:!
Missing character: There is no ═ (U+2550) in font [lmmono12-regular]:!
Missing character: There is no ═ (U+2550) in font [lmmono12-regular]:!
Missing character: There is no ═ (U+2550) in font [lmmono12-regular]:!
Missing character: There is no ═ (U+2550) in font [lmmono12-regular]:!
Missing character: There is no ═ (U+2550) in font [lmmono12-regular]:!
Missing character: There is no ═ (U+2550) in font [lmmono12-regular]:!
Missing character: There is no ═ (U+2550) in font [lmmono12-regular]:!
Missing character: There is no ═ (U+2550) in font [lmmono12-regular]:!
Missing character: There is no ═ (U+2550) in font [lmmono12-regular]:!
Missing character: There is no ═ (U+2550) in font [lmmono12-regular]:!
Missing character: There is no ═ (U+2550) in font [lmmono12-regular]:!
Missing character: There is no ═ (U+2550) in font [lmmono12-regular]:!
Missing character: There is no ═ (U+2550) in font [lmmono12-regular]:!
Missing character: There is no ═ (U+2550) in font [lmmono12-regular]:!
Missing character: There is no ═ (U+2550) in font [lmmono12-regular]:!
Missing character: There is no ═ (U+2550) in font [lmmono12-regular]:!
Missing character: There is no ═ (U+2550) in font [lmmono12-regular]:!
Missing character: There is no ═ (U+2550) in font [lmmono12-regular]:!
Missing character: There is no ═ (U+2550) in font [lmmono12-regular]:!
Missing character: There is no ═ (U+2550) in font [lmmono12-regular]:!
Missing character: There is no ═ (U+2550) in font [lmmono12-regular]:!
Missing character: There is no ═ (U+2550) in font [lmmono12-regular]:!
Missing character: There is no ═ (U+2550) in font [lmmono12-regular]:!
Missing character: There is no ═ (U+2550) in font [lmmono12-regular]:!
Missing character: There is no ═ (U+2550) in font [lmmono12-regular]:!
Missing character: There is no ═ (U+2550) in font [lmmono12-regular]:!
Missing character: There is no ═ (U+2550) in font [lmmono12-regular]:!
Missing character: There is no ═ (U+2550) in font [lmmono12-regular]:!
Missing character: There is no ═ (U+2550) in font [lmmono12-regular]:!
Missing character: There is no ═ (U+2550) in font [lmmono12-regular]:!
Missing character: There is no ═ (U+2550) in font [lmmono12-regular]:!
Missing character: There is no ═ (U+2550) in font [lmmono12-regular]:!
Missing character: There is no ═ (U+2550) in font [lmmono12-regular]:!
Missing character: There is no ═ (U+2550) in font [lmmono12-regular]:!
Missing character: There is no ═ (U+2550) in font [lmmono12-regular]:!
Missing character: There is no ═ (U+2550) in font [lmmono12-regular]:!
Missing character: There is no ═ (U+2550) in font [lmmono12-regular]:!
Missing character: There is no ═ (U+2550) in font [lmmono12-regular]:!
Missing character: There is no ═ (U+2550) in font [lmmono12-regular]:!
Missing character: There is no ═ (U+2550) in font [lmmono12-regular]:!
Missing character: There is no ═ (U+2550) in font [lmmono12-regular]:!
Missing character: There is no ═ (U+2550) in font [lmmono12-regular]:!
Missing character: There is no ═ (U+2550) in font [lmmono12-regular]:!
Missing character: There is no ═ (U+2550) in font [lmmono12-regular]:!
Missing character: There is no ═ (U+2550) in font [lmmono12-regular]:!
Missing character: There is no ═ (U+2550) in font [lmmono12-regular]:!
Missing character: There is no ═ (U+2550) in font [lmmono12-regular]:!
Missing character: There is no ═ (U+2550) in font [lmmono12-regular]:!
Missing character: There is no ═ (U+2550) in font [lmmono12-regular]:!
Missing character: There is no ═ (U+2550) in font [lmmono12-regular]:!
Missing character: There is no ═ (U+2550) in font [lmmono12-regular]:!
Missing character: There is no ═ (U+2550) in font [lmmono12-regular]:!
Missing character: There is no ═ (U+2550) in font [lmmono12-regular]:!
Missing character: There is no ═ (U+2550) in font [lmmono12-regular]:!
Missing character: There is no ═ (U+2550) in font [lmmono12-regular]:!
Missing character: There is no ═ (U+2550) in font [lmmono12-regular]:!
Missing character: There is no ═ (U+2550) in font [lmmono12-regular]:!
Missing character: There is no ═ (U+2550) in font [lmmono12-regular]:!
Missing character: There is no ═ (U+2550) in font [lmmono12-regular]:!
Missing character: There is no ═ (U+2550) in font [lmmono12-regular]:!
Missing character: There is no ═ (U+2550) in font [lmmono12-regular]:!
Missing character: There is no ═ (U+2550) in font [lmmono12-regular]:!
Missing character: There is no ═ (U+2550) in font [lmmono12-regular]:!
Missing character: There is no ═ (U+2550) in font [lmmono12-regular]:!
Missing character: There is no ═ (U+2550) in font [lmmono12-regular]:!
Missing character: There is no ═ (U+2550) in font [lmmono12-regular]:!
Missing character: There is no ═ (U+2550) in font [lmmono12-regular]:!
Missing character: There is no ═ (U+2550) in font [lmmono12-regular]:!
Missing character: There is no ═ (U+2550) in font [lmmono12-regular]:!
Missing character: There is no ═ (U+2550) in font [lmmono12-regular]:!
Missing character: There is no ═ (U+2550) in font [lmmono12-regular]:!
Missing character: There is no ═ (U+2550) in font [lmmono12-regular]:!
Missing character: There is no ═ (U+2550) in font [lmmono12-regular]:!
Missing character: There is no ═ (U+2550) in font [lmmono12-regular]:!
Missing character: There is no ═ (U+2550) in font [lmmono12-regular]:!
Missing character: There is no ═ (U+2550) in font [lmmono12-regular]:!
Missing character: There is no ═ (U+2550) in font [lmmono12-regular]:!
Missing character: There is no ═ (U+2550) in font [lmmono12-regular]:!
Missing character: There is no ═ (U+2550) in font [lmmono12-regular]:!
Missing character: There is no ═ (U+2550) in font [lmmono12-regular]:!
Missing character: There is no ═ (U+2550) in font [lmmono12-regular]:!
Missing character: There is no ═ (U+2550) in font [lmmono12-regular]:!
Missing character: There is no ═ (U+2550) in font [lmmono12-regular]:!
Missing character: There is no ═ (U+2550) in font [lmmono12-regular]:!
Missing character: There is no ═ (U+2550) in font [lmmono12-regular]:!
Missing character: There is no ═ (U+2550) in font [lmmono12-regular]:!
Missing character: There is no ═ (U+2550) in font [lmmono12-regular]:!
Missing character: There is no ═ (U+2550) in font [lmmono12-regular]:!
Missing character: There is no ═ (U+2550) in font [lmmono12-regular]:!
Missing character: There is no ═ (U+2550) in font [lmmono12-regular]:!
Missing character: There is no ═ (U+2550) in font [lmmono12-regular]:!
Missing character: There is no ═ (U+2550) in font [lmmono12-regular]:!
Missing character: There is no ═ (U+2550) in font [lmmono12-regular]:!
Missing character: There is no ═ (U+2550) in font [lmmono12-regular]:!
Missing character: There is no ═ (U+2550) in font [lmmono12-regular]:!
Missing character: There is no ═ (U+2550) in font [lmmono12-regular]:!
Missing character: There is no ═ (U+2550) in font [lmmono12-regular]:!
Missing character: There is no ═ (U+2550) in font [lmmono12-regular]:!
Missing character: There is no ═ (U+2550) in font [lmmono12-regular]:!
Missing character: There is no ═ (U+2550) in font [lmmono12-regular]:!
Missing character: There is no ═ (U+2550) in font [lmmono12-regular]:!
Missing character: There is no ═ (U+2550) in font [lmmono12-regular]:!
Missing character: There is no ═ (U+2550) in font [lmmono12-regular]:!
Missing character: There is no ═ (U+2550) in font [lmmono12-regular]:!
Missing character: There is no ═ (U+2550) in font [lmmono12-regular]:!
Missing character: There is no ═ (U+2550) in font [lmmono12-regular]:!
Missing character: There is no ═ (U+2550) in font [lmmono12-regular]:!
Missing character: There is no ═ (U+2550) in font [lmmono12-regular]:!
Missing character: There is no ═ (U+2550) in font [lmmono12-regular]:!
Missing character: There is no ═ (U+2550) in font [lmmono12-regular]:!
Missing character: There is no ═ (U+2550) in font [lmmono12-regular]:!
Missing character: There is no ═ (U+2550) in font [lmmono12-regular]:!
Missing character: There is no ═ (U+2550) in font [lmmono12-regular]:!
Missing character: There is no ═ (U+2550) in font [lmmono12-regular]:!
Missing character: There is no ═ (U+2550) in font [lmmono12-regular]:!
Missing character: There is no ═ (U+2550) in font [lmmono12-regular]:!
Missing character: There is no ═ (U+2550) in font [lmmono12-regular]:!
Missing character: There is no ═ (U+2550) in font [lmmono12-regular]:!
Missing character: There is no ═ (U+2550) in font [lmmono12-regular]:!
Missing character: There is no ═ (U+2550) in font [lmmono12-regular]:!
Missing character: There is no ═ (U+2550) in font [lmmono12-regular]:!
Missing character: There is no ═ (U+2550) in font [lmmono12-regular]:!
Missing character: There is no ═ (U+2550) in font [lmmono12-regular]:!
Missing character: There is no ═ (U+2550) in font [lmmono12-regular]:!
Missing character: There is no ═ (U+2550) in font [lmmono12-regular]:!
Missing character: There is no ═ (U+2550) in font [lmmono12-regular]:!
Missing character: There is no ═ (U+2550) in font [lmmono12-regular]:!
Missing character: There is no ═ (U+2550) in font [lmmono12-regular]:!
Missing character: There is no ═ (U+2550) in font [lmmono12-regular]:!
Missing character: There is no ═ (U+2550) in font [lmmono12-regular]:!
Missing character: There is no ═ (U+2550) in font [lmmono12-regular]:!
Missing character: There is no ═ (U+2550) in font [lmmono12-regular]:!
Missing character: There is no ═ (U+2550) in font [lmmono12-regular]:!
Missing character: There is no ═ (U+2550) in font [lmmono12-regular]:!
Missing character: There is no ═ (U+2550) in font [lmmono12-regular]:!
Missing character: There is no ═ (U+2550) in font [lmmono12-regular]:!
Missing character: There is no ═ (U+2550) in font [lmmono12-regular]:!
Missing character: There is no ═ (U+2550) in font [lmmono12-regular]:!
Missing character: There is no ═ (U+2550) in font [lmmono12-regular]:!
Missing character: There is no ═ (U+2550) in font [lmmono12-regular]:!
Missing character: There is no ═ (U+2550) in font [lmmono12-regular]:!
Missing character: There is no ═ (U+2550) in font [lmmono12-regular]:!
Missing character: There is no ═ (U+2550) in font [lmmono12-regular]:!
Missing character: There is no ═ (U+2550) in font [lmmono12-regular]:!
Missing character: There is no ═ (U+2550) in font [lmmono12-regular]:!
Missing character: There is no ═ (U+2550) in font [lmmono12-regular]:!
Missing character: There is no ═ (U+2550) in font [lmmono12-regular]:!
Missing character: There is no ═ (U+2550) in font [lmmono12-regular]:!
Missing character: There is no ═ (U+2550) in font [lmmono12-regular]:!
Missing character: There is no ═ (U+2550) in font [lmmono12-regular]:!
Missing character: There is no ═ (U+2550) in font [lmmono12-regular]:!
Missing character: There is no ═ (U+2550) in font [lmmono12-regular]:!
Missing character: There is no ═ (U+2550) in font [lmmono12-regular]:!
Missing character: There is no ═ (U+2550) in font [lmmono12-regular]:!
Missing character: There is no ═ (U+2550) in font [lmmono12-regular]:!
Missing character: There is no ═ (U+2550) in font [lmmono12-regular]:!
Missing character: There is no ═ (U+2550) in font [lmmono12-regular]:!
Missing character: There is no ═ (U+2550) in font [lmmono12-regular]:!
Missing character: There is no ═ (U+2550) in font [lmmono12-regular]:!
Missing character: There is no ═ (U+2550) in font [lmmono12-regular]:!
Missing character: There is no ═ (U+2550) in font [lmmono12-regular]:!
Missing character: There is no ═ (U+2550) in font [lmmono12-regular]:!
Missing character: There is no ═ (U+2550) in font [lmmono12-regular]:!
Missing character: There is no ═ (U+2550) in font [lmmono12-regular]:!
Missing character: There is no ═ (U+2550) in font [lmmono12-regular]:!
Missing character: There is no ═ (U+2550) in font [lmmono12-regular]:!
Missing character: There is no ═ (U+2550) in font [lmmono12-regular]:!
Missing character: There is no ═ (U+2550) in font [lmmono12-regular]:!
Missing character: There is no ═ (U+2550) in font [lmmono12-regular]:!
Missing character: There is no ═ (U+2550) in font [lmmono12-regular]:!
Missing character: There is no ═ (U+2550) in font [lmmono12-regular]:!
Missing character: There is no ═ (U+2550) in font [lmmono12-regular]:!
Missing character: There is no ═ (U+2550) in font [lmmono12-regular]:!
Missing character: There is no ═ (U+2550) in font [lmmono12-regular]:!
Missing character: There is no ═ (U+2550) in font [lmmono12-regular]:!
Missing character: There is no ═ (U+2550) in font [lmmono12-regular]:!
Missing character: There is no ═ (U+2550) in font [lmmono12-regular]:!
Missing character: There is no ═ (U+2550) in font [lmmono12-regular]:!
Missing character: There is no ═ (U+2550) in font [lmmono12-regular]:!
Missing character: There is no ═ (U+2550) in font [lmmono12-regular]:!
Missing character: There is no ═ (U+2550) in font [lmmono12-regular]:!
Missing character: There is no ═ (U+2550) in font [lmmono12-regular]:!
Missing character: There is no ═ (U+2550) in font [lmmono12-regular]:!
Missing character: There is no ═ (U+2550) in font [lmmono12-regular]:!
Missing character: There is no ═ (U+2550) in font [lmmono12-regular]:!
Missing character: There is no ═ (U+2550) in font [lmmono12-regular]:!
Missing character: There is no ═ (U+2550) in font [lmmono12-regular]:!
Missing character: There is no ═ (U+2550) in font [lmmono12-regular]:!
Missing character: There is no ═ (U+2550) in font [lmmono12-regular]:!
Missing character: There is no ═ (U+2550) in font [lmmono12-regular]:!
Missing character: There is no ═ (U+2550) in font [lmmono12-regular]:!
Missing character: There is no ═ (U+2550) in font [lmmono12-regular]:!
Missing character: There is no ═ (U+2550) in font [lmmono12-regular]:!
Missing character: There is no ═ (U+2550) in font [lmmono12-regular]:!
Missing character: There is no ═ (U+2550) in font [lmmono12-regular]:!
Missing character: There is no ═ (U+2550) in font [lmmono12-regular]:!
Missing character: There is no ═ (U+2550) in font [lmmono12-regular]:!
Missing character: There is no ═ (U+2550) in font [lmmono12-regular]:!
Missing character: There is no ═ (U+2550) in font [lmmono12-regular]:!
Missing character: There is no ═ (U+2550) in font [lmmono12-regular]:!
Missing character: There is no ═ (U+2550) in font [lmmono12-regular]:!
Missing character: There is no ═ (U+2550) in font [lmmono12-regular]:!
Missing character: There is no ═ (U+2550) in font [lmmono12-regular]:!
Missing character: There is no ═ (U+2550) in font [lmmono12-regular]:!
Missing character: There is no ═ (U+2550) in font [lmmono12-regular]:!
Missing character: There is no ═ (U+2550) in font [lmmono12-regular]:!
Missing character: There is no ═ (U+2550) in font [lmmono12-regular]:!
Missing character: There is no ═ (U+2550) in font [lmmono12-regular]:!
Missing character: There is no ═ (U+2550) in font [lmmono12-regular]:!
Missing character: There is no ═ (U+2550) in font [lmmono12-regular]:!
Missing character: There is no ═ (U+2550) in font [lmmono12-regular]:!
Missing character: There is no ═ (U+2550) in font [lmmono12-regular]:!
Missing character: There is no ═ (U+2550) in font [lmmono12-regular]:!
Missing character: There is no ═ (U+2550) in font [lmmono12-regular]:!
Missing character: There is no ═ (U+2550) in font [lmmono12-regular]:!
Missing character: There is no ═ (U+2550) in font [lmmono12-regular]:!
Missing character: There is no ═ (U+2550) in font [lmmono12-regular]:!
Missing character: There is no ═ (U+2550) in font [lmmono12-regular]:!
Missing character: There is no ═ (U+2550) in font [lmmono12-regular]:!
Missing character: There is no μ (U+03BC) in font [lmmono12-regular]:!
Missing character: There is no μ (U+03BC) in font [lmmono12-regular]:!

Overfull \hbox (67.60858pt too wide) in paragraph at lines 19716--19716
\TU/lmtt/m/n/12 ============================================================================[]|  
 []


Overfull \hbox (67.60858pt too wide) in paragraph at lines 19718--19718
\TU/lmtt/m/n/12 ============================================================================[]|  
 []

Missing character: There is no ═ (U+2550) in font [lmmono12-regular]:!
Missing character: There is no ═ (U+2550) in font [lmmono12-regular]:!
Missing character: There is no ═ (U+2550) in font [lmmono12-regular]:!
Missing character: There is no ═ (U+2550) in font [lmmono12-regular]:!
Missing character: There is no ═ (U+2550) in font [lmmono12-regular]:!
Missing character: There is no ═ (U+2550) in font [lmmono12-regular]:!
Missing character: There is no ═ (U+2550) in font [lmmono12-regular]:!
Missing character: There is no ═ (U+2550) in font [lmmono12-regular]:!
Missing character: There is no ═ (U+2550) in font [lmmono12-regular]:!
Missing character: There is no ═ (U+2550) in font [lmmono12-regular]:!
Missing character: There is no ═ (U+2550) in font [lmmono12-regular]:!
Missing character: There is no ═ (U+2550) in font [lmmono12-regular]:!
Missing character: There is no ═ (U+2550) in font [lmmono12-regular]:!
Missing character: There is no ═ (U+2550) in font [lmmono12-regular]:!
Missing character: There is no ═ (U+2550) in font [lmmono12-regular]:!
Missing character: There is no ═ (U+2550) in font [lmmono12-regular]:!
Missing character: There is no ═ (U+2550) in font [lmmono12-regular]:!
Missing character: There is no ═ (U+2550) in font [lmmono12-regular]:!
Missing character: There is no ═ (U+2550) in font [lmmono12-regular]:!
Missing character: There is no ═ (U+2550) in font [lmmono12-regular]:!
Missing character: There is no ═ (U+2550) in font [lmmono12-regular]:!
Missing character: There is no ═ (U+2550) in font [lmmono12-regular]:!
Missing character: There is no ═ (U+2550) in font [lmmono12-regular]:!
Missing character: There is no ═ (U+2550) in font [lmmono12-regular]:!
Missing character: There is no ═ (U+2550) in font [lmmono12-regular]:!
Missing character: There is no ═ (U+2550) in font [lmmono12-regular]:!
Missing character: There is no ═ (U+2550) in font [lmmono12-regular]:!
Missing character: There is no ═ (U+2550) in font [lmmono12-regular]:!
Missing character: There is no ═ (U+2550) in font [lmmono12-regular]:!
Missing character: There is no ═ (U+2550) in font [lmmono12-regular]:!
Missing character: There is no ═ (U+2550) in font [lmmono12-regular]:!
Missing character: There is no ═ (U+2550) in font [lmmono12-regular]:!
Missing character: There is no ═ (U+2550) in font [lmmono12-regular]:!
Missing character: There is no ═ (U+2550) in font [lmmono12-regular]:!
Missing character: There is no ═ (U+2550) in font [lmmono12-regular]:!
Missing character: There is no ═ (U+2550) in font [lmmono12-regular]:!
Missing character: There is no ═ (U+2550) in font [lmmono12-regular]:!
Missing character: There is no ═ (U+2550) in font [lmmono12-regular]:!
Missing character: There is no ═ (U+2550) in font [lmmono12-regular]:!
Missing character: There is no ═ (U+2550) in font [lmmono12-regular]:!
Missing character: There is no ═ (U+2550) in font [lmmono12-regular]:!
Missing character: There is no ═ (U+2550) in font [lmmono12-regular]:!
Missing character: There is no ═ (U+2550) in font [lmmono12-regular]:!
Missing character: There is no ═ (U+2550) in font [lmmono12-regular]:!
Missing character: There is no ═ (U+2550) in font [lmmono12-regular]:!
Missing character: There is no ═ (U+2550) in font [lmmono12-regular]:!
Missing character: There is no ═ (U+2550) in font [lmmono12-regular]:!
Missing character: There is no ═ (U+2550) in font [lmmono12-regular]:!
Missing character: There is no ═ (U+2550) in font [lmmono12-regular]:!
Missing character: There is no ═ (U+2550) in font [lmmono12-regular]:!
Missing character: There is no ═ (U+2550) in font [lmmono12-regular]:!
Missing character: There is no ═ (U+2550) in font [lmmono12-regular]:!
Missing character: There is no ═ (U+2550) in font [lmmono12-regular]:!
Missing character: There is no ═ (U+2550) in font [lmmono12-regular]:!
Missing character: There is no ═ (U+2550) in font [lmmono12-regular]:!
Missing character: There is no ═ (U+2550) in font [lmmono12-regular]:!
Missing character: There is no ═ (U+2550) in font [lmmono12-regular]:!
Missing character: There is no ═ (U+2550) in font [lmmono12-regular]:!
Missing character: There is no ═ (U+2550) in font [lmmono12-regular]:!
Missing character: There is no ═ (U+2550) in font [lmmono12-regular]:!
Missing character: There is no ═ (U+2550) in font [lmmono12-regular]:!
Missing character: There is no ═ (U+2550) in font [lmmono12-regular]:!
Missing character: There is no ═ (U+2550) in font [lmmono12-regular]:!
Missing character: There is no ═ (U+2550) in font [lmmono12-regular]:!
Missing character: There is no ═ (U+2550) in font [lmmono12-regular]:!
Missing character: There is no ═ (U+2550) in font [lmmono12-regular]:!
Missing character: There is no ═ (U+2550) in font [lmmono12-regular]:!
Missing character: There is no ═ (U+2550) in font [lmmono12-regular]:!
Missing character: There is no ═ (U+2550) in font [lmmono12-regular]:!
Missing character: There is no ═ (U+2550) in font [lmmono12-regular]:!
Missing character: There is no ═ (U+2550) in font [lmmono12-regular]:!
Missing character: There is no ═ (U+2550) in font [lmmono12-regular]:!
Missing character: There is no ═ (U+2550) in font [lmmono12-regular]:!
Missing character: There is no ═ (U+2550) in font [lmmono12-regular]:!
Missing character: There is no ═ (U+2550) in font [lmmono12-regular]:!
Missing character: There is no ═ (U+2550) in font [lmmono12-regular]:!
Missing character: There is no ═ (U+2550) in font [lmmono12-regular]:!
Missing character: There is no ═ (U+2550) in font [lmmono12-regular]:!
Missing character: There is no ═ (U+2550) in font [lmmono12-regular]:!
Missing character: There is no ═ (U+2550) in font [lmmono12-regular]:!
Missing character: There is no ═ (U+2550) in font [lmmono12-regular]:!
Missing character: There is no ═ (U+2550) in font [lmmono12-regular]:!
Missing character: There is no ═ (U+2550) in font [lmmono12-regular]:!
Missing character: There is no ═ (U+2550) in font [lmmono12-regular]:!
Missing character: There is no ═ (U+2550) in font [lmmono12-regular]:!
Missing character: There is no ═ (U+2550) in font [lmmono12-regular]:!
Missing character: There is no ═ (U+2550) in font [lmmono12-regular]:!
Missing character: There is no ═ (U+2550) in font [lmmono12-regular]:!
Missing character: There is no ═ (U+2550) in font [lmmono12-regular]:!
Missing character: There is no ═ (U+2550) in font [lmmono12-regular]:!
Missing character: There is no ═ (U+2550) in font [lmmono12-regular]:!
Missing character: There is no ═ (U+2550) in font [lmmono12-regular]:!
Missing character: There is no ═ (U+2550) in font [lmmono12-regular]:!
Missing character: There is no ═ (U+2550) in font [lmmono12-regular]:!
Missing character: There is no ═ (U+2550) in font [lmmono12-regular]:!
Missing character: There is no ═ (U+2550) in font [lmmono12-regular]:!
Missing character: There is no ═ (U+2550) in font [lmmono12-regular]:!
Missing character: There is no ═ (U+2550) in font [lmmono12-regular]:!
Missing character: There is no ═ (U+2550) in font [lmmono12-regular]:!
Missing character: There is no ═ (U+2550) in font [lmmono12-regular]:!
Missing character: There is no ═ (U+2550) in font [lmmono12-regular]:!
Missing character: There is no ═ (U+2550) in font [lmmono12-regular]:!
Missing character: There is no ═ (U+2550) in font [lmmono12-regular]:!
Missing character: There is no ═ (U+2550) in font [lmmono12-regular]:!
Missing character: There is no ═ (U+2550) in font [lmmono12-regular]:!
Missing character: There is no ═ (U+2550) in font [lmmono12-regular]:!
Missing character: There is no ═ (U+2550) in font [lmmono12-regular]:!
Missing character: There is no ═ (U+2550) in font [lmmono12-regular]:!
Missing character: There is no ═ (U+2550) in font [lmmono12-regular]:!
Missing character: There is no ═ (U+2550) in font [lmmono12-regular]:!
Missing character: There is no ═ (U+2550) in font [lmmono12-regular]:!
Missing character: There is no ═ (U+2550) in font [lmmono12-regular]:!
Missing character: There is no ═ (U+2550) in font [lmmono12-regular]:!
Missing character: There is no ═ (U+2550) in font [lmmono12-regular]:!
Missing character: There is no ═ (U+2550) in font [lmmono12-regular]:!
Missing character: There is no ═ (U+2550) in font [lmmono12-regular]:!
Missing character: There is no ═ (U+2550) in font [lmmono12-regular]:!
Missing character: There is no ═ (U+2550) in font [lmmono12-regular]:!
Missing character: There is no ═ (U+2550) in font [lmmono12-regular]:!
Missing character: There is no ═ (U+2550) in font [lmmono12-regular]:!
Missing character: There is no ═ (U+2550) in font [lmmono12-regular]:!
Missing character: There is no ═ (U+2550) in font [lmmono12-regular]:!
Missing character: There is no ═ (U+2550) in font [lmmono12-regular]:!
Missing character: There is no ═ (U+2550) in font [lmmono12-regular]:!
Missing character: There is no ═ (U+2550) in font [lmmono12-regular]:!
Missing character: There is no ═ (U+2550) in font [lmmono12-regular]:!
Missing character: There is no ═ (U+2550) in font [lmmono12-regular]:!
Missing character: There is no ═ (U+2550) in font [lmmono12-regular]:!
Missing character: There is no ═ (U+2550) in font [lmmono12-regular]:!
Missing character: There is no ═ (U+2550) in font [lmmono12-regular]:!
Missing character: There is no ═ (U+2550) in font [lmmono12-regular]:!
Missing character: There is no ═ (U+2550) in font [lmmono12-regular]:!
Missing character: There is no ═ (U+2550) in font [lmmono12-regular]:!
Missing character: There is no ═ (U+2550) in font [lmmono12-regular]:!
Missing character: There is no ═ (U+2550) in font [lmmono12-regular]:!
Missing character: There is no ═ (U+2550) in font [lmmono12-regular]:!
Missing character: There is no ═ (U+2550) in font [lmmono12-regular]:!
Missing character: There is no ═ (U+2550) in font [lmmono12-regular]:!
Missing character: There is no ═ (U+2550) in font [lmmono12-regular]:!
Missing character: There is no ═ (U+2550) in font [lmmono12-regular]:!
Missing character: There is no ═ (U+2550) in font [lmmono12-regular]:!
Missing character: There is no ═ (U+2550) in font [lmmono12-regular]:!
Missing character: There is no ═ (U+2550) in font [lmmono12-regular]:!
Missing character: There is no ═ (U+2550) in font [lmmono12-regular]:!
Missing character: There is no ═ (U+2550) in font [lmmono12-regular]:!
Missing character: There is no ═ (U+2550) in font [lmmono12-regular]:!
Missing character: There is no ═ (U+2550) in font [lmmono12-regular]:!
Missing character: There is no ═ (U+2550) in font [lmmono12-regular]:!
Missing character: There is no ═ (U+2550) in font [lmmono12-regular]:!
Missing character: There is no ═ (U+2550) in font [lmmono12-regular]:!
Missing character: There is no ═ (U+2550) in font [lmmono12-regular]:!
Missing character: There is no ═ (U+2550) in font [lmmono12-regular]:!
Missing character: There is no ═ (U+2550) in font [lmmono12-regular]:!
Missing character: There is no ═ (U+2550) in font [lmmono12-regular]:!
Missing character: There is no ═ (U+2550) in font [lmmono12-regular]:!
Missing character: There is no ═ (U+2550) in font [lmmono12-regular]:!
Missing character: There is no ═ (U+2550) in font [lmmono12-regular]:!
Missing character: There is no ═ (U+2550) in font [lmmono12-regular]:!
Missing character: There is no ═ (U+2550) in font [lmmono12-regular]:!
Missing character: There is no ═ (U+2550) in font [lmmono12-regular]:!
Missing character: There is no ═ (U+2550) in font [lmmono12-regular]:!
Missing character: There is no ═ (U+2550) in font [lmmono12-regular]:!
Missing character: There is no ═ (U+2550) in font [lmmono12-regular]:!
Missing character: There is no ═ (U+2550) in font [lmmono12-regular]:!
Missing character: There is no ═ (U+2550) in font [lmmono12-regular]:!
Missing character: There is no ═ (U+2550) in font [lmmono12-regular]:!
Missing character: There is no ═ (U+2550) in font [lmmono12-regular]:!
Missing character: There is no ═ (U+2550) in font [lmmono12-regular]:!
Missing character: There is no ═ (U+2550) in font [lmmono12-regular]:!
Missing character: There is no ═ (U+2550) in font [lmmono12-regular]:!
Missing character: There is no ═ (U+2550) in font [lmmono12-regular]:!
Missing character: There is no ═ (U+2550) in font [lmmono12-regular]:!
Missing character: There is no ═ (U+2550) in font [lmmono12-regular]:!
Missing character: There is no ═ (U+2550) in font [lmmono12-regular]:!
Missing character: There is no ═ (U+2550) in font [lmmono12-regular]:!
Missing character: There is no ═ (U+2550) in font [lmmono12-regular]:!
Missing character: There is no ═ (U+2550) in font [lmmono12-regular]:!
Missing character: There is no ═ (U+2550) in font [lmmono12-regular]:!
Missing character: There is no ═ (U+2550) in font [lmmono12-regular]:!
Missing character: There is no ═ (U+2550) in font [lmmono12-regular]:!
Missing character: There is no ═ (U+2550) in font [lmmono12-regular]:!
Missing character: There is no ═ (U+2550) in font [lmmono12-regular]:!
Missing character: There is no ═ (U+2550) in font [lmmono12-regular]:!
Missing character: There is no ═ (U+2550) in font [lmmono12-regular]:!
Missing character: There is no ═ (U+2550) in font [lmmono12-regular]:!
Missing character: There is no ═ (U+2550) in font [lmmono12-regular]:!
Missing character: There is no ═ (U+2550) in font [lmmono12-regular]:!
Missing character: There is no ═ (U+2550) in font [lmmono12-regular]:!
Missing character: There is no ═ (U+2550) in font [lmmono12-regular]:!
Missing character: There is no ═ (U+2550) in font [lmmono12-regular]:!
Missing character: There is no ═ (U+2550) in font [lmmono12-regular]:!
Missing character: There is no ═ (U+2550) in font [lmmono12-regular]:!
Missing character: There is no ═ (U+2550) in font [lmmono12-regular]:!
Missing character: There is no ═ (U+2550) in font [lmmono12-regular]:!
Missing character: There is no ═ (U+2550) in font [lmmono12-regular]:!
Missing character: There is no ═ (U+2550) in font [lmmono12-regular]:!
Missing character: There is no ═ (U+2550) in font [lmmono12-regular]:!
Missing character: There is no ═ (U+2550) in font [lmmono12-regular]:!
Missing character: There is no ═ (U+2550) in font [lmmono12-regular]:!
Missing character: There is no ═ (U+2550) in font [lmmono12-regular]:!
Missing character: There is no ═ (U+2550) in font [lmmono12-regular]:!
Missing character: There is no ═ (U+2550) in font [lmmono12-regular]:!
Missing character: There is no ═ (U+2550) in font [lmmono12-regular]:!
Missing character: There is no ═ (U+2550) in font [lmmono12-regular]:!
Missing character: There is no ═ (U+2550) in font [lmmono12-regular]:!
Missing character: There is no ═ (U+2550) in font [lmmono12-regular]:!
Missing character: There is no ═ (U+2550) in font [lmmono12-regular]:!
Missing character: There is no ═ (U+2550) in font [lmmono12-regular]:!
Missing character: There is no ═ (U+2550) in font [lmmono12-regular]:!
Missing character: There is no ═ (U+2550) in font [lmmono12-regular]:!
Missing character: There is no ═ (U+2550) in font [lmmono12-regular]:!
Missing character: There is no ═ (U+2550) in font [lmmono12-regular]:!
Missing character: There is no ═ (U+2550) in font [lmmono12-regular]:!
Missing character: There is no ═ (U+2550) in font [lmmono12-regular]:!
Missing character: There is no ═ (U+2550) in font [lmmono12-regular]:!
Missing character: There is no ═ (U+2550) in font [lmmono12-regular]:!
Missing character: There is no ═ (U+2550) in font [lmmono12-regular]:!
Missing character: There is no ═ (U+2550) in font [lmmono12-regular]:!
Missing character: There is no ═ (U+2550) in font [lmmono12-regular]:!
Missing character: There is no ═ (U+2550) in font [lmmono12-regular]:!
Missing character: There is no ═ (U+2550) in font [lmmono12-regular]:!
Missing character: There is no ═ (U+2550) in font [lmmono12-regular]:!
Missing character: There is no ═ (U+2550) in font [lmmono12-regular]:!
Missing character: There is no ═ (U+2550) in font [lmmono12-regular]:!
Missing character: There is no ═ (U+2550) in font [lmmono12-regular]:!
Missing character: There is no ═ (U+2550) in font [lmmono12-regular]:!
Missing character: There is no ═ (U+2550) in font [lmmono12-regular]:!
Missing character: There is no ═ (U+2550) in font [lmmono12-regular]:!
Missing character: There is no ═ (U+2550) in font [lmmono12-regular]:!
Missing character: There is no ═ (U+2550) in font [lmmono12-regular]:!
Missing character: There is no ═ (U+2550) in font [lmmono12-regular]:!
Missing character: There is no ═ (U+2550) in font [lmmono12-regular]:!
Missing character: There is no ═ (U+2550) in font [lmmono12-regular]:!
Missing character: There is no ═ (U+2550) in font [lmmono12-regular]:!
Missing character: There is no ═ (U+2550) in font [lmmono12-regular]:!
Missing character: There is no ═ (U+2550) in font [lmmono12-regular]:!
Missing character: There is no ═ (U+2550) in font [lmmono12-regular]:!
Missing character: There is no ═ (U+2550) in font [lmmono12-regular]:!
Missing character: There is no ═ (U+2550) in font [lmmono12-regular]:!
Missing character: There is no ═ (U+2550) in font [lmmono12-regular]:!
Missing character: There is no ═ (U+2550) in font [lmmono12-regular]:!
Missing character: There is no ═ (U+2550) in font [lmmono12-regular]:!
Missing character: There is no ═ (U+2550) in font [lmmono12-regular]:!
Missing character: There is no ═ (U+2550) in font [lmmono12-regular]:!
Missing character: There is no ═ (U+2550) in font [lmmono12-regular]:!
Missing character: There is no ═ (U+2550) in font [lmmono12-regular]:!
Missing character: There is no ═ (U+2550) in font [lmmono12-regular]:!
Missing character: There is no ═ (U+2550) in font [lmmono12-regular]:!
Missing character: There is no ═ (U+2550) in font [lmmono12-regular]:!
Missing character: There is no ═ (U+2550) in font [lmmono12-regular]:!
Missing character: There is no ═ (U+2550) in font [lmmono12-regular]:!
Missing character: There is no ═ (U+2550) in font [lmmono12-regular]:!
Missing character: There is no ═ (U+2550) in font [lmmono12-regular]:!
Missing character: There is no ═ (U+2550) in font [lmmono12-regular]:!
Missing character: There is no ═ (U+2550) in font [lmmono12-regular]:!
Missing character: There is no ═ (U+2550) in font [lmmono12-regular]:!
Missing character: There is no ═ (U+2550) in font [lmmono12-regular]:!
Missing character: There is no ═ (U+2550) in font [lmmono12-regular]:!
Missing character: There is no ═ (U+2550) in font [lmmono12-regular]:!
Missing character: There is no ═ (U+2550) in font [lmmono12-regular]:!
Missing character: There is no ═ (U+2550) in font [lmmono12-regular]:!
Missing character: There is no ═ (U+2550) in font [lmmono12-regular]:!
Missing character: There is no ═ (U+2550) in font [lmmono12-regular]:!
Missing character: There is no ═ (U+2550) in font [lmmono12-regular]:!
Missing character: There is no ═ (U+2550) in font [lmmono12-regular]:!
Missing character: There is no ═ (U+2550) in font [lmmono12-regular]:!
Missing character: There is no ═ (U+2550) in font [lmmono12-regular]:!
Missing character: There is no ═ (U+2550) in font [lmmono12-regular]:!
Missing character: There is no ═ (U+2550) in font [lmmono12-regular]:!
Missing character: There is no ═ (U+2550) in font [lmmono12-regular]:!
Missing character: There is no ═ (U+2550) in font [lmmono12-regular]:!
Missing character: There is no ═ (U+2550) in font [lmmono12-regular]:!
Missing character: There is no ═ (U+2550) in font [lmmono12-regular]:!
Missing character: There is no ═ (U+2550) in font [lmmono12-regular]:!
Missing character: There is no ═ (U+2550) in font [lmmono12-regular]:!
Missing character: There is no ═ (U+2550) in font [lmmono12-regular]:!
Missing character: There is no ═ (U+2550) in font [lmmono12-regular]:!
Missing character: There is no ═ (U+2550) in font [lmmono12-regular]:!
Missing character: There is no ═ (U+2550) in font [lmmono12-regular]:!
Missing character: There is no ═ (U+2550) in font [lmmono12-regular]:!
Missing character: There is no ═ (U+2550) in font [lmmono12-regular]:!
Missing character: There is no ═ (U+2550) in font [lmmono12-regular]:!
Missing character: There is no ═ (U+2550) in font [lmmono12-regular]:!
Missing character: There is no ═ (U+2550) in font [lmmono12-regular]:!

Overfull \hbox (67.60858pt too wide) in paragraph at lines 19736--19736
\TU/lmtt/m/n/12 ============================================================================[]|  
 []


Overfull \hbox (67.60858pt too wide) in paragraph at lines 19738--19738
\TU/lmtt/m/n/12 ============================================================================[]|  
 []


Overfull \hbox (67.60858pt too wide) in paragraph at lines 19768--19768
\TU/lmtt/m/n/12 ============================================================================[]|  
 []


Overfull \hbox (67.60858pt too wide) in paragraph at lines 19770--19770
\TU/lmtt/m/n/12 ============================================================================[]|  
 []

Missing character: There is no ═ (U+2550) in font [lmmono12-regular]:!
Missing character: There is no ═ (U+2550) in font [lmmono12-regular]:!
Missing character: There is no ═ (U+2550) in font [lmmono12-regular]:!
Missing character: There is no ═ (U+2550) in font [lmmono12-regular]:!
Missing character: There is no ═ (U+2550) in font [lmmono12-regular]:!
Missing character: There is no ═ (U+2550) in font [lmmono12-regular]:!
Missing character: There is no ═ (U+2550) in font [lmmono12-regular]:!
Missing character: There is no ═ (U+2550) in font [lmmono12-regular]:!
Missing character: There is no ═ (U+2550) in font [lmmono12-regular]:!
Missing character: There is no ═ (U+2550) in font [lmmono12-regular]:!
Missing character: There is no ═ (U+2550) in font [lmmono12-regular]:!
Missing character: There is no ═ (U+2550) in font [lmmono12-regular]:!
Missing character: There is no ═ (U+2550) in font [lmmono12-regular]:!
Missing character: There is no ═ (U+2550) in font [lmmono12-regular]:!
Missing character: There is no ═ (U+2550) in font [lmmono12-regular]:!
Missing character: There is no ═ (U+2550) in font [lmmono12-regular]:!
Missing character: There is no ═ (U+2550) in font [lmmono12-regular]:!
Missing character: There is no ═ (U+2550) in font [lmmono12-regular]:!
Missing character: There is no ═ (U+2550) in font [lmmono12-regular]:!
Missing character: There is no ═ (U+2550) in font [lmmono12-regular]:!
Missing character: There is no ═ (U+2550) in font [lmmono12-regular]:!
Missing character: There is no ═ (U+2550) in font [lmmono12-regular]:!
Missing character: There is no ═ (U+2550) in font [lmmono12-regular]:!
Missing character: There is no ═ (U+2550) in font [lmmono12-regular]:!
Missing character: There is no ═ (U+2550) in font [lmmono12-regular]:!
Missing character: There is no ═ (U+2550) in font [lmmono12-regular]:!
Missing character: There is no ═ (U+2550) in font [lmmono12-regular]:!
Missing character: There is no ═ (U+2550) in font [lmmono12-regular]:!
Missing character: There is no ═ (U+2550) in font [lmmono12-regular]:!
Missing character: There is no ═ (U+2550) in font [lmmono12-regular]:!
Missing character: There is no ═ (U+2550) in font [lmmono12-regular]:!
Missing character: There is no ═ (U+2550) in font [lmmono12-regular]:!
Missing character: There is no ═ (U+2550) in font [lmmono12-regular]:!
Missing character: There is no ═ (U+2550) in font [lmmono12-regular]:!
Missing character: There is no ═ (U+2550) in font [lmmono12-regular]:!
Missing character: There is no ═ (U+2550) in font [lmmono12-regular]:!
Missing character: There is no ═ (U+2550) in font [lmmono12-regular]:!
Missing character: There is no ═ (U+2550) in font [lmmono12-regular]:!
Missing character: There is no ═ (U+2550) in font [lmmono12-regular]:!
Missing character: There is no ═ (U+2550) in font [lmmono12-regular]:!
Missing character: There is no ═ (U+2550) in font [lmmono12-regular]:!
Missing character: There is no ═ (U+2550) in font [lmmono12-regular]:!
Missing character: There is no ═ (U+2550) in font [lmmono12-regular]:!
Missing character: There is no ═ (U+2550) in font [lmmono12-regular]:!
Missing character: There is no ═ (U+2550) in font [lmmono12-regular]:!
Missing character: There is no ═ (U+2550) in font [lmmono12-regular]:!
Missing character: There is no ═ (U+2550) in font [lmmono12-regular]:!
Missing character: There is no ═ (U+2550) in font [lmmono12-regular]:!
Missing character: There is no ═ (U+2550) in font [lmmono12-regular]:!
Missing character: There is no ═ (U+2550) in font [lmmono12-regular]:!
Missing character: There is no ═ (U+2550) in font [lmmono12-regular]:!
Missing character: There is no ═ (U+2550) in font [lmmono12-regular]:!
Missing character: There is no ═ (U+2550) in font [lmmono12-regular]:!
Missing character: There is no ═ (U+2550) in font [lmmono12-regular]:!
Missing character: There is no ═ (U+2550) in font [lmmono12-regular]:!
Missing character: There is no ═ (U+2550) in font [lmmono12-regular]:!
Missing character: There is no ═ (U+2550) in font [lmmono12-regular]:!
Missing character: There is no ═ (U+2550) in font [lmmono12-regular]:!
Missing character: There is no ═ (U+2550) in font [lmmono12-regular]:!
Missing character: There is no ═ (U+2550) in font [lmmono12-regular]:!
Missing character: There is no ═ (U+2550) in font [lmmono12-regular]:!
Missing character: There is no ═ (U+2550) in font [lmmono12-regular]:!
Missing character: There is no ═ (U+2550) in font [lmmono12-regular]:!
Missing character: There is no ═ (U+2550) in font [lmmono12-regular]:!
Missing character: There is no ═ (U+2550) in font [lmmono12-regular]:!
Missing character: There is no ═ (U+2550) in font [lmmono12-regular]:!
Missing character: There is no ═ (U+2550) in font [lmmono12-regular]:!
Missing character: There is no ═ (U+2550) in font [lmmono12-regular]:!
Missing character: There is no ═ (U+2550) in font [lmmono12-regular]:!
Missing character: There is no ═ (U+2550) in font [lmmono12-regular]:!
Missing character: There is no ═ (U+2550) in font [lmmono12-regular]:!
Missing character: There is no ═ (U+2550) in font [lmmono12-regular]:!
Missing character: There is no ═ (U+2550) in font [lmmono12-regular]:!
Missing character: There is no ═ (U+2550) in font [lmmono12-regular]:!
Missing character: There is no ═ (U+2550) in font [lmmono12-regular]:!
Missing character: There is no ═ (U+2550) in font [lmmono12-regular]:!
Missing character: There is no ═ (U+2550) in font [lmmono12-regular]:!
Missing character: There is no ═ (U+2550) in font [lmmono12-regular]:!
Missing character: There is no ═ (U+2550) in font [lmmono12-regular]:!
Missing character: There is no ═ (U+2550) in font [lmmono12-regular]:!
Missing character: There is no ═ (U+2550) in font [lmmono12-regular]:!
Missing character: There is no ═ (U+2550) in font [lmmono12-regular]:!
Missing character: There is no ═ (U+2550) in font [lmmono12-regular]:!
Missing character: There is no ═ (U+2550) in font [lmmono12-regular]:!
Missing character: There is no ═ (U+2550) in font [lmmono12-regular]:!
Missing character: There is no ═ (U+2550) in font [lmmono12-regular]:!
Missing character: There is no ═ (U+2550) in font [lmmono12-regular]:!
Missing character: There is no ═ (U+2550) in font [lmmono12-regular]:!
Missing character: There is no ═ (U+2550) in font [lmmono12-regular]:!
Missing character: There is no ═ (U+2550) in font [lmmono12-regular]:!
Missing character: There is no ═ (U+2550) in font [lmmono12-regular]:!
Missing character: There is no ═ (U+2550) in font [lmmono12-regular]:!
Missing character: There is no ═ (U+2550) in font [lmmono12-regular]:!
Missing character: There is no ═ (U+2550) in font [lmmono12-regular]:!
Missing character: There is no ═ (U+2550) in font [lmmono12-regular]:!
Missing character: There is no ═ (U+2550) in font [lmmono12-regular]:!
Missing character: There is no ═ (U+2550) in font [lmmono12-regular]:!
Missing character: There is no ═ (U+2550) in font [lmmono12-regular]:!
Missing character: There is no ═ (U+2550) in font [lmmono12-regular]:!
Missing character: There is no ═ (U+2550) in font [lmmono12-regular]:!
Missing character: There is no ═ (U+2550) in font [lmmono12-regular]:!
Missing character: There is no ═ (U+2550) in font [lmmono12-regular]:!
Missing character: There is no ═ (U+2550) in font [lmmono12-regular]:!
Missing character: There is no ═ (U+2550) in font [lmmono12-regular]:!
Missing character: There is no ═ (U+2550) in font [lmmono12-regular]:!
Missing character: There is no ═ (U+2550) in font [lmmono12-regular]:!
Missing character: There is no ═ (U+2550) in font [lmmono12-regular]:!
Missing character: There is no ═ (U+2550) in font [lmmono12-regular]:!
Missing character: There is no ═ (U+2550) in font [lmmono12-regular]:!
Missing character: There is no ═ (U+2550) in font [lmmono12-regular]:!
Missing character: There is no ═ (U+2550) in font [lmmono12-regular]:!
Missing character: There is no ═ (U+2550) in font [lmmono12-regular]:!
Missing character: There is no ═ (U+2550) in font [lmmono12-regular]:!
Missing character: There is no ═ (U+2550) in font [lmmono12-regular]:!
Missing character: There is no ═ (U+2550) in font [lmmono12-regular]:!
Missing character: There is no ═ (U+2550) in font [lmmono12-regular]:!
Missing character: There is no ═ (U+2550) in font [lmmono12-regular]:!
Missing character: There is no ═ (U+2550) in font [lmmono12-regular]:!
Missing character: There is no ═ (U+2550) in font [lmmono12-regular]:!
Missing character: There is no ═ (U+2550) in font [lmmono12-regular]:!
Missing character: There is no ═ (U+2550) in font [lmmono12-regular]:!
Missing character: There is no ═ (U+2550) in font [lmmono12-regular]:!
Missing character: There is no ═ (U+2550) in font [lmmono12-regular]:!
Missing character: There is no ═ (U+2550) in font [lmmono12-regular]:!
Missing character: There is no ═ (U+2550) in font [lmmono12-regular]:!
Missing character: There is no ═ (U+2550) in font [lmmono12-regular]:!
Missing character: There is no ═ (U+2550) in font [lmmono12-regular]:!
Missing character: There is no ═ (U+2550) in font [lmmono12-regular]:!
Missing character: There is no ═ (U+2550) in font [lmmono12-regular]:!
Missing character: There is no ═ (U+2550) in font [lmmono12-regular]:!
Missing character: There is no ═ (U+2550) in font [lmmono12-regular]:!
Missing character: There is no ═ (U+2550) in font [lmmono12-regular]:!
Missing character: There is no ═ (U+2550) in font [lmmono12-regular]:!
Missing character: There is no ═ (U+2550) in font [lmmono12-regular]:!
Missing character: There is no ═ (U+2550) in font [lmmono12-regular]:!
Missing character: There is no ═ (U+2550) in font [lmmono12-regular]:!
Missing character: There is no ═ (U+2550) in font [lmmono12-regular]:!
Missing character: There is no ═ (U+2550) in font [lmmono12-regular]:!
Missing character: There is no ═ (U+2550) in font [lmmono12-regular]:!
Missing character: There is no ═ (U+2550) in font [lmmono12-regular]:!
Missing character: There is no ═ (U+2550) in font [lmmono12-regular]:!
Missing character: There is no ═ (U+2550) in font [lmmono12-regular]:!
Missing character: There is no ═ (U+2550) in font [lmmono12-regular]:!
Missing character: There is no ═ (U+2550) in font [lmmono12-regular]:!
Missing character: There is no ═ (U+2550) in font [lmmono12-regular]:!
Missing character: There is no ═ (U+2550) in font [lmmono12-regular]:!
Missing character: There is no ═ (U+2550) in font [lmmono12-regular]:!
Missing character: There is no ═ (U+2550) in font [lmmono12-regular]:!
Missing character: There is no ═ (U+2550) in font [lmmono12-regular]:!
Missing character: There is no ═ (U+2550) in font [lmmono12-regular]:!
Missing character: There is no ═ (U+2550) in font [lmmono12-regular]:!
Missing character: There is no ═ (U+2550) in font [lmmono12-regular]:!
Missing character: There is no ═ (U+2550) in font [lmmono12-regular]:!
Missing character: There is no ═ (U+2550) in font [lmmono12-regular]:!
Missing character: There is no ═ (U+2550) in font [lmmono12-regular]:!
Missing character: There is no ═ (U+2550) in font [lmmono12-regular]:!
Missing character: There is no ═ (U+2550) in font [lmmono12-regular]:!
Missing character: There is no ═ (U+2550) in font [lmmono12-regular]:!
Missing character: There is no ═ (U+2550) in font [lmmono12-regular]:!
Missing character: There is no ═ (U+2550) in font [lmmono12-regular]:!
Missing character: There is no ═ (U+2550) in font [lmmono12-regular]:!
Missing character: There is no ═ (U+2550) in font [lmmono12-regular]:!
Missing character: There is no ═ (U+2550) in font [lmmono12-regular]:!
Missing character: There is no ═ (U+2550) in font [lmmono12-regular]:!
Missing character: There is no ═ (U+2550) in font [lmmono12-regular]:!
Missing character: There is no ═ (U+2550) in font [lmmono12-regular]:!
Missing character: There is no ═ (U+2550) in font [lmmono12-regular]:!
Missing character: There is no ═ (U+2550) in font [lmmono12-regular]:!
Missing character: There is no ═ (U+2550) in font [lmmono12-regular]:!
Missing character: There is no ═ (U+2550) in font [lmmono12-regular]:!
Missing character: There is no ═ (U+2550) in font [lmmono12-regular]:!
Missing character: There is no ═ (U+2550) in font [lmmono12-regular]:!
Missing character: There is no ═ (U+2550) in font [lmmono12-regular]:!
Missing character: There is no ═ (U+2550) in font [lmmono12-regular]:!
Missing character: There is no ═ (U+2550) in font [lmmono12-regular]:!
Missing character: There is no ═ (U+2550) in font [lmmono12-regular]:!
Missing character: There is no ═ (U+2550) in font [lmmono12-regular]:!
Missing character: There is no ═ (U+2550) in font [lmmono12-regular]:!
Missing character: There is no ═ (U+2550) in font [lmmono12-regular]:!
Missing character: There is no ═ (U+2550) in font [lmmono12-regular]:!
Missing character: There is no ═ (U+2550) in font [lmmono12-regular]:!
Missing character: There is no ═ (U+2550) in font [lmmono12-regular]:!
Missing character: There is no ═ (U+2550) in font [lmmono12-regular]:!
Missing character: There is no ═ (U+2550) in font [lmmono12-regular]:!
Missing character: There is no ═ (U+2550) in font [lmmono12-regular]:!
Missing character: There is no ═ (U+2550) in font [lmmono12-regular]:!
Missing character: There is no ═ (U+2550) in font [lmmono12-regular]:!
Missing character: There is no ═ (U+2550) in font [lmmono12-regular]:!
Missing character: There is no ═ (U+2550) in font [lmmono12-regular]:!
Missing character: There is no ═ (U+2550) in font [lmmono12-regular]:!
Missing character: There is no ═ (U+2550) in font [lmmono12-regular]:!
Missing character: There is no ═ (U+2550) in font [lmmono12-regular]:!
Missing character: There is no ═ (U+2550) in font [lmmono12-regular]:!
Missing character: There is no ═ (U+2550) in font [lmmono12-regular]:!
Missing character: There is no ═ (U+2550) in font [lmmono12-regular]:!
Missing character: There is no ═ (U+2550) in font [lmmono12-regular]:!
Missing character: There is no ═ (U+2550) in font [lmmono12-regular]:!
Missing character: There is no ═ (U+2550) in font [lmmono12-regular]:!
Missing character: There is no ═ (U+2550) in font [lmmono12-regular]:!
Missing character: There is no ═ (U+2550) in font [lmmono12-regular]:!
Missing character: There is no ═ (U+2550) in font [lmmono12-regular]:!
Missing character: There is no ═ (U+2550) in font [lmmono12-regular]:!
Missing character: There is no ═ (U+2550) in font [lmmono12-regular]:!
Missing character: There is no ═ (U+2550) in font [lmmono12-regular]:!
Missing character: There is no ═ (U+2550) in font [lmmono12-regular]:!
Missing character: There is no ═ (U+2550) in font [lmmono12-regular]:!
Missing character: There is no ═ (U+2550) in font [lmmono12-regular]:!
Missing character: There is no ═ (U+2550) in font [lmmono12-regular]:!
Missing character: There is no ═ (U+2550) in font [lmmono12-regular]:!
Missing character: There is no ═ (U+2550) in font [lmmono12-regular]:!
Missing character: There is no ═ (U+2550) in font [lmmono12-regular]:!
Missing character: There is no ═ (U+2550) in font [lmmono12-regular]:!
Missing character: There is no ═ (U+2550) in font [lmmono12-regular]:!
Missing character: There is no ═ (U+2550) in font [lmmono12-regular]:!
Missing character: There is no ═ (U+2550) in font [lmmono12-regular]:!
Missing character: There is no ═ (U+2550) in font [lmmono12-regular]:!
Missing character: There is no ═ (U+2550) in font [lmmono12-regular]:!
Missing character: There is no ═ (U+2550) in font [lmmono12-regular]:!
Missing character: There is no ═ (U+2550) in font [lmmono12-regular]:!
Missing character: There is no ═ (U+2550) in font [lmmono12-regular]:!
Missing character: There is no ═ (U+2550) in font [lmmono12-regular]:!
Missing character: There is no ═ (U+2550) in font [lmmono12-regular]:!
Missing character: There is no ═ (U+2550) in font [lmmono12-regular]:!
Missing character: There is no ═ (U+2550) in font [lmmono12-regular]:!
Missing character: There is no ═ (U+2550) in font [lmmono12-regular]:!
Missing character: There is no ═ (U+2550) in font [lmmono12-regular]:!
Missing character: There is no ═ (U+2550) in font [lmmono12-regular]:!
Missing character: There is no ═ (U+2550) in font [lmmono12-regular]:!
Missing character: There is no ═ (U+2550) in font [lmmono12-regular]:!
Missing character: There is no ═ (U+2550) in font [lmmono12-regular]:!
Missing character: There is no ═ (U+2550) in font [lmmono12-regular]:!
Missing character: There is no ═ (U+2550) in font [lmmono12-regular]:!
Missing character: There is no ═ (U+2550) in font [lmmono12-regular]:!
Missing character: There is no ═ (U+2550) in font [lmmono12-regular]:!
Missing character: There is no ═ (U+2550) in font [lmmono12-regular]:!
Missing character: There is no ═ (U+2550) in font [lmmono12-regular]:!
Missing character: There is no ═ (U+2550) in font [lmmono12-regular]:!
Missing character: There is no ═ (U+2550) in font [lmmono12-regular]:!
Missing character: There is no ═ (U+2550) in font [lmmono12-regular]:!
Missing character: There is no ═ (U+2550) in font [lmmono12-regular]:!
Missing character: There is no ═ (U+2550) in font [lmmono12-regular]:!
Missing character: There is no ═ (U+2550) in font [lmmono12-regular]:!
Missing character: There is no ═ (U+2550) in font [lmmono12-regular]:!
Missing character: There is no ═ (U+2550) in font [lmmono12-regular]:!
Missing character: There is no ═ (U+2550) in font [lmmono12-regular]:!
Missing character: There is no ═ (U+2550) in font [lmmono12-regular]:!
Missing character: There is no ═ (U+2550) in font [lmmono12-regular]:!
Missing character: There is no ═ (U+2550) in font [lmmono12-regular]:!
Missing character: There is no ═ (U+2550) in font [lmmono12-regular]:!
Missing character: There is no ═ (U+2550) in font [lmmono12-regular]:!
Missing character: There is no ═ (U+2550) in font [lmmono12-regular]:!
Missing character: There is no ═ (U+2550) in font [lmmono12-regular]:!
Missing character: There is no ═ (U+2550) in font [lmmono12-regular]:!
Missing character: There is no ═ (U+2550) in font [lmmono12-regular]:!
Missing character: There is no ═ (U+2550) in font [lmmono12-regular]:!
Missing character: There is no ═ (U+2550) in font [lmmono12-regular]:!
Missing character: There is no ═ (U+2550) in font [lmmono12-regular]:!
Missing character: There is no ═ (U+2550) in font [lmmono12-regular]:!
Missing character: There is no ═ (U+2550) in font [lmmono12-regular]:!
Missing character: There is no ═ (U+2550) in font [lmmono12-regular]:!
Missing character: There is no ═ (U+2550) in font [lmmono12-regular]:!
Missing character: There is no ═ (U+2550) in font [lmmono12-regular]:!
Missing character: There is no ═ (U+2550) in font [lmmono12-regular]:!
Missing character: There is no ═ (U+2550) in font [lmmono12-regular]:!
Missing character: There is no ═ (U+2550) in font [lmmono12-regular]:!
Missing character: There is no ═ (U+2550) in font [lmmono12-regular]:!
Missing character: There is no ═ (U+2550) in font [lmmono12-regular]:!
Missing character: There is no ═ (U+2550) in font [lmmono12-regular]:!
Missing character: There is no ═ (U+2550) in font [lmmono12-regular]:!
Missing character: There is no ═ (U+2550) in font [lmmono12-regular]:!
Missing character: There is no ═ (U+2550) in font [lmmono12-regular]:!
Missing character: There is no ═ (U+2550) in font [lmmono12-regular]:!
Missing character: There is no ═ (U+2550) in font [lmmono12-regular]:!
Missing character: There is no ═ (U+2550) in font [lmmono12-regular]:!
Missing character: There is no ═ (U+2550) in font [lmmono12-regular]:!
Missing character: There is no ═ (U+2550) in font [lmmono12-regular]:!
Missing character: There is no ═ (U+2550) in font [lmmono12-regular]:!
Missing character: There is no ═ (U+2550) in font [lmmono12-regular]:!
Missing character: There is no ═ (U+2550) in font [lmmono12-regular]:!
Missing character: There is no ═ (U+2550) in font [lmmono12-regular]:!
Missing character: There is no ═ (U+2550) in font [lmmono12-regular]:!
Missing character: There is no ═ (U+2550) in font [lmmono12-regular]:!
Missing character: There is no ═ (U+2550) in font [lmmono12-regular]:!
Missing character: There is no ═ (U+2550) in font [lmmono12-regular]:!
Missing character: There is no ✓ (U+2713) in font [lmmono12-regular]:!
Missing character: There is no ✓ (U+2713) in font [lmmono12-regular]:!
Missing character: There is no ✓ (U+2713) in font [lmmono12-regular]:!
Missing character: There is no ✓ (U+2713) in font [lmmono12-regular]:!
Missing character: There is no ₀ (U+2080) in font [lmmono12-regular]:!
Missing character: There is no ₀ (U+2080) in font [lmmono12-regular]:!
Missing character: There is no α (U+03B1) in font [lmmono12-regular]:!
Missing character: There is no α (U+03B1) in font [lmmono12-regular]:!
Missing character: There is no α (U+03B1) in font [lmmono12-regular]:!
Missing character: There is no α (U+03B1) in font [lmmono12-regular]:!
Missing character: There is no ₀ (U+2080) in font [lmmono12-regular]:!
Missing character: There is no ₀ (U+2080) in font [lmmono12-regular]:!
Missing character: There is no ₂ (U+2082) in font [lmmono12-regular]:!
Missing character: There is no ₅ (U+2085) in font [lmmono12-regular]:!
Missing character: There is no ₂ (U+2082) in font [lmmono12-regular]:!
Missing character: There is no ₃ (U+2083) in font [lmmono12-regular]:!
Missing character: There is no ₀ (U+2080) in font [lmmono12-regular]:!
Missing character: There is no ₀ (U+2080) in font [lmmono12-regular]:!
Missing character: There is no ₂ (U+2082) in font [lmmono12-regular]:!
Missing character: There is no ₅ (U+2085) in font [lmmono12-regular]:!
Missing character: There is no ₂ (U+2082) in font [lmmono12-regular]:!
Missing character: There is no ₃ (U+2083) in font [lmmono12-regular]:!

Overfull \hbox (67.60858pt too wide) in paragraph at lines 20089--20089
\TU/lmtt/m/n/12 ============================================================================[]|  
 []


Overfull \hbox (67.60858pt too wide) in paragraph at lines 20091--20091
\TU/lmtt/m/n/12 ============================================================================[]|  
 []

Missing character: There is no ═ (U+2550) in font [lmmono12-regular]:!
Missing character: There is no ═ (U+2550) in font [lmmono12-regular]:!
Missing character: There is no ═ (U+2550) in font [lmmono12-regular]:!
Missing character: There is no ═ (U+2550) in font [lmmono12-regular]:!
Missing character: There is no ═ (U+2550) in font [lmmono12-regular]:!
Missing character: There is no ═ (U+2550) in font [lmmono12-regular]:!
Missing character: There is no ═ (U+2550) in font [lmmono12-regular]:!
Missing character: There is no ═ (U+2550) in font [lmmono12-regular]:!
Missing character: There is no ═ (U+2550) in font [lmmono12-regular]:!
Missing character: There is no ═ (U+2550) in font [lmmono12-regular]:!
Missing character: There is no ═ (U+2550) in font [lmmono12-regular]:!
Missing character: There is no ═ (U+2550) in font [lmmono12-regular]:!
Missing character: There is no ═ (U+2550) in font [lmmono12-regular]:!
Missing character: There is no ═ (U+2550) in font [lmmono12-regular]:!
Missing character: There is no ═ (U+2550) in font [lmmono12-regular]:!
Missing character: There is no ═ (U+2550) in font [lmmono12-regular]:!
Missing character: There is no ═ (U+2550) in font [lmmono12-regular]:!
Missing character: There is no ═ (U+2550) in font [lmmono12-regular]:!
Missing character: There is no ═ (U+2550) in font [lmmono12-regular]:!
Missing character: There is no ═ (U+2550) in font [lmmono12-regular]:!
Missing character: There is no ═ (U+2550) in font [lmmono12-regular]:!
Missing character: There is no ═ (U+2550) in font [lmmono12-regular]:!
Missing character: There is no ═ (U+2550) in font [lmmono12-regular]:!
Missing character: There is no ═ (U+2550) in font [lmmono12-regular]:!
Missing character: There is no ═ (U+2550) in font [lmmono12-regular]:!
Missing character: There is no ═ (U+2550) in font [lmmono12-regular]:!
Missing character: There is no ═ (U+2550) in font [lmmono12-regular]:!
Missing character: There is no ═ (U+2550) in font [lmmono12-regular]:!
Missing character: There is no ═ (U+2550) in font [lmmono12-regular]:!
Missing character: There is no ═ (U+2550) in font [lmmono12-regular]:!
Missing character: There is no ═ (U+2550) in font [lmmono12-regular]:!
Missing character: There is no ═ (U+2550) in font [lmmono12-regular]:!
Missing character: There is no ═ (U+2550) in font [lmmono12-regular]:!
Missing character: There is no ═ (U+2550) in font [lmmono12-regular]:!
Missing character: There is no ═ (U+2550) in font [lmmono12-regular]:!
Missing character: There is no ═ (U+2550) in font [lmmono12-regular]:!
Missing character: There is no ═ (U+2550) in font [lmmono12-regular]:!
Missing character: There is no ═ (U+2550) in font [lmmono12-regular]:!
Missing character: There is no ═ (U+2550) in font [lmmono12-regular]:!
Missing character: There is no ═ (U+2550) in font [lmmono12-regular]:!
Missing character: There is no ═ (U+2550) in font [lmmono12-regular]:!
Missing character: There is no ═ (U+2550) in font [lmmono12-regular]:!
Missing character: There is no ═ (U+2550) in font [lmmono12-regular]:!
Missing character: There is no ═ (U+2550) in font [lmmono12-regular]:!
Missing character: There is no ═ (U+2550) in font [lmmono12-regular]:!
Missing character: There is no ═ (U+2550) in font [lmmono12-regular]:!
Missing character: There is no ═ (U+2550) in font [lmmono12-regular]:!
Missing character: There is no ═ (U+2550) in font [lmmono12-regular]:!
Missing character: There is no ═ (U+2550) in font [lmmono12-regular]:!
Missing character: There is no ═ (U+2550) in font [lmmono12-regular]:!
Missing character: There is no ═ (U+2550) in font [lmmono12-regular]:!
Missing character: There is no ═ (U+2550) in font [lmmono12-regular]:!
Missing character: There is no ═ (U+2550) in font [lmmono12-regular]:!
Missing character: There is no ═ (U+2550) in font [lmmono12-regular]:!
Missing character: There is no ═ (U+2550) in font [lmmono12-regular]:!
Missing character: There is no ═ (U+2550) in font [lmmono12-regular]:!
Missing character: There is no ═ (U+2550) in font [lmmono12-regular]:!
Missing character: There is no ═ (U+2550) in font [lmmono12-regular]:!
Missing character: There is no ═ (U+2550) in font [lmmono12-regular]:!
Missing character: There is no ═ (U+2550) in font [lmmono12-regular]:!
Missing character: There is no ═ (U+2550) in font [lmmono12-regular]:!
Missing character: There is no ═ (U+2550) in font [lmmono12-regular]:!
Missing character: There is no ═ (U+2550) in font [lmmono12-regular]:!
Missing character: There is no ═ (U+2550) in font [lmmono12-regular]:!
Missing character: There is no ═ (U+2550) in font [lmmono12-regular]:!
Missing character: There is no ═ (U+2550) in font [lmmono12-regular]:!
Missing character: There is no ═ (U+2550) in font [lmmono12-regular]:!
Missing character: There is no ═ (U+2550) in font [lmmono12-regular]:!
Missing character: There is no ═ (U+2550) in font [lmmono12-regular]:!
Missing character: There is no ═ (U+2550) in font [lmmono12-regular]:!
Missing character: There is no ═ (U+2550) in font [lmmono12-regular]:!
Missing character: There is no ═ (U+2550) in font [lmmono12-regular]:!
Missing character: There is no ═ (U+2550) in font [lmmono12-regular]:!
Missing character: There is no ═ (U+2550) in font [lmmono12-regular]:!
Missing character: There is no ═ (U+2550) in font [lmmono12-regular]:!
Missing character: There is no ═ (U+2550) in font [lmmono12-regular]:!
Missing character: There is no ═ (U+2550) in font [lmmono12-regular]:!
Missing character: There is no ═ (U+2550) in font [lmmono12-regular]:!
Missing character: There is no ═ (U+2550) in font [lmmono12-regular]:!
Missing character: There is no ═ (U+2550) in font [lmmono12-regular]:!
Missing character: There is no ═ (U+2550) in font [lmmono12-regular]:!
Missing character: There is no ═ (U+2550) in font [lmmono12-regular]:!
Missing character: There is no ═ (U+2550) in font [lmmono12-regular]:!
Missing character: There is no ═ (U+2550) in font [lmmono12-regular]:!
Missing character: There is no ═ (U+2550) in font [lmmono12-regular]:!
Missing character: There is no ═ (U+2550) in font [lmmono12-regular]:!
Missing character: There is no ═ (U+2550) in font [lmmono12-regular]:!
Missing character: There is no ═ (U+2550) in font [lmmono12-regular]:!
Missing character: There is no ═ (U+2550) in font [lmmono12-regular]:!
Missing character: There is no ═ (U+2550) in font [lmmono12-regular]:!
Missing character: There is no ═ (U+2550) in font [lmmono12-regular]:!
Missing character: There is no ═ (U+2550) in font [lmmono12-regular]:!
Missing character: There is no ═ (U+2550) in font [lmmono12-regular]:!
Missing character: There is no ═ (U+2550) in font [lmmono12-regular]:!
Missing character: There is no ═ (U+2550) in font [lmmono12-regular]:!
Missing character: There is no ═ (U+2550) in font [lmmono12-regular]:!
Missing character: There is no ═ (U+2550) in font [lmmono12-regular]:!
Missing character: There is no ═ (U+2550) in font [lmmono12-regular]:!
Missing character: There is no ═ (U+2550) in font [lmmono12-regular]:!
Missing character: There is no ═ (U+2550) in font [lmmono12-regular]:!
Missing character: There is no ═ (U+2550) in font [lmmono12-regular]:!
Missing character: There is no ═ (U+2550) in font [lmmono12-regular]:!
Missing character: There is no ═ (U+2550) in font [lmmono12-regular]:!
Missing character: There is no ═ (U+2550) in font [lmmono12-regular]:!
Missing character: There is no ═ (U+2550) in font [lmmono12-regular]:!
Missing character: There is no ═ (U+2550) in font [lmmono12-regular]:!
Missing character: There is no ═ (U+2550) in font [lmmono12-regular]:!
Missing character: There is no ═ (U+2550) in font [lmmono12-regular]:!
Missing character: There is no ═ (U+2550) in font [lmmono12-regular]:!
Missing character: There is no ═ (U+2550) in font [lmmono12-regular]:!
Missing character: There is no ═ (U+2550) in font [lmmono12-regular]:!
Missing character: There is no ═ (U+2550) in font [lmmono12-regular]:!
Missing character: There is no ═ (U+2550) in font [lmmono12-regular]:!
Missing character: There is no ═ (U+2550) in font [lmmono12-regular]:!
Missing character: There is no ═ (U+2550) in font [lmmono12-regular]:!
Missing character: There is no ═ (U+2550) in font [lmmono12-regular]:!
Missing character: There is no ═ (U+2550) in font [lmmono12-regular]:!
Missing character: There is no ═ (U+2550) in font [lmmono12-regular]:!
Missing character: There is no ═ (U+2550) in font [lmmono12-regular]:!
Missing character: There is no ═ (U+2550) in font [lmmono12-regular]:!
Missing character: There is no ═ (U+2550) in font [lmmono12-regular]:!
Missing character: There is no ═ (U+2550) in font [lmmono12-regular]:!
Missing character: There is no ═ (U+2550) in font [lmmono12-regular]:!
Missing character: There is no ═ (U+2550) in font [lmmono12-regular]:!
Missing character: There is no ═ (U+2550) in font [lmmono12-regular]:!
Missing character: There is no ═ (U+2550) in font [lmmono12-regular]:!
Missing character: There is no ═ (U+2550) in font [lmmono12-regular]:!
Missing character: There is no ═ (U+2550) in font [lmmono12-regular]:!
Missing character: There is no ═ (U+2550) in font [lmmono12-regular]:!
Missing character: There is no ═ (U+2550) in font [lmmono12-regular]:!
Missing character: There is no ═ (U+2550) in font [lmmono12-regular]:!
Missing character: There is no ═ (U+2550) in font [lmmono12-regular]:!
Missing character: There is no ═ (U+2550) in font [lmmono12-regular]:!
Missing character: There is no ═ (U+2550) in font [lmmono12-regular]:!
Missing character: There is no ═ (U+2550) in font [lmmono12-regular]:!
Missing character: There is no ═ (U+2550) in font [lmmono12-regular]:!
Missing character: There is no ═ (U+2550) in font [lmmono12-regular]:!
Missing character: There is no ═ (U+2550) in font [lmmono12-regular]:!
Missing character: There is no ═ (U+2550) in font [lmmono12-regular]:!
Missing character: There is no ═ (U+2550) in font [lmmono12-regular]:!
Missing character: There is no ═ (U+2550) in font [lmmono12-regular]:!
Missing character: There is no ═ (U+2550) in font [lmmono12-regular]:!
Missing character: There is no ═ (U+2550) in font [lmmono12-regular]:!
Missing character: There is no ═ (U+2550) in font [lmmono12-regular]:!
Missing character: There is no ═ (U+2550) in font [lmmono12-regular]:!
Missing character: There is no ═ (U+2550) in font [lmmono12-regular]:!
Missing character: There is no ═ (U+2550) in font [lmmono12-regular]:!
Missing character: There is no ═ (U+2550) in font [lmmono12-regular]:!
Missing character: There is no ═ (U+2550) in font [lmmono12-regular]:!
Missing character: There is no ═ (U+2550) in font [lmmono12-regular]:!
Missing character: There is no ═ (U+2550) in font [lmmono12-regular]:!
Missing character: There is no ═ (U+2550) in font [lmmono12-regular]:!
Missing character: There is no ═ (U+2550) in font [lmmono12-regular]:!
Missing character: There is no ═ (U+2550) in font [lmmono12-regular]:!
Missing character: There is no ═ (U+2550) in font [lmmono12-regular]:!
Missing character: There is no ═ (U+2550) in font [lmmono12-regular]:!
Missing character: There is no ═ (U+2550) in font [lmmono12-regular]:!
Missing character: There is no ═ (U+2550) in font [lmmono12-regular]:!
Missing character: There is no ═ (U+2550) in font [lmmono12-regular]:!
Missing character: There is no ═ (U+2550) in font [lmmono12-regular]:!
Missing character: There is no ═ (U+2550) in font [lmmono12-regular]:!
Missing character: There is no ═ (U+2550) in font [lmmono12-regular]:!
Missing character: There is no ═ (U+2550) in font [lmmono12-regular]:!
Missing character: There is no ═ (U+2550) in font [lmmono12-regular]:!
Missing character: There is no ═ (U+2550) in font [lmmono12-regular]:!
Missing character: There is no ═ (U+2550) in font [lmmono12-regular]:!
Missing character: There is no ═ (U+2550) in font [lmmono12-regular]:!
Missing character: There is no ═ (U+2550) in font [lmmono12-regular]:!
Missing character: There is no ═ (U+2550) in font [lmmono12-regular]:!
Missing character: There is no ═ (U+2550) in font [lmmono12-regular]:!
Missing character: There is no ═ (U+2550) in font [lmmono12-regular]:!
Missing character: There is no ═ (U+2550) in font [lmmono12-regular]:!
Missing character: There is no ═ (U+2550) in font [lmmono12-regular]:!
Missing character: There is no ═ (U+2550) in font [lmmono12-regular]:!
Missing character: There is no ═ (U+2550) in font [lmmono12-regular]:!
Missing character: There is no ═ (U+2550) in font [lmmono12-regular]:!
Missing character: There is no ═ (U+2550) in font [lmmono12-regular]:!
Missing character: There is no ═ (U+2550) in font [lmmono12-regular]:!
Missing character: There is no ═ (U+2550) in font [lmmono12-regular]:!
Missing character: There is no ═ (U+2550) in font [lmmono12-regular]:!
Missing character: There is no ═ (U+2550) in font [lmmono12-regular]:!
Missing character: There is no ═ (U+2550) in font [lmmono12-regular]:!
Missing character: There is no ═ (U+2550) in font [lmmono12-regular]:!
Missing character: There is no ═ (U+2550) in font [lmmono12-regular]:!
Missing character: There is no ═ (U+2550) in font [lmmono12-regular]:!
Missing character: There is no ═ (U+2550) in font [lmmono12-regular]:!
Missing character: There is no ═ (U+2550) in font [lmmono12-regular]:!
Missing character: There is no ═ (U+2550) in font [lmmono12-regular]:!
Missing character: There is no ═ (U+2550) in font [lmmono12-regular]:!
Missing character: There is no ═ (U+2550) in font [lmmono12-regular]:!
Missing character: There is no ═ (U+2550) in font [lmmono12-regular]:!
Missing character: There is no ═ (U+2550) in font [lmmono12-regular]:!
Missing character: There is no ═ (U+2550) in font [lmmono12-regular]:!
Missing character: There is no ═ (U+2550) in font [lmmono12-regular]:!
Missing character: There is no ═ (U+2550) in font [lmmono12-regular]:!
Missing character: There is no ═ (U+2550) in font [lmmono12-regular]:!
Missing character: There is no ═ (U+2550) in font [lmmono12-regular]:!
Missing character: There is no ═ (U+2550) in font [lmmono12-regular]:!
Missing character: There is no ═ (U+2550) in font [lmmono12-regular]:!
Missing character: There is no ═ (U+2550) in font [lmmono12-regular]:!
Missing character: There is no ═ (U+2550) in font [lmmono12-regular]:!
Missing character: There is no ═ (U+2550) in font [lmmono12-regular]:!
Missing character: There is no ═ (U+2550) in font [lmmono12-regular]:!
Missing character: There is no ═ (U+2550) in font [lmmono12-regular]:!
Missing character: There is no ═ (U+2550) in font [lmmono12-regular]:!
Missing character: There is no ═ (U+2550) in font [lmmono12-regular]:!
Missing character: There is no ═ (U+2550) in font [lmmono12-regular]:!
Missing character: There is no ═ (U+2550) in font [lmmono12-regular]:!
Missing character: There is no ═ (U+2550) in font [lmmono12-regular]:!
Missing character: There is no ═ (U+2550) in font [lmmono12-regular]:!
Missing character: There is no ═ (U+2550) in font [lmmono12-regular]:!
Missing character: There is no ═ (U+2550) in font [lmmono12-regular]:!
Missing character: There is no ═ (U+2550) in font [lmmono12-regular]:!
Missing character: There is no ═ (U+2550) in font [lmmono12-regular]:!
Missing character: There is no ═ (U+2550) in font [lmmono12-regular]:!
Missing character: There is no ═ (U+2550) in font [lmmono12-regular]:!
Missing character: There is no ═ (U+2550) in font [lmmono12-regular]:!
Missing character: There is no ═ (U+2550) in font [lmmono12-regular]:!
Missing character: There is no ═ (U+2550) in font [lmmono12-regular]:!
Missing character: There is no ═ (U+2550) in font [lmmono12-regular]:!
Missing character: There is no ═ (U+2550) in font [lmmono12-regular]:!
Missing character: There is no ═ (U+2550) in font [lmmono12-regular]:!
Missing character: There is no ═ (U+2550) in font [lmmono12-regular]:!
Missing character: There is no ═ (U+2550) in font [lmmono12-regular]:!
Missing character: There is no ═ (U+2550) in font [lmmono12-regular]:!
Missing character: There is no ═ (U+2550) in font [lmmono12-regular]:!
Missing character: There is no ═ (U+2550) in font [lmmono12-regular]:!
Missing character: There is no ═ (U+2550) in font [lmmono12-regular]:!
Missing character: There is no ═ (U+2550) in font [lmmono12-regular]:!
Missing character: There is no ═ (U+2550) in font [lmmono12-regular]:!
Missing character: There is no ═ (U+2550) in font [lmmono12-regular]:!
Missing character: There is no ═ (U+2550) in font [lmmono12-regular]:!
Missing character: There is no ═ (U+2550) in font [lmmono12-regular]:!
Missing character: There is no ═ (U+2550) in font [lmmono12-regular]:!
Missing character: There is no ═ (U+2550) in font [lmmono12-regular]:!
Missing character: There is no ═ (U+2550) in font [lmmono12-regular]:!
Missing character: There is no ═ (U+2550) in font [lmmono12-regular]:!
Missing character: There is no ═ (U+2550) in font [lmmono12-regular]:!
Missing character: There is no ═ (U+2550) in font [lmmono12-regular]:!
Missing character: There is no ═ (U+2550) in font [lmmono12-regular]:!
Missing character: There is no ═ (U+2550) in font [lmmono12-regular]:!
Missing character: There is no ═ (U+2550) in font [lmmono12-regular]:!
Missing character: There is no ═ (U+2550) in font [lmmono12-regular]:!
Missing character: There is no ═ (U+2550) in font [lmmono12-regular]:!
Missing character: There is no ═ (U+2550) in font [lmmono12-regular]:!
Missing character: There is no ═ (U+2550) in font [lmmono12-regular]:!
Missing character: There is no ═ (U+2550) in font [lmmono12-regular]:!
Missing character: There is no ═ (U+2550) in font [lmmono12-regular]:!
Missing character: There is no ═ (U+2550) in font [lmmono12-regular]:!
Missing character: There is no ═ (U+2550) in font [lmmono12-regular]:!
Missing character: There is no ═ (U+2550) in font [lmmono12-regular]:!
Missing character: There is no ═ (U+2550) in font [lmmono12-regular]:!
Missing character: There is no ═ (U+2550) in font [lmmono12-regular]:!
Missing character: There is no ═ (U+2550) in font [lmmono12-regular]:!
Missing character: There is no ═ (U+2550) in font [lmmono12-regular]:!
Missing character: There is no ═ (U+2550) in font [lmmono12-regular]:!
Missing character: There is no ═ (U+2550) in font [lmmono12-regular]:!
Missing character: There is no ═ (U+2550) in font [lmmono12-regular]:!
Missing character: There is no ═ (U+2550) in font [lmmono12-regular]:!
Missing character: There is no ═ (U+2550) in font [lmmono12-regular]:!
Missing character: There is no ═ (U+2550) in font [lmmono12-regular]:!
Missing character: There is no ═ (U+2550) in font [lmmono12-regular]:!
Missing character: There is no ═ (U+2550) in font [lmmono12-regular]:!
Missing character: There is no ═ (U+2550) in font [lmmono12-regular]:!
Missing character: There is no ═ (U+2550) in font [lmmono12-regular]:!
Missing character: There is no ═ (U+2550) in font [lmmono12-regular]:!
Missing character: There is no ═ (U+2550) in font [lmmono12-regular]:!
Missing character: There is no ═ (U+2550) in font [lmmono12-regular]:!
Missing character: There is no ═ (U+2550) in font [lmmono12-regular]:!
Missing character: There is no ═ (U+2550) in font [lmmono12-regular]:!
Missing character: There is no ═ (U+2550) in font [lmmono12-regular]:!
Missing character: There is no ═ (U+2550) in font [lmmono12-regular]:!
Missing character: There is no ═ (U+2550) in font [lmmono12-regular]:!
Missing character: There is no ═ (U+2550) in font [lmmono12-regular]:!
Missing character: There is no ═ (U+2550) in font [lmmono12-regular]:!
Missing character: There is no ═ (U+2550) in font [lmmono12-regular]:!
Missing character: There is no ═ (U+2550) in font [lmmono12-regular]:!
Missing character: There is no ═ (U+2550) in font [lmmono12-regular]:!
Missing character: There is no ═ (U+2550) in font [lmmono12-regular]:!
Missing character: There is no ═ (U+2550) in font [lmmono12-regular]:!
Missing character: There is no ═ (U+2550) in font [lmmono12-regular]:!
Missing character: There is no ═ (U+2550) in font [lmmono12-regular]:!
Missing character: There is no ═ (U+2550) in font [lmmono12-regular]:!
Missing character: There is no ═ (U+2550) in font [lmmono12-regular]:!
Missing character: There is no ✓ (U+2713) in font [lmmono12-regular]:!
Missing character: There is no ✓ (U+2713) in font [lmmono12-regular]:!
Missing character: There is no ✓ (U+2713) in font [lmmono12-regular]:!
Missing character: There is no ✓ (U+2713) in font [lmmono12-regular]:!
Missing character: There is no ✓ (U+2713) in font [lmmono12-regular]:!
Missing character: There is no ✓ (U+2713) in font [lmmono12-regular]:!
Missing character: There is no ✗ (U+2717) in font [lmmono12-regular]:!
Missing character: There is no ✗ (U+2717) in font [lmmono12-regular]:!
Missing character: There is no ✗ (U+2717) in font [lmmono12-regular]:!
Missing character: There is no ✗ (U+2717) in font [lmmono12-regular]:!
Missing character: There is no ⚠ (U+26A0) in font [lmmono12-regular]:!
Missing character: There is no ⚠ (U+26A0) in font [lmmono12-regular]:!
Missing character: There is no ⚠ (U+26A0) in font [lmmono12-regular]:!
Missing character: There is no ⚠ (U+26A0) in font [lmmono12-regular]:!
Missing character: There is no ✓ (U+2713) in font [lmmono12-regular]:!
Missing character: There is no ✓ (U+2713) in font [lmmono12-regular]:!
Missing character: There is no ⚠ (U+26A0) in font [lmmono12-regular]:!
Missing character: There is no ⚠ (U+26A0) in font [lmmono12-regular]:!
Missing character: There is no ✗ (U+2717) in font [lmmono12-regular]:!
Missing character: There is no ✗ (U+2717) in font [lmmono12-regular]:!
Missing character: There is no μ (U+03BC) in font [lmmono12-regular]:!
Missing character: There is no μ (U+03BC) in font [lmmono12-regular]:!
Missing character: There is no ═ (U+2550) in font [lmmono12-regular]:!
Missing character: There is no ═ (U+2550) in font [lmmono12-regular]:!
Missing character: There is no ═ (U+2550) in font [lmmono12-regular]:!
Missing character: There is no ═ (U+2550) in font [lmmono12-regular]:!
Missing character: There is no ═ (U+2550) in font [lmmono12-regular]:!
Missing character: There is no ═ (U+2550) in font [lmmono12-regular]:!
Missing character: There is no ═ (U+2550) in font [lmmono12-regular]:!
Missing character: There is no ═ (U+2550) in font [lmmono12-regular]:!
Missing character: There is no ═ (U+2550) in font [lmmono12-regular]:!
Missing character: There is no ═ (U+2550) in font [lmmono12-regular]:!
Missing character: There is no ═ (U+2550) in font [lmmono12-regular]:!
Missing character: There is no ═ (U+2550) in font [lmmono12-regular]:!
Missing character: There is no ═ (U+2550) in font [lmmono12-regular]:!
Missing character: There is no ═ (U+2550) in font [lmmono12-regular]:!
Missing character: There is no ═ (U+2550) in font [lmmono12-regular]:!
Missing character: There is no ═ (U+2550) in font [lmmono12-regular]:!
Missing character: There is no ═ (U+2550) in font [lmmono12-regular]:!
Missing character: There is no ═ (U+2550) in font [lmmono12-regular]:!
Missing character: There is no ═ (U+2550) in font [lmmono12-regular]:!
Missing character: There is no ═ (U+2550) in font [lmmono12-regular]:!
Missing character: There is no ═ (U+2550) in font [lmmono12-regular]:!
Missing character: There is no ═ (U+2550) in font [lmmono12-regular]:!
Missing character: There is no ═ (U+2550) in font [lmmono12-regular]:!
Missing character: There is no ═ (U+2550) in font [lmmono12-regular]:!
Missing character: There is no ═ (U+2550) in font [lmmono12-regular]:!
Missing character: There is no ═ (U+2550) in font [lmmono12-regular]:!
Missing character: There is no ═ (U+2550) in font [lmmono12-regular]:!
Missing character: There is no ═ (U+2550) in font [lmmono12-regular]:!
Missing character: There is no ═ (U+2550) in font [lmmono12-regular]:!
Missing character: There is no ═ (U+2550) in font [lmmono12-regular]:!
Missing character: There is no ═ (U+2550) in font [lmmono12-regular]:!
Missing character: There is no ═ (U+2550) in font [lmmono12-regular]:!
Missing character: There is no ═ (U+2550) in font [lmmono12-regular]:!
Missing character: There is no ═ (U+2550) in font [lmmono12-regular]:!
Missing character: There is no ═ (U+2550) in font [lmmono12-regular]:!
Missing character: There is no ═ (U+2550) in font [lmmono12-regular]:!
Missing character: There is no ═ (U+2550) in font [lmmono12-regular]:!
Missing character: There is no ═ (U+2550) in font [lmmono12-regular]:!
Missing character: There is no ═ (U+2550) in font [lmmono12-regular]:!
Missing character: There is no ═ (U+2550) in font [lmmono12-regular]:!
Missing character: There is no ═ (U+2550) in font [lmmono12-regular]:!
Missing character: There is no ═ (U+2550) in font [lmmono12-regular]:!
Missing character: There is no ═ (U+2550) in font [lmmono12-regular]:!
Missing character: There is no ═ (U+2550) in font [lmmono12-regular]:!
Missing character: There is no ═ (U+2550) in font [lmmono12-regular]:!
Missing character: There is no ═ (U+2550) in font [lmmono12-regular]:!
Missing character: There is no ═ (U+2550) in font [lmmono12-regular]:!
Missing character: There is no ═ (U+2550) in font [lmmono12-regular]:!
Missing character: There is no ═ (U+2550) in font [lmmono12-regular]:!
Missing character: There is no ═ (U+2550) in font [lmmono12-regular]:!
Missing character: There is no ═ (U+2550) in font [lmmono12-regular]:!
Missing character: There is no ═ (U+2550) in font [lmmono12-regular]:!
Missing character: There is no ═ (U+2550) in font [lmmono12-regular]:!
Missing character: There is no ═ (U+2550) in font [lmmono12-regular]:!
Missing character: There is no ═ (U+2550) in font [lmmono12-regular]:!
Missing character: There is no ═ (U+2550) in font [lmmono12-regular]:!
Missing character: There is no ═ (U+2550) in font [lmmono12-regular]:!
Missing character: There is no ═ (U+2550) in font [lmmono12-regular]:!
Missing character: There is no ═ (U+2550) in font [lmmono12-regular]:!
Missing character: There is no ═ (U+2550) in font [lmmono12-regular]:!
Missing character: There is no ═ (U+2550) in font [lmmono12-regular]:!
Missing character: There is no ═ (U+2550) in font [lmmono12-regular]:!
Missing character: There is no ═ (U+2550) in font [lmmono12-regular]:!
Missing character: There is no ═ (U+2550) in font [lmmono12-regular]:!
Missing character: There is no ═ (U+2550) in font [lmmono12-regular]:!
Missing character: There is no ═ (U+2550) in font [lmmono12-regular]:!
Missing character: There is no ═ (U+2550) in font [lmmono12-regular]:!
Missing character: There is no ═ (U+2550) in font [lmmono12-regular]:!
Missing character: There is no ═ (U+2550) in font [lmmono12-regular]:!
Missing character: There is no ═ (U+2550) in font [lmmono12-regular]:!
Missing character: There is no ═ (U+2550) in font [lmmono12-regular]:!
Missing character: There is no ═ (U+2550) in font [lmmono12-regular]:!
Missing character: There is no ═ (U+2550) in font [lmmono12-regular]:!
Missing character: There is no ═ (U+2550) in font [lmmono12-regular]:!
Missing character: There is no ═ (U+2550) in font [lmmono12-regular]:!
Missing character: There is no ═ (U+2550) in font [lmmono12-regular]:!
Missing character: There is no ═ (U+2550) in font [lmmono12-regular]:!
Missing character: There is no ═ (U+2550) in font [lmmono12-regular]:!
Missing character: There is no ═ (U+2550) in font [lmmono12-regular]:!
Missing character: There is no ═ (U+2550) in font [lmmono12-regular]:!
Missing character: There is no ═ (U+2550) in font [lmmono12-regular]:!
Missing character: There is no ═ (U+2550) in font [lmmono12-regular]:!
Missing character: There is no ═ (U+2550) in font [lmmono12-regular]:!
Missing character: There is no ═ (U+2550) in font [lmmono12-regular]:!
Missing character: There is no ═ (U+2550) in font [lmmono12-regular]:!
Missing character: There is no ═ (U+2550) in font [lmmono12-regular]:!
Missing character: There is no ═ (U+2550) in font [lmmono12-regular]:!
Missing character: There is no ═ (U+2550) in font [lmmono12-regular]:!
Missing character: There is no ═ (U+2550) in font [lmmono12-regular]:!
Missing character: There is no ═ (U+2550) in font [lmmono12-regular]:!
Missing character: There is no ═ (U+2550) in font [lmmono12-regular]:!
Missing character: There is no ═ (U+2550) in font [lmmono12-regular]:!
Missing character: There is no ═ (U+2550) in font [lmmono12-regular]:!
Missing character: There is no ═ (U+2550) in font [lmmono12-regular]:!
Missing character: There is no ═ (U+2550) in font [lmmono12-regular]:!
Missing character: There is no ═ (U+2550) in font [lmmono12-regular]:!
Missing character: There is no ═ (U+2550) in font [lmmono12-regular]:!
Missing character: There is no ═ (U+2550) in font [lmmono12-regular]:!
Missing character: There is no ═ (U+2550) in font [lmmono12-regular]:!
Missing character: There is no ═ (U+2550) in font [lmmono12-regular]:!
Missing character: There is no ═ (U+2550) in font [lmmono12-regular]:!
Missing character: There is no ═ (U+2550) in font [lmmono12-regular]:!
Missing character: There is no ═ (U+2550) in font [lmmono12-regular]:!
Missing character: There is no ═ (U+2550) in font [lmmono12-regular]:!
Missing character: There is no ═ (U+2550) in font [lmmono12-regular]:!
Missing character: There is no ═ (U+2550) in font [lmmono12-regular]:!
Missing character: There is no ═ (U+2550) in font [lmmono12-regular]:!
Missing character: There is no ═ (U+2550) in font [lmmono12-regular]:!
Missing character: There is no ═ (U+2550) in font [lmmono12-regular]:!
Missing character: There is no ═ (U+2550) in font [lmmono12-regular]:!
Missing character: There is no ═ (U+2550) in font [lmmono12-regular]:!
Missing character: There is no ═ (U+2550) in font [lmmono12-regular]:!
Missing character: There is no ═ (U+2550) in font [lmmono12-regular]:!
Missing character: There is no ═ (U+2550) in font [lmmono12-regular]:!
Missing character: There is no ═ (U+2550) in font [lmmono12-regular]:!
Missing character: There is no ═ (U+2550) in font [lmmono12-regular]:!
Missing character: There is no ═ (U+2550) in font [lmmono12-regular]:!
Missing character: There is no ═ (U+2550) in font [lmmono12-regular]:!
Missing character: There is no ═ (U+2550) in font [lmmono12-regular]:!
Missing character: There is no ═ (U+2550) in font [lmmono12-regular]:!
Missing character: There is no ═ (U+2550) in font [lmmono12-regular]:!
Missing character: There is no ═ (U+2550) in font [lmmono12-regular]:!
Missing character: There is no ═ (U+2550) in font [lmmono12-regular]:!
Missing character: There is no ═ (U+2550) in font [lmmono12-regular]:!
Missing character: There is no ═ (U+2550) in font [lmmono12-regular]:!
Missing character: There is no ═ (U+2550) in font [lmmono12-regular]:!
Missing character: There is no ═ (U+2550) in font [lmmono12-regular]:!
Missing character: There is no ═ (U+2550) in font [lmmono12-regular]:!
Missing character: There is no ═ (U+2550) in font [lmmono12-regular]:!
Missing character: There is no ═ (U+2550) in font [lmmono12-regular]:!
Missing character: There is no ═ (U+2550) in font [lmmono12-regular]:!
Missing character: There is no ═ (U+2550) in font [lmmono12-regular]:!
Missing character: There is no ═ (U+2550) in font [lmmono12-regular]:!
Missing character: There is no ═ (U+2550) in font [lmmono12-regular]:!
Missing character: There is no ═ (U+2550) in font [lmmono12-regular]:!
Missing character: There is no ═ (U+2550) in font [lmmono12-regular]:!
Missing character: There is no ═ (U+2550) in font [lmmono12-regular]:!
Missing character: There is no ═ (U+2550) in font [lmmono12-regular]:!
Missing character: There is no ═ (U+2550) in font [lmmono12-regular]:!
Missing character: There is no ═ (U+2550) in font [lmmono12-regular]:!
Missing character: There is no ═ (U+2550) in font [lmmono12-regular]:!
Missing character: There is no ═ (U+2550) in font [lmmono12-regular]:!
Missing character: There is no ═ (U+2550) in font [lmmono12-regular]:!
Missing character: There is no ═ (U+2550) in font [lmmono12-regular]:!
Missing character: There is no ═ (U+2550) in font [lmmono12-regular]:!
Missing character: There is no ═ (U+2550) in font [lmmono12-regular]:!
Missing character: There is no ═ (U+2550) in font [lmmono12-regular]:!
Missing character: There is no ═ (U+2550) in font [lmmono12-regular]:!
Missing character: There is no ═ (U+2550) in font [lmmono12-regular]:!
Missing character: There is no ═ (U+2550) in font [lmmono12-regular]:!
Missing character: There is no ═ (U+2550) in font [lmmono12-regular]:!
Missing character: There is no ═ (U+2550) in font [lmmono12-regular]:!
Missing character: There is no ═ (U+2550) in font [lmmono12-regular]:!
Missing character: There is no ═ (U+2550) in font [lmmono12-regular]:!
Missing character: There is no ═ (U+2550) in font [lmmono12-regular]:!
Missing character: There is no ═ (U+2550) in font [lmmono12-regular]:!
Missing character: There is no ═ (U+2550) in font [lmmono12-regular]:!
Missing character: There is no ═ (U+2550) in font [lmmono12-regular]:!
Missing character: There is no ═ (U+2550) in font [lmmono12-regular]:!
Missing character: There is no ═ (U+2550) in font [lmmono12-regular]:!
Missing character: There is no ═ (U+2550) in font [lmmono12-regular]:!
Missing character: There is no ═ (U+2550) in font [lmmono12-regular]:!
Missing character: There is no ═ (U+2550) in font [lmmono12-regular]:!
Missing character: There is no ═ (U+2550) in font [lmmono12-regular]:!
Missing character: There is no ═ (U+2550) in font [lmmono12-regular]:!
Missing character: There is no ═ (U+2550) in font [lmmono12-regular]:!
Missing character: There is no ═ (U+2550) in font [lmmono12-regular]:!
Missing character: There is no ═ (U+2550) in font [lmmono12-regular]:!
Missing character: There is no ═ (U+2550) in font [lmmono12-regular]:!
Missing character: There is no ═ (U+2550) in font [lmmono12-regular]:!
Missing character: There is no ═ (U+2550) in font [lmmono12-regular]:!
Missing character: There is no ═ (U+2550) in font [lmmono12-regular]:!
Missing character: There is no ═ (U+2550) in font [lmmono12-regular]:!
Missing character: There is no ═ (U+2550) in font [lmmono12-regular]:!
Missing character: There is no ═ (U+2550) in font [lmmono12-regular]:!
Missing character: There is no ═ (U+2550) in font [lmmono12-regular]:!
Missing character: There is no ═ (U+2550) in font [lmmono12-regular]:!
Missing character: There is no ═ (U+2550) in font [lmmono12-regular]:!
Missing character: There is no ═ (U+2550) in font [lmmono12-regular]:!
Missing character: There is no ═ (U+2550) in font [lmmono12-regular]:!
Missing character: There is no ═ (U+2550) in font [lmmono12-regular]:!
Missing character: There is no ═ (U+2550) in font [lmmono12-regular]:!
Missing character: There is no ═ (U+2550) in font [lmmono12-regular]:!
Missing character: There is no ═ (U+2550) in font [lmmono12-regular]:!
Missing character: There is no ═ (U+2550) in font [lmmono12-regular]:!
Missing character: There is no ═ (U+2550) in font [lmmono12-regular]:!
Missing character: There is no ═ (U+2550) in font [lmmono12-regular]:!
Missing character: There is no ═ (U+2550) in font [lmmono12-regular]:!
Missing character: There is no ═ (U+2550) in font [lmmono12-regular]:!
Missing character: There is no ═ (U+2550) in font [lmmono12-regular]:!
Missing character: There is no ═ (U+2550) in font [lmmono12-regular]:!
Missing character: There is no ═ (U+2550) in font [lmmono12-regular]:!
Missing character: There is no ═ (U+2550) in font [lmmono12-regular]:!
Missing character: There is no ═ (U+2550) in font [lmmono12-regular]:!
Missing character: There is no ═ (U+2550) in font [lmmono12-regular]:!
Missing character: There is no ═ (U+2550) in font [lmmono12-regular]:!
Missing character: There is no ═ (U+2550) in font [lmmono12-regular]:!
Missing character: There is no ═ (U+2550) in font [lmmono12-regular]:!
Missing character: There is no ═ (U+2550) in font [lmmono12-regular]:!
Missing character: There is no ═ (U+2550) in font [lmmono12-regular]:!
Missing character: There is no ═ (U+2550) in font [lmmono12-regular]:!
Missing character: There is no ═ (U+2550) in font [lmmono12-regular]:!
Missing character: There is no ═ (U+2550) in font [lmmono12-regular]:!
Missing character: There is no ═ (U+2550) in font [lmmono12-regular]:!
Missing character: There is no ═ (U+2550) in font [lmmono12-regular]:!
Missing character: There is no ═ (U+2550) in font [lmmono12-regular]:!
Missing character: There is no ═ (U+2550) in font [lmmono12-regular]:!
Missing character: There is no ═ (U+2550) in font [lmmono12-regular]:!
Missing character: There is no ═ (U+2550) in font [lmmono12-regular]:!
Missing character: There is no ═ (U+2550) in font [lmmono12-regular]:!
Missing character: There is no ═ (U+2550) in font [lmmono12-regular]:!
Missing character: There is no ═ (U+2550) in font [lmmono12-regular]:!
Missing character: There is no ═ (U+2550) in font [lmmono12-regular]:!
Missing character: There is no ═ (U+2550) in font [lmmono12-regular]:!
Missing character: There is no ═ (U+2550) in font [lmmono12-regular]:!
Missing character: There is no ═ (U+2550) in font [lmmono12-regular]:!
Missing character: There is no ═ (U+2550) in font [lmmono12-regular]:!
Missing character: There is no ═ (U+2550) in font [lmmono12-regular]:!
Missing character: There is no ═ (U+2550) in font [lmmono12-regular]:!
Missing character: There is no ═ (U+2550) in font [lmmono12-regular]:!
Missing character: There is no ═ (U+2550) in font [lmmono12-regular]:!
Missing character: There is no ═ (U+2550) in font [lmmono12-regular]:!
Missing character: There is no ═ (U+2550) in font [lmmono12-regular]:!
Missing character: There is no ═ (U+2550) in font [lmmono12-regular]:!
Missing character: There is no ═ (U+2550) in font [lmmono12-regular]:!
Missing character: There is no ═ (U+2550) in font [lmmono12-regular]:!
Missing character: There is no ═ (U+2550) in font [lmmono12-regular]:!
Missing character: There is no ═ (U+2550) in font [lmmono12-regular]:!
Missing character: There is no ═ (U+2550) in font [lmmono12-regular]:!
Missing character: There is no ═ (U+2550) in font [lmmono12-regular]:!
Missing character: There is no ═ (U+2550) in font [lmmono12-regular]:!
Missing character: There is no ═ (U+2550) in font [lmmono12-regular]:!
Missing character: There is no ═ (U+2550) in font [lmmono12-regular]:!
Missing character: There is no ═ (U+2550) in font [lmmono12-regular]:!
Missing character: There is no ═ (U+2550) in font [lmmono12-regular]:!
Missing character: There is no ═ (U+2550) in font [lmmono12-regular]:!
Missing character: There is no ═ (U+2550) in font [lmmono12-regular]:!
Missing character: There is no ═ (U+2550) in font [lmmono12-regular]:!
Missing character: There is no ═ (U+2550) in font [lmmono12-regular]:!
Missing character: There is no ═ (U+2550) in font [lmmono12-regular]:!
Missing character: There is no ═ (U+2550) in font [lmmono12-regular]:!
Missing character: There is no ═ (U+2550) in font [lmmono12-regular]:!
Missing character: There is no ═ (U+2550) in font [lmmono12-regular]:!
Missing character: There is no ═ (U+2550) in font [lmmono12-regular]:!
Missing character: There is no ═ (U+2550) in font [lmmono12-regular]:!
Missing character: There is no ═ (U+2550) in font [lmmono12-regular]:!
Missing character: There is no ═ (U+2550) in font [lmmono12-regular]:!
Missing character: There is no ═ (U+2550) in font [lmmono12-regular]:!
Missing character: There is no ═ (U+2550) in font [lmmono12-regular]:!
Missing character: There is no ═ (U+2550) in font [lmmono12-regular]:!
Missing character: There is no ═ (U+2550) in font [lmmono12-regular]:!
Missing character: There is no ═ (U+2550) in font [lmmono12-regular]:!
Missing character: There is no ═ (U+2550) in font [lmmono12-regular]:!
Missing character: There is no ═ (U+2550) in font [lmmono12-regular]:!
Missing character: There is no ═ (U+2550) in font [lmmono12-regular]:!
Missing character: There is no ═ (U+2550) in font [lmmono12-regular]:!
Missing character: There is no ═ (U+2550) in font [lmmono12-regular]:!
Missing character: There is no ═ (U+2550) in font [lmmono12-regular]:!
Missing character: There is no ═ (U+2550) in font [lmmono12-regular]:!
Missing character: There is no ═ (U+2550) in font [lmmono12-regular]:!
Missing character: There is no ═ (U+2550) in font [lmmono12-regular]:!
Missing character: There is no ═ (U+2550) in font [lmmono12-regular]:!
Missing character: There is no ═ (U+2550) in font [lmmono12-regular]:!
Missing character: There is no ═ (U+2550) in font [lmmono12-regular]:!
Missing character: There is no ═ (U+2550) in font [lmmono12-regular]:!
Missing character: There is no ═ (U+2550) in font [lmmono12-regular]:!
Missing character: There is no ═ (U+2550) in font [lmmono12-regular]:!
Missing character: There is no ═ (U+2550) in font [lmmono12-regular]:!
Missing character: There is no ═ (U+2550) in font [lmmono12-regular]:!
Missing character: There is no ═ (U+2550) in font [lmmono12-regular]:!
Missing character: There is no ═ (U+2550) in font [lmmono12-regular]:!
Missing character: There is no ═ (U+2550) in font [lmmono12-regular]:!
Missing character: There is no ═ (U+2550) in font [lmmono12-regular]:!
Missing character: There is no ═ (U+2550) in font [lmmono12-regular]:!
Missing character: There is no ═ (U+2550) in font [lmmono12-regular]:!
Missing character: There is no ═ (U+2550) in font [lmmono12-regular]:!
Missing character: There is no ═ (U+2550) in font [lmmono12-regular]:!
Missing character: There is no ═ (U+2550) in font [lmmono12-regular]:!
Missing character: There is no ═ (U+2550) in font [lmmono12-regular]:!
Missing character: There is no ═ (U+2550) in font [lmmono12-regular]:!
Missing character: There is no ═ (U+2550) in font [lmmono12-regular]:!
Missing character: There is no ═ (U+2550) in font [lmmono12-regular]:!
Missing character: There is no ═ (U+2550) in font [lmmono12-regular]:!
Missing character: There is no ═ (U+2550) in font [lmmono12-regular]:!
Missing character: There is no μ (U+03BC) in font [lmmono12-regular]:!
Missing character: There is no ∈ (U+2208) in font [lmmono12-regular]:!
Missing character: There is no μ (U+03BC) in font [lmmono12-regular]:!
Missing character: There is no ∈ (U+2208) in font [lmmono12-regular]:!
Missing character: There is no ═ (U+2550) in font [lmmono12-regular]:!
Missing character: There is no ═ (U+2550) in font [lmmono12-regular]:!
Missing character: There is no ═ (U+2550) in font [lmmono12-regular]:!
Missing character: There is no ═ (U+2550) in font [lmmono12-regular]:!
Missing character: There is no ═ (U+2550) in font [lmmono12-regular]:!
Missing character: There is no ═ (U+2550) in font [lmmono12-regular]:!
Missing character: There is no ═ (U+2550) in font [lmmono12-regular]:!
Missing character: There is no ═ (U+2550) in font [lmmono12-regular]:!
Missing character: There is no ═ (U+2550) in font [lmmono12-regular]:!
Missing character: There is no ═ (U+2550) in font [lmmono12-regular]:!
Missing character: There is no ═ (U+2550) in font [lmmono12-regular]:!
Missing character: There is no ═ (U+2550) in font [lmmono12-regular]:!
Missing character: There is no ═ (U+2550) in font [lmmono12-regular]:!
Missing character: There is no ═ (U+2550) in font [lmmono12-regular]:!
Missing character: There is no ═ (U+2550) in font [lmmono12-regular]:!
Missing character: There is no ═ (U+2550) in font [lmmono12-regular]:!
Missing character: There is no ═ (U+2550) in font [lmmono12-regular]:!
Missing character: There is no ═ (U+2550) in font [lmmono12-regular]:!
Missing character: There is no ═ (U+2550) in font [lmmono12-regular]:!
Missing character: There is no ═ (U+2550) in font [lmmono12-regular]:!
Missing character: There is no ═ (U+2550) in font [lmmono12-regular]:!
Missing character: There is no ═ (U+2550) in font [lmmono12-regular]:!
Missing character: There is no ═ (U+2550) in font [lmmono12-regular]:!
Missing character: There is no ═ (U+2550) in font [lmmono12-regular]:!
Missing character: There is no ═ (U+2550) in font [lmmono12-regular]:!
Missing character: There is no ═ (U+2550) in font [lmmono12-regular]:!
Missing character: There is no ═ (U+2550) in font [lmmono12-regular]:!
Missing character: There is no ═ (U+2550) in font [lmmono12-regular]:!
Missing character: There is no ═ (U+2550) in font [lmmono12-regular]:!
Missing character: There is no ═ (U+2550) in font [lmmono12-regular]:!
Missing character: There is no ═ (U+2550) in font [lmmono12-regular]:!
Missing character: There is no ═ (U+2550) in font [lmmono12-regular]:!
Missing character: There is no ═ (U+2550) in font [lmmono12-regular]:!
Missing character: There is no ═ (U+2550) in font [lmmono12-regular]:!
Missing character: There is no ═ (U+2550) in font [lmmono12-regular]:!
Missing character: There is no ═ (U+2550) in font [lmmono12-regular]:!
Missing character: There is no ═ (U+2550) in font [lmmono12-regular]:!
Missing character: There is no ═ (U+2550) in font [lmmono12-regular]:!
Missing character: There is no ═ (U+2550) in font [lmmono12-regular]:!
Missing character: There is no ═ (U+2550) in font [lmmono12-regular]:!
Missing character: There is no ═ (U+2550) in font [lmmono12-regular]:!
Missing character: There is no ═ (U+2550) in font [lmmono12-regular]:!
Missing character: There is no ═ (U+2550) in font [lmmono12-regular]:!
Missing character: There is no ═ (U+2550) in font [lmmono12-regular]:!
Missing character: There is no ═ (U+2550) in font [lmmono12-regular]:!
Missing character: There is no ═ (U+2550) in font [lmmono12-regular]:!
Missing character: There is no ═ (U+2550) in font [lmmono12-regular]:!
Missing character: There is no ═ (U+2550) in font [lmmono12-regular]:!
Missing character: There is no ═ (U+2550) in font [lmmono12-regular]:!
Missing character: There is no ═ (U+2550) in font [lmmono12-regular]:!
Missing character: There is no ═ (U+2550) in font [lmmono12-regular]:!
Missing character: There is no ═ (U+2550) in font [lmmono12-regular]:!
Missing character: There is no ═ (U+2550) in font [lmmono12-regular]:!
Missing character: There is no ═ (U+2550) in font [lmmono12-regular]:!
Missing character: There is no ═ (U+2550) in font [lmmono12-regular]:!
Missing character: There is no ═ (U+2550) in font [lmmono12-regular]:!
Missing character: There is no ═ (U+2550) in font [lmmono12-regular]:!
Missing character: There is no ═ (U+2550) in font [lmmono12-regular]:!
Missing character: There is no ═ (U+2550) in font [lmmono12-regular]:!
Missing character: There is no ═ (U+2550) in font [lmmono12-regular]:!
Missing character: There is no ═ (U+2550) in font [lmmono12-regular]:!
Missing character: There is no ═ (U+2550) in font [lmmono12-regular]:!
Missing character: There is no ═ (U+2550) in font [lmmono12-regular]:!
Missing character: There is no ═ (U+2550) in font [lmmono12-regular]:!
Missing character: There is no ═ (U+2550) in font [lmmono12-regular]:!
Missing character: There is no ═ (U+2550) in font [lmmono12-regular]:!
Missing character: There is no ═ (U+2550) in font [lmmono12-regular]:!
Missing character: There is no ═ (U+2550) in font [lmmono12-regular]:!
Missing character: There is no ═ (U+2550) in font [lmmono12-regular]:!
Missing character: There is no ═ (U+2550) in font [lmmono12-regular]:!
Missing character: There is no ═ (U+2550) in font [lmmono12-regular]:!
Missing character: There is no ═ (U+2550) in font [lmmono12-regular]:!
Missing character: There is no ═ (U+2550) in font [lmmono12-regular]:!
Missing character: There is no ═ (U+2550) in font [lmmono12-regular]:!
Missing character: There is no ═ (U+2550) in font [lmmono12-regular]:!
Missing character: There is no ═ (U+2550) in font [lmmono12-regular]:!
Missing character: There is no ═ (U+2550) in font [lmmono12-regular]:!
Missing character: There is no ═ (U+2550) in font [lmmono12-regular]:!
Missing character: There is no ═ (U+2550) in font [lmmono12-regular]:!
Missing character: There is no ═ (U+2550) in font [lmmono12-regular]:!
Missing character: There is no ═ (U+2550) in font [lmmono12-regular]:!
Missing character: There is no ═ (U+2550) in font [lmmono12-regular]:!
Missing character: There is no ═ (U+2550) in font [lmmono12-regular]:!
Missing character: There is no ═ (U+2550) in font [lmmono12-regular]:!
Missing character: There is no ═ (U+2550) in font [lmmono12-regular]:!
Missing character: There is no ═ (U+2550) in font [lmmono12-regular]:!
Missing character: There is no ═ (U+2550) in font [lmmono12-regular]:!
Missing character: There is no ═ (U+2550) in font [lmmono12-regular]:!
Missing character: There is no ═ (U+2550) in font [lmmono12-regular]:!
Missing character: There is no ═ (U+2550) in font [lmmono12-regular]:!
Missing character: There is no ═ (U+2550) in font [lmmono12-regular]:!
Missing character: There is no ═ (U+2550) in font [lmmono12-regular]:!
Missing character: There is no ═ (U+2550) in font [lmmono12-regular]:!
Missing character: There is no ═ (U+2550) in font [lmmono12-regular]:!
Missing character: There is no ═ (U+2550) in font [lmmono12-regular]:!
Missing character: There is no ═ (U+2550) in font [lmmono12-regular]:!
Missing character: There is no ═ (U+2550) in font [lmmono12-regular]:!
Missing character: There is no ═ (U+2550) in font [lmmono12-regular]:!
Missing character: There is no ═ (U+2550) in font [lmmono12-regular]:!
Missing character: There is no ═ (U+2550) in font [lmmono12-regular]:!
Missing character: There is no ═ (U+2550) in font [lmmono12-regular]:!
Missing character: There is no ═ (U+2550) in font [lmmono12-regular]:!
Missing character: There is no ═ (U+2550) in font [lmmono12-regular]:!
Missing character: There is no ═ (U+2550) in font [lmmono12-regular]:!
Missing character: There is no ═ (U+2550) in font [lmmono12-regular]:!
Missing character: There is no ═ (U+2550) in font [lmmono12-regular]:!
Missing character: There is no ═ (U+2550) in font [lmmono12-regular]:!
Missing character: There is no ═ (U+2550) in font [lmmono12-regular]:!
Missing character: There is no ═ (U+2550) in font [lmmono12-regular]:!
Missing character: There is no ═ (U+2550) in font [lmmono12-regular]:!
Missing character: There is no ═ (U+2550) in font [lmmono12-regular]:!
Missing character: There is no ═ (U+2550) in font [lmmono12-regular]:!
Missing character: There is no ═ (U+2550) in font [lmmono12-regular]:!
Missing character: There is no ═ (U+2550) in font [lmmono12-regular]:!
Missing character: There is no ═ (U+2550) in font [lmmono12-regular]:!
Missing character: There is no ═ (U+2550) in font [lmmono12-regular]:!
Missing character: There is no ═ (U+2550) in font [lmmono12-regular]:!
Missing character: There is no ═ (U+2550) in font [lmmono12-regular]:!
Missing character: There is no ═ (U+2550) in font [lmmono12-regular]:!
Missing character: There is no ═ (U+2550) in font [lmmono12-regular]:!
Missing character: There is no ═ (U+2550) in font [lmmono12-regular]:!
Missing character: There is no ═ (U+2550) in font [lmmono12-regular]:!
Missing character: There is no ═ (U+2550) in font [lmmono12-regular]:!
Missing character: There is no ═ (U+2550) in font [lmmono12-regular]:!
Missing character: There is no ═ (U+2550) in font [lmmono12-regular]:!
Missing character: There is no ═ (U+2550) in font [lmmono12-regular]:!
Missing character: There is no ═ (U+2550) in font [lmmono12-regular]:!
Missing character: There is no ═ (U+2550) in font [lmmono12-regular]:!
Missing character: There is no ═ (U+2550) in font [lmmono12-regular]:!
Missing character: There is no ═ (U+2550) in font [lmmono12-regular]:!
Missing character: There is no ═ (U+2550) in font [lmmono12-regular]:!
Missing character: There is no ═ (U+2550) in font [lmmono12-regular]:!
Missing character: There is no ═ (U+2550) in font [lmmono12-regular]:!
Missing character: There is no ═ (U+2550) in font [lmmono12-regular]:!
Missing character: There is no ═ (U+2550) in font [lmmono12-regular]:!
Missing character: There is no ═ (U+2550) in font [lmmono12-regular]:!
Missing character: There is no ═ (U+2550) in font [lmmono12-regular]:!
Missing character: There is no ═ (U+2550) in font [lmmono12-regular]:!
Missing character: There is no ═ (U+2550) in font [lmmono12-regular]:!
Missing character: There is no ═ (U+2550) in font [lmmono12-regular]:!
Missing character: There is no ═ (U+2550) in font [lmmono12-regular]:!
Missing character: There is no ═ (U+2550) in font [lmmono12-regular]:!
Missing character: There is no ═ (U+2550) in font [lmmono12-regular]:!
Missing character: There is no ═ (U+2550) in font [lmmono12-regular]:!
Missing character: There is no ═ (U+2550) in font [lmmono12-regular]:!
Missing character: There is no ═ (U+2550) in font [lmmono12-regular]:!
Missing character: There is no ═ (U+2550) in font [lmmono12-regular]:!
Missing character: There is no ═ (U+2550) in font [lmmono12-regular]:!
Missing character: There is no ═ (U+2550) in font [lmmono12-regular]:!
Missing character: There is no ═ (U+2550) in font [lmmono12-regular]:!
Missing character: There is no ═ (U+2550) in font [lmmono12-regular]:!
Missing character: There is no ═ (U+2550) in font [lmmono12-regular]:!
Missing character: There is no ═ (U+2550) in font [lmmono12-regular]:!
Missing character: There is no ═ (U+2550) in font [lmmono12-regular]:!
Missing character: There is no ═ (U+2550) in font [lmmono12-regular]:!
Missing character: There is no ═ (U+2550) in font [lmmono12-regular]:!
Missing character: There is no ═ (U+2550) in font [lmmono12-regular]:!
Missing character: There is no ═ (U+2550) in font [lmmono12-regular]:!
Missing character: There is no ═ (U+2550) in font [lmmono12-regular]:!
Missing character: There is no ═ (U+2550) in font [lmmono12-regular]:!
Missing character: There is no ═ (U+2550) in font [lmmono12-regular]:!
Missing character: There is no ═ (U+2550) in font [lmmono12-regular]:!
Missing character: There is no ═ (U+2550) in font [lmmono12-regular]:!
Missing character: There is no ═ (U+2550) in font [lmmono12-regular]:!
Missing character: There is no ═ (U+2550) in font [lmmono12-regular]:!
Missing character: There is no ═ (U+2550) in font [lmmono12-regular]:!
Missing character: There is no ═ (U+2550) in font [lmmono12-regular]:!
Missing character: There is no ═ (U+2550) in font [lmmono12-regular]:!
Missing character: There is no ═ (U+2550) in font [lmmono12-regular]:!
Missing character: There is no ═ (U+2550) in font [lmmono12-regular]:!
Missing character: There is no ═ (U+2550) in font [lmmono12-regular]:!
Missing character: There is no ═ (U+2550) in font [lmmono12-regular]:!
Missing character: There is no ═ (U+2550) in font [lmmono12-regular]:!
Missing character: There is no ═ (U+2550) in font [lmmono12-regular]:!
Missing character: There is no ═ (U+2550) in font [lmmono12-regular]:!
Missing character: There is no ═ (U+2550) in font [lmmono12-regular]:!
Missing character: There is no ═ (U+2550) in font [lmmono12-regular]:!
Missing character: There is no ═ (U+2550) in font [lmmono12-regular]:!
Missing character: There is no ═ (U+2550) in font [lmmono12-regular]:!
Missing character: There is no ═ (U+2550) in font [lmmono12-regular]:!
Missing character: There is no ═ (U+2550) in font [lmmono12-regular]:!
Missing character: There is no ═ (U+2550) in font [lmmono12-regular]:!
Missing character: There is no ═ (U+2550) in font [lmmono12-regular]:!
Missing character: There is no ═ (U+2550) in font [lmmono12-regular]:!
Missing character: There is no ═ (U+2550) in font [lmmono12-regular]:!
Missing character: There is no ═ (U+2550) in font [lmmono12-regular]:!
Missing character: There is no ═ (U+2550) in font [lmmono12-regular]:!
Missing character: There is no ═ (U+2550) in font [lmmono12-regular]:!
Missing character: There is no ═ (U+2550) in font [lmmono12-regular]:!
Missing character: There is no ═ (U+2550) in font [lmmono12-regular]:!
Missing character: There is no ═ (U+2550) in font [lmmono12-regular]:!
Missing character: There is no ═ (U+2550) in font [lmmono12-regular]:!
Missing character: There is no ═ (U+2550) in font [lmmono12-regular]:!
Missing character: There is no ═ (U+2550) in font [lmmono12-regular]:!
Missing character: There is no ═ (U+2550) in font [lmmono12-regular]:!
Missing character: There is no ═ (U+2550) in font [lmmono12-regular]:!
Missing character: There is no ═ (U+2550) in font [lmmono12-regular]:!
Missing character: There is no ═ (U+2550) in font [lmmono12-regular]:!
Missing character: There is no ═ (U+2550) in font [lmmono12-regular]:!
Missing character: There is no ═ (U+2550) in font [lmmono12-regular]:!
Missing character: There is no ═ (U+2550) in font [lmmono12-regular]:!
Missing character: There is no ═ (U+2550) in font [lmmono12-regular]:!
Missing character: There is no ═ (U+2550) in font [lmmono12-regular]:!
Missing character: There is no ═ (U+2550) in font [lmmono12-regular]:!
Missing character: There is no ═ (U+2550) in font [lmmono12-regular]:!
Missing character: There is no ═ (U+2550) in font [lmmono12-regular]:!
Missing character: There is no ═ (U+2550) in font [lmmono12-regular]:!
Missing character: There is no ═ (U+2550) in font [lmmono12-regular]:!
Missing character: There is no ═ (U+2550) in font [lmmono12-regular]:!
Missing character: There is no ═ (U+2550) in font [lmmono12-regular]:!
Missing character: There is no ═ (U+2550) in font [lmmono12-regular]:!
Missing character: There is no ═ (U+2550) in font [lmmono12-regular]:!
Missing character: There is no ═ (U+2550) in font [lmmono12-regular]:!
Missing character: There is no ═ (U+2550) in font [lmmono12-regular]:!
Missing character: There is no ═ (U+2550) in font [lmmono12-regular]:!
Missing character: There is no ═ (U+2550) in font [lmmono12-regular]:!
Missing character: There is no ═ (U+2550) in font [lmmono12-regular]:!
Missing character: There is no ═ (U+2550) in font [lmmono12-regular]:!
Missing character: There is no ═ (U+2550) in font [lmmono12-regular]:!
Missing character: There is no ═ (U+2550) in font [lmmono12-regular]:!
Missing character: There is no ═ (U+2550) in font [lmmono12-regular]:!
Missing character: There is no ═ (U+2550) in font [lmmono12-regular]:!
Missing character: There is no ═ (U+2550) in font [lmmono12-regular]:!
Missing character: There is no ═ (U+2550) in font [lmmono12-regular]:!
Missing character: There is no ═ (U+2550) in font [lmmono12-regular]:!
Missing character: There is no ═ (U+2550) in font [lmmono12-regular]:!
Missing character: There is no ═ (U+2550) in font [lmmono12-regular]:!
Missing character: There is no ═ (U+2550) in font [lmmono12-regular]:!
Missing character: There is no ═ (U+2550) in font [lmmono12-regular]:!
Missing character: There is no ═ (U+2550) in font [lmmono12-regular]:!
Missing character: There is no ═ (U+2550) in font [lmmono12-regular]:!
Missing character: There is no ═ (U+2550) in font [lmmono12-regular]:!
Missing character: There is no ═ (U+2550) in font [lmmono12-regular]:!
Missing character: There is no ═ (U+2550) in font [lmmono12-regular]:!
Missing character: There is no ═ (U+2550) in font [lmmono12-regular]:!
Missing character: There is no ═ (U+2550) in font [lmmono12-regular]:!
Missing character: There is no ═ (U+2550) in font [lmmono12-regular]:!
Missing character: There is no ═ (U+2550) in font [lmmono12-regular]:!
Missing character: There is no ═ (U+2550) in font [lmmono12-regular]:!
Missing character: There is no ═ (U+2550) in font [lmmono12-regular]:!
Missing character: There is no ═ (U+2550) in font [lmmono12-regular]:!
Missing character: There is no ═ (U+2550) in font [lmmono12-regular]:!
Missing character: There is no ═ (U+2550) in font [lmmono12-regular]:!
Missing character: There is no ═ (U+2550) in font [lmmono12-regular]:!
Missing character: There is no ═ (U+2550) in font [lmmono12-regular]:!
Missing character: There is no ═ (U+2550) in font [lmmono12-regular]:!
Missing character: There is no ═ (U+2550) in font [lmmono12-regular]:!
Missing character: There is no ═ (U+2550) in font [lmmono12-regular]:!
Missing character: There is no ═ (U+2550) in font [lmmono12-regular]:!
Missing character: There is no ═ (U+2550) in font [lmmono12-regular]:!
Missing character: There is no ═ (U+2550) in font [lmmono12-regular]:!
Missing character: There is no ═ (U+2550) in font [lmmono12-regular]:!
Missing character: There is no ═ (U+2550) in font [lmmono12-regular]:!
Missing character: There is no ═ (U+2550) in font [lmmono12-regular]:!
Missing character: There is no ═ (U+2550) in font [lmmono12-regular]:!
Missing character: There is no ═ (U+2550) in font [lmmono12-regular]:!
Missing character: There is no ═ (U+2550) in font [lmmono12-regular]:!
Missing character: There is no ═ (U+2550) in font [lmmono12-regular]:!
Missing character: There is no ═ (U+2550) in font [lmmono12-regular]:!
Missing character: There is no ═ (U+2550) in font [lmmono12-regular]:!
Missing character: There is no ═ (U+2550) in font [lmmono12-regular]:!
Missing character: There is no ═ (U+2550) in font [lmmono12-regular]:!
Missing character: There is no ═ (U+2550) in font [lmmono12-regular]:!
Missing character: There is no ═ (U+2550) in font [lmmono12-regular]:!
Missing character: There is no ═ (U+2550) in font [lmmono12-regular]:!
Missing character: There is no ═ (U+2550) in font [lmmono12-regular]:!
Missing character: There is no ═ (U+2550) in font [lmmono12-regular]:!
Missing character: There is no ═ (U+2550) in font [lmmono12-regular]:!
Missing character: There is no ═ (U+2550) in font [lmmono12-regular]:!
Missing character: There is no ═ (U+2550) in font [lmmono12-regular]:!
Missing character: There is no ═ (U+2550) in font [lmmono12-regular]:!
Missing character: There is no ═ (U+2550) in font [lmmono12-regular]:!
Missing character: There is no ═ (U+2550) in font [lmmono12-regular]:!
Missing character: There is no ═ (U+2550) in font [lmmono12-regular]:!
Missing character: There is no ═ (U+2550) in font [lmmono12-regular]:!
Missing character: There is no ═ (U+2550) in font [lmmono12-regular]:!
Missing character: There is no ═ (U+2550) in font [lmmono12-regular]:!
Missing character: There is no ═ (U+2550) in font [lmmono12-regular]:!
Missing character: There is no ═ (U+2550) in font [lmmono12-regular]:!
Missing character: There is no ═ (U+2550) in font [lmmono12-regular]:!
Missing character: There is no ═ (U+2550) in font [lmmono12-regular]:!
Missing character: There is no ═ (U+2550) in font [lmmono12-regular]:!
Missing character: There is no ═ (U+2550) in font [lmmono12-regular]:!
Missing character: There is no ═ (U+2550) in font [lmmono12-regular]:!

Overfull \hbox (67.60858pt too wide) in paragraph at lines 20182--20182
\TU/lmtt/m/n/12 ============================================================================[]|  
 []


Overfull \hbox (67.60858pt too wide) in paragraph at lines 20184--20184
\TU/lmtt/m/n/12 ============================================================================[]|  
 []

Missing character: There is no ═ (U+2550) in font [lmmono12-regular]:!
Missing character: There is no ═ (U+2550) in font [lmmono12-regular]:!
Missing character: There is no ═ (U+2550) in font [lmmono12-regular]:!
Missing character: There is no ═ (U+2550) in font [lmmono12-regular]:!
Missing character: There is no ═ (U+2550) in font [lmmono12-regular]:!
Missing character: There is no ═ (U+2550) in font [lmmono12-regular]:!
Missing character: There is no ═ (U+2550) in font [lmmono12-regular]:!
Missing character: There is no ═ (U+2550) in font [lmmono12-regular]:!
Missing character: There is no ═ (U+2550) in font [lmmono12-regular]:!
Missing character: There is no ═ (U+2550) in font [lmmono12-regular]:!
Missing character: There is no ═ (U+2550) in font [lmmono12-regular]:!
Missing character: There is no ═ (U+2550) in font [lmmono12-regular]:!
Missing character: There is no ═ (U+2550) in font [lmmono12-regular]:!
Missing character: There is no ═ (U+2550) in font [lmmono12-regular]:!
Missing character: There is no ═ (U+2550) in font [lmmono12-regular]:!
Missing character: There is no ═ (U+2550) in font [lmmono12-regular]:!
Missing character: There is no ═ (U+2550) in font [lmmono12-regular]:!
Missing character: There is no ═ (U+2550) in font [lmmono12-regular]:!
Missing character: There is no ═ (U+2550) in font [lmmono12-regular]:!
Missing character: There is no ═ (U+2550) in font [lmmono12-regular]:!
Missing character: There is no ═ (U+2550) in font [lmmono12-regular]:!
Missing character: There is no ═ (U+2550) in font [lmmono12-regular]:!
Missing character: There is no ═ (U+2550) in font [lmmono12-regular]:!
Missing character: There is no ═ (U+2550) in font [lmmono12-regular]:!
Missing character: There is no ═ (U+2550) in font [lmmono12-regular]:!
Missing character: There is no ═ (U+2550) in font [lmmono12-regular]:!
Missing character: There is no ═ (U+2550) in font [lmmono12-regular]:!
Missing character: There is no ═ (U+2550) in font [lmmono12-regular]:!
Missing character: There is no ═ (U+2550) in font [lmmono12-regular]:!
Missing character: There is no ═ (U+2550) in font [lmmono12-regular]:!
Missing character: There is no ═ (U+2550) in font [lmmono12-regular]:!
Missing character: There is no ═ (U+2550) in font [lmmono12-regular]:!
Missing character: There is no ═ (U+2550) in font [lmmono12-regular]:!
Missing character: There is no ═ (U+2550) in font [lmmono12-regular]:!
Missing character: There is no ═ (U+2550) in font [lmmono12-regular]:!
Missing character: There is no ═ (U+2550) in font [lmmono12-regular]:!
Missing character: There is no ═ (U+2550) in font [lmmono12-regular]:!
Missing character: There is no ═ (U+2550) in font [lmmono12-regular]:!
Missing character: There is no ═ (U+2550) in font [lmmono12-regular]:!
Missing character: There is no ═ (U+2550) in font [lmmono12-regular]:!
Missing character: There is no ═ (U+2550) in font [lmmono12-regular]:!
Missing character: There is no ═ (U+2550) in font [lmmono12-regular]:!
Missing character: There is no ═ (U+2550) in font [lmmono12-regular]:!
Missing character: There is no ═ (U+2550) in font [lmmono12-regular]:!
Missing character: There is no ═ (U+2550) in font [lmmono12-regular]:!
Missing character: There is no ═ (U+2550) in font [lmmono12-regular]:!
Missing character: There is no ═ (U+2550) in font [lmmono12-regular]:!
Missing character: There is no ═ (U+2550) in font [lmmono12-regular]:!
Missing character: There is no ═ (U+2550) in font [lmmono12-regular]:!
Missing character: There is no ═ (U+2550) in font [lmmono12-regular]:!
Missing character: There is no ═ (U+2550) in font [lmmono12-regular]:!
Missing character: There is no ═ (U+2550) in font [lmmono12-regular]:!
Missing character: There is no ═ (U+2550) in font [lmmono12-regular]:!
Missing character: There is no ═ (U+2550) in font [lmmono12-regular]:!
Missing character: There is no ═ (U+2550) in font [lmmono12-regular]:!
Missing character: There is no ═ (U+2550) in font [lmmono12-regular]:!
Missing character: There is no ═ (U+2550) in font [lmmono12-regular]:!
Missing character: There is no ═ (U+2550) in font [lmmono12-regular]:!
Missing character: There is no ═ (U+2550) in font [lmmono12-regular]:!
Missing character: There is no ═ (U+2550) in font [lmmono12-regular]:!
Missing character: There is no ═ (U+2550) in font [lmmono12-regular]:!
Missing character: There is no ═ (U+2550) in font [lmmono12-regular]:!
Missing character: There is no ═ (U+2550) in font [lmmono12-regular]:!
Missing character: There is no ═ (U+2550) in font [lmmono12-regular]:!
Missing character: There is no ═ (U+2550) in font [lmmono12-regular]:!
Missing character: There is no ═ (U+2550) in font [lmmono12-regular]:!
Missing character: There is no ═ (U+2550) in font [lmmono12-regular]:!
Missing character: There is no ═ (U+2550) in font [lmmono12-regular]:!
Missing character: There is no ═ (U+2550) in font [lmmono12-regular]:!
Missing character: There is no ═ (U+2550) in font [lmmono12-regular]:!
Missing character: There is no ═ (U+2550) in font [lmmono12-regular]:!
Missing character: There is no ═ (U+2550) in font [lmmono12-regular]:!
Missing character: There is no ═ (U+2550) in font [lmmono12-regular]:!
Missing character: There is no ═ (U+2550) in font [lmmono12-regular]:!
Missing character: There is no ═ (U+2550) in font [lmmono12-regular]:!
Missing character: There is no ═ (U+2550) in font [lmmono12-regular]:!
Missing character: There is no ═ (U+2550) in font [lmmono12-regular]:!
Missing character: There is no ═ (U+2550) in font [lmmono12-regular]:!
Missing character: There is no ═ (U+2550) in font [lmmono12-regular]:!
Missing character: There is no ═ (U+2550) in font [lmmono12-regular]:!
Missing character: There is no ═ (U+2550) in font [lmmono12-regular]:!
Missing character: There is no ═ (U+2550) in font [lmmono12-regular]:!
Missing character: There is no ═ (U+2550) in font [lmmono12-regular]:!
Missing character: There is no ═ (U+2550) in font [lmmono12-regular]:!
Missing character: There is no ═ (U+2550) in font [lmmono12-regular]:!
Missing character: There is no ═ (U+2550) in font [lmmono12-regular]:!
Missing character: There is no ═ (U+2550) in font [lmmono12-regular]:!
Missing character: There is no ═ (U+2550) in font [lmmono12-regular]:!
Missing character: There is no ═ (U+2550) in font [lmmono12-regular]:!
Missing character: There is no ═ (U+2550) in font [lmmono12-regular]:!
Missing character: There is no ═ (U+2550) in font [lmmono12-regular]:!
Missing character: There is no ═ (U+2550) in font [lmmono12-regular]:!
Missing character: There is no ═ (U+2550) in font [lmmono12-regular]:!
Missing character: There is no ═ (U+2550) in font [lmmono12-regular]:!
Missing character: There is no ═ (U+2550) in font [lmmono12-regular]:!
Missing character: There is no ═ (U+2550) in font [lmmono12-regular]:!
Missing character: There is no ═ (U+2550) in font [lmmono12-regular]:!
Missing character: There is no ═ (U+2550) in font [lmmono12-regular]:!
Missing character: There is no ═ (U+2550) in font [lmmono12-regular]:!
Missing character: There is no ═ (U+2550) in font [lmmono12-regular]:!
Missing character: There is no ═ (U+2550) in font [lmmono12-regular]:!
Missing character: There is no ═ (U+2550) in font [lmmono12-regular]:!
Missing character: There is no ═ (U+2550) in font [lmmono12-regular]:!
Missing character: There is no ═ (U+2550) in font [lmmono12-regular]:!
Missing character: There is no ═ (U+2550) in font [lmmono12-regular]:!
Missing character: There is no ═ (U+2550) in font [lmmono12-regular]:!
Missing character: There is no ═ (U+2550) in font [lmmono12-regular]:!
Missing character: There is no ═ (U+2550) in font [lmmono12-regular]:!
Missing character: There is no ═ (U+2550) in font [lmmono12-regular]:!
Missing character: There is no ═ (U+2550) in font [lmmono12-regular]:!
Missing character: There is no ═ (U+2550) in font [lmmono12-regular]:!
Missing character: There is no ═ (U+2550) in font [lmmono12-regular]:!
Missing character: There is no ═ (U+2550) in font [lmmono12-regular]:!
Missing character: There is no ═ (U+2550) in font [lmmono12-regular]:!
Missing character: There is no ═ (U+2550) in font [lmmono12-regular]:!
Missing character: There is no ═ (U+2550) in font [lmmono12-regular]:!
Missing character: There is no ═ (U+2550) in font [lmmono12-regular]:!
Missing character: There is no ═ (U+2550) in font [lmmono12-regular]:!
Missing character: There is no ═ (U+2550) in font [lmmono12-regular]:!
Missing character: There is no ═ (U+2550) in font [lmmono12-regular]:!
Missing character: There is no ═ (U+2550) in font [lmmono12-regular]:!
Missing character: There is no ═ (U+2550) in font [lmmono12-regular]:!
Missing character: There is no ═ (U+2550) in font [lmmono12-regular]:!
Missing character: There is no ═ (U+2550) in font [lmmono12-regular]:!
Missing character: There is no ═ (U+2550) in font [lmmono12-regular]:!
Missing character: There is no ═ (U+2550) in font [lmmono12-regular]:!
Missing character: There is no ═ (U+2550) in font [lmmono12-regular]:!
Missing character: There is no ═ (U+2550) in font [lmmono12-regular]:!
Missing character: There is no ═ (U+2550) in font [lmmono12-regular]:!
Missing character: There is no ═ (U+2550) in font [lmmono12-regular]:!
Missing character: There is no ═ (U+2550) in font [lmmono12-regular]:!
Missing character: There is no ═ (U+2550) in font [lmmono12-regular]:!
Missing character: There is no ═ (U+2550) in font [lmmono12-regular]:!
Missing character: There is no ═ (U+2550) in font [lmmono12-regular]:!
Missing character: There is no ═ (U+2550) in font [lmmono12-regular]:!
Missing character: There is no ═ (U+2550) in font [lmmono12-regular]:!
Missing character: There is no ═ (U+2550) in font [lmmono12-regular]:!
Missing character: There is no ═ (U+2550) in font [lmmono12-regular]:!
Missing character: There is no ═ (U+2550) in font [lmmono12-regular]:!
Missing character: There is no ═ (U+2550) in font [lmmono12-regular]:!
Missing character: There is no ═ (U+2550) in font [lmmono12-regular]:!
Missing character: There is no ═ (U+2550) in font [lmmono12-regular]:!
Missing character: There is no ═ (U+2550) in font [lmmono12-regular]:!
Missing character: There is no ═ (U+2550) in font [lmmono12-regular]:!
Missing character: There is no ═ (U+2550) in font [lmmono12-regular]:!
Missing character: There is no ═ (U+2550) in font [lmmono12-regular]:!
Missing character: There is no ═ (U+2550) in font [lmmono12-regular]:!
Missing character: There is no ═ (U+2550) in font [lmmono12-regular]:!
Missing character: There is no ═ (U+2550) in font [lmmono12-regular]:!
Missing character: There is no ═ (U+2550) in font [lmmono12-regular]:!
Missing character: There is no ═ (U+2550) in font [lmmono12-regular]:!
Missing character: There is no ═ (U+2550) in font [lmmono12-regular]:!
Missing character: There is no ═ (U+2550) in font [lmmono12-regular]:!
Missing character: There is no ═ (U+2550) in font [lmmono12-regular]:!
Missing character: There is no ═ (U+2550) in font [lmmono12-regular]:!
Missing character: There is no ═ (U+2550) in font [lmmono12-regular]:!
Missing character: There is no ═ (U+2550) in font [lmmono12-regular]:!
Missing character: There is no ═ (U+2550) in font [lmmono12-regular]:!
Missing character: There is no ═ (U+2550) in font [lmmono12-regular]:!
Missing character: There is no ═ (U+2550) in font [lmmono12-regular]:!
Missing character: There is no ═ (U+2550) in font [lmmono12-regular]:!
Missing character: There is no ═ (U+2550) in font [lmmono12-regular]:!
Missing character: There is no ═ (U+2550) in font [lmmono12-regular]:!
Missing character: There is no ═ (U+2550) in font [lmmono12-regular]:!
Missing character: There is no ═ (U+2550) in font [lmmono12-regular]:!
Missing character: There is no ═ (U+2550) in font [lmmono12-regular]:!
Missing character: There is no ═ (U+2550) in font [lmmono12-regular]:!
Missing character: There is no ═ (U+2550) in font [lmmono12-regular]:!
Missing character: There is no ═ (U+2550) in font [lmmono12-regular]:!
Missing character: There is no ═ (U+2550) in font [lmmono12-regular]:!
Missing character: There is no ═ (U+2550) in font [lmmono12-regular]:!
Missing character: There is no ═ (U+2550) in font [lmmono12-regular]:!
Missing character: There is no ═ (U+2550) in font [lmmono12-regular]:!
Missing character: There is no ═ (U+2550) in font [lmmono12-regular]:!
Missing character: There is no ═ (U+2550) in font [lmmono12-regular]:!
Missing character: There is no ═ (U+2550) in font [lmmono12-regular]:!
Missing character: There is no ═ (U+2550) in font [lmmono12-regular]:!
Missing character: There is no ═ (U+2550) in font [lmmono12-regular]:!
Missing character: There is no ═ (U+2550) in font [lmmono12-regular]:!
Missing character: There is no ═ (U+2550) in font [lmmono12-regular]:!
Missing character: There is no ═ (U+2550) in font [lmmono12-regular]:!
Missing character: There is no ═ (U+2550) in font [lmmono12-regular]:!
Missing character: There is no ═ (U+2550) in font [lmmono12-regular]:!
Missing character: There is no ═ (U+2550) in font [lmmono12-regular]:!
Missing character: There is no ═ (U+2550) in font [lmmono12-regular]:!
Missing character: There is no ═ (U+2550) in font [lmmono12-regular]:!
Missing character: There is no ═ (U+2550) in font [lmmono12-regular]:!
Missing character: There is no ═ (U+2550) in font [lmmono12-regular]:!
Missing character: There is no ═ (U+2550) in font [lmmono12-regular]:!
Missing character: There is no ═ (U+2550) in font [lmmono12-regular]:!
Missing character: There is no ═ (U+2550) in font [lmmono12-regular]:!
Missing character: There is no ═ (U+2550) in font [lmmono12-regular]:!
Missing character: There is no ═ (U+2550) in font [lmmono12-regular]:!
Missing character: There is no ═ (U+2550) in font [lmmono12-regular]:!
Missing character: There is no ═ (U+2550) in font [lmmono12-regular]:!
Missing character: There is no ═ (U+2550) in font [lmmono12-regular]:!
Missing character: There is no ═ (U+2550) in font [lmmono12-regular]:!
Missing character: There is no ═ (U+2550) in font [lmmono12-regular]:!
Missing character: There is no ═ (U+2550) in font [lmmono12-regular]:!
Missing character: There is no ═ (U+2550) in font [lmmono12-regular]:!
Missing character: There is no ═ (U+2550) in font [lmmono12-regular]:!
Missing character: There is no ═ (U+2550) in font [lmmono12-regular]:!
Missing character: There is no ═ (U+2550) in font [lmmono12-regular]:!
Missing character: There is no ═ (U+2550) in font [lmmono12-regular]:!
Missing character: There is no ═ (U+2550) in font [lmmono12-regular]:!
Missing character: There is no ═ (U+2550) in font [lmmono12-regular]:!
Missing character: There is no ═ (U+2550) in font [lmmono12-regular]:!
Missing character: There is no ═ (U+2550) in font [lmmono12-regular]:!
Missing character: There is no ═ (U+2550) in font [lmmono12-regular]:!
Missing character: There is no ═ (U+2550) in font [lmmono12-regular]:!
Missing character: There is no ═ (U+2550) in font [lmmono12-regular]:!
Missing character: There is no ═ (U+2550) in font [lmmono12-regular]:!
Missing character: There is no ═ (U+2550) in font [lmmono12-regular]:!
Missing character: There is no ═ (U+2550) in font [lmmono12-regular]:!
Missing character: There is no ═ (U+2550) in font [lmmono12-regular]:!
Missing character: There is no ═ (U+2550) in font [lmmono12-regular]:!
Missing character: There is no ═ (U+2550) in font [lmmono12-regular]:!
Missing character: There is no ═ (U+2550) in font [lmmono12-regular]:!
Missing character: There is no ═ (U+2550) in font [lmmono12-regular]:!
Missing character: There is no ═ (U+2550) in font [lmmono12-regular]:!
Missing character: There is no ═ (U+2550) in font [lmmono12-regular]:!
Missing character: There is no ═ (U+2550) in font [lmmono12-regular]:!
Missing character: There is no ═ (U+2550) in font [lmmono12-regular]:!
Missing character: There is no ═ (U+2550) in font [lmmono12-regular]:!
Missing character: There is no ═ (U+2550) in font [lmmono12-regular]:!
Missing character: There is no ═ (U+2550) in font [lmmono12-regular]:!
Missing character: There is no ═ (U+2550) in font [lmmono12-regular]:!
Missing character: There is no ═ (U+2550) in font [lmmono12-regular]:!
Missing character: There is no ═ (U+2550) in font [lmmono12-regular]:!
Missing character: There is no ═ (U+2550) in font [lmmono12-regular]:!
Missing character: There is no ═ (U+2550) in font [lmmono12-regular]:!
Missing character: There is no ═ (U+2550) in font [lmmono12-regular]:!
Missing character: There is no ═ (U+2550) in font [lmmono12-regular]:!
Missing character: There is no ═ (U+2550) in font [lmmono12-regular]:!
Missing character: There is no ═ (U+2550) in font [lmmono12-regular]:!
Missing character: There is no ═ (U+2550) in font [lmmono12-regular]:!
Missing character: There is no ═ (U+2550) in font [lmmono12-regular]:!
Missing character: There is no ═ (U+2550) in font [lmmono12-regular]:!
Missing character: There is no ═ (U+2550) in font [lmmono12-regular]:!
Missing character: There is no ═ (U+2550) in font [lmmono12-regular]:!
Missing character: There is no ═ (U+2550) in font [lmmono12-regular]:!
Missing character: There is no ═ (U+2550) in font [lmmono12-regular]:!
Missing character: There is no ═ (U+2550) in font [lmmono12-regular]:!
Missing character: There is no ═ (U+2550) in font [lmmono12-regular]:!
Missing character: There is no ═ (U+2550) in font [lmmono12-regular]:!
Missing character: There is no ═ (U+2550) in font [lmmono12-regular]:!
Missing character: There is no ═ (U+2550) in font [lmmono12-regular]:!
Missing character: There is no ═ (U+2550) in font [lmmono12-regular]:!
Missing character: There is no ═ (U+2550) in font [lmmono12-regular]:!
Missing character: There is no ═ (U+2550) in font [lmmono12-regular]:!
Missing character: There is no ═ (U+2550) in font [lmmono12-regular]:!
Missing character: There is no ═ (U+2550) in font [lmmono12-regular]:!
Missing character: There is no ═ (U+2550) in font [lmmono12-regular]:!
Missing character: There is no ═ (U+2550) in font [lmmono12-regular]:!
Missing character: There is no ═ (U+2550) in font [lmmono12-regular]:!
Missing character: There is no ═ (U+2550) in font [lmmono12-regular]:!
Missing character: There is no ═ (U+2550) in font [lmmono12-regular]:!
Missing character: There is no ═ (U+2550) in font [lmmono12-regular]:!
Missing character: There is no ═ (U+2550) in font [lmmono12-regular]:!
Missing character: There is no ═ (U+2550) in font [lmmono12-regular]:!
Missing character: There is no ═ (U+2550) in font [lmmono12-regular]:!
Missing character: There is no ═ (U+2550) in font [lmmono12-regular]:!
Missing character: There is no ═ (U+2550) in font [lmmono12-regular]:!
Missing character: There is no ═ (U+2550) in font [lmmono12-regular]:!
Missing character: There is no ═ (U+2550) in font [lmmono12-regular]:!
Missing character: There is no ═ (U+2550) in font [lmmono12-regular]:!
Missing character: There is no ═ (U+2550) in font [lmmono12-regular]:!
Missing character: There is no ═ (U+2550) in font [lmmono12-regular]:!
Missing character: There is no ═ (U+2550) in font [lmmono12-regular]:!
Missing character: There is no ═ (U+2550) in font [lmmono12-regular]:!
Missing character: There is no ═ (U+2550) in font [lmmono12-regular]:!
Missing character: There is no ═ (U+2550) in font [lmmono12-regular]:!
Missing character: There is no ═ (U+2550) in font [lmmono12-regular]:!
Missing character: There is no ═ (U+2550) in font [lmmono12-regular]:!
Missing character: There is no ═ (U+2550) in font [lmmono12-regular]:!
Missing character: There is no ═ (U+2550) in font [lmmono12-regular]:!
Missing character: There is no ═ (U+2550) in font [lmmono12-regular]:!
Missing character: There is no ═ (U+2550) in font [lmmono12-regular]:!
Missing character: There is no ═ (U+2550) in font [lmmono12-regular]:!
Missing character: There is no ═ (U+2550) in font [lmmono12-regular]:!
Missing character: There is no ═ (U+2550) in font [lmmono12-regular]:!
Missing character: There is no ═ (U+2550) in font [lmmono12-regular]:!
Missing character: There is no ═ (U+2550) in font [lmmono12-regular]:!
Missing character: There is no ═ (U+2550) in font [lmmono12-regular]:!
Missing character: There is no ₀ (U+2080) in font [lmmono12-regular]:!
Missing character: There is no μ (U+03BC) in font [lmmono12-regular]:!
Missing character: There is no ₀ (U+2080) in font [lmmono12-regular]:!
Missing character: There is no μ (U+03BC) in font [lmmono12-regular]:!
Missing character: There is no ₁ (U+2081) in font [lmmono12-regular]:!
Missing character: There is no μ (U+03BC) in font [lmmono12-regular]:!
Missing character: There is no ₁ (U+2081) in font [lmmono12-regular]:!
Missing character: There is no μ (U+03BC) in font [lmmono12-regular]:!
Missing character: There is no α (U+03B1) in font [lmmono12-regular]:!
Missing character: There is no α (U+03B1) in font [lmmono12-regular]:!
Missing character: There is no ✓ (U+2713) in font [lmmono12-regular]:!
Missing character: There is no ₀ (U+2080) in font [lmmono12-regular]:!
Missing character: There is no ✓ (U+2713) in font [lmmono12-regular]:!
Missing character: There is no ₀ (U+2080) in font [lmmono12-regular]:!
Missing character: There is no ✗ (U+2717) in font [lmmono12-regular]:!
Missing character: There is no ₀ (U+2080) in font [lmmono12-regular]:!
Missing character: There is no ≥ (U+2265) in font [lmmono12-regular]:!
Missing character: There is no ✗ (U+2717) in font [lmmono12-regular]:!
Missing character: There is no ₀ (U+2080) in font [lmmono12-regular]:!
Missing character: There is no ≥ (U+2265) in font [lmmono12-regular]:!
Missing character: There is no ✓ (U+2713) in font [lmmono12-regular]:!
Missing character: There is no ✓ (U+2713) in font [lmmono12-regular]:!
[428] [429] [430] [431] [432] [433] [434] [435] [436] [437] [438] [439] [440]
Missing character: There is no ═ (U+2550) in font [lmmono12-regular]:!
Missing character: There is no ═ (U+2550) in font [lmmono12-regular]:!
Missing character: There is no ═ (U+2550) in font [lmmono12-regular]:!
Missing character: There is no ═ (U+2550) in font [lmmono12-regular]:!
Missing character: There is no ═ (U+2550) in font [lmmono12-regular]:!
Missing character: There is no ═ (U+2550) in font [lmmono12-regular]:!
Missing character: There is no ═ (U+2550) in font [lmmono12-regular]:!
Missing character: There is no ═ (U+2550) in font [lmmono12-regular]:!
Missing character: There is no ═ (U+2550) in font [lmmono12-regular]:!
Missing character: There is no ═ (U+2550) in font [lmmono12-regular]:!
Missing character: There is no ═ (U+2550) in font [lmmono12-regular]:!
Missing character: There is no ═ (U+2550) in font [lmmono12-regular]:!
Missing character: There is no ═ (U+2550) in font [lmmono12-regular]:!
Missing character: There is no ═ (U+2550) in font [lmmono12-regular]:!
Missing character: There is no ═ (U+2550) in font [lmmono12-regular]:!
Missing character: There is no ═ (U+2550) in font [lmmono12-regular]:!
Missing character: There is no ═ (U+2550) in font [lmmono12-regular]:!
Missing character: There is no ═ (U+2550) in font [lmmono12-regular]:!
Missing character: There is no ═ (U+2550) in font [lmmono12-regular]:!
Missing character: There is no ═ (U+2550) in font [lmmono12-regular]:!
Missing character: There is no ═ (U+2550) in font [lmmono12-regular]:!
Missing character: There is no ═ (U+2550) in font [lmmono12-regular]:!
Missing character: There is no ═ (U+2550) in font [lmmono12-regular]:!
Missing character: There is no ═ (U+2550) in font [lmmono12-regular]:!
Missing character: There is no ═ (U+2550) in font [lmmono12-regular]:!
Missing character: There is no ═ (U+2550) in font [lmmono12-regular]:!
Missing character: There is no ═ (U+2550) in font [lmmono12-regular]:!
Missing character: There is no ═ (U+2550) in font [lmmono12-regular]:!
Missing character: There is no ═ (U+2550) in font [lmmono12-regular]:!
Missing character: There is no ═ (U+2550) in font [lmmono12-regular]:!
Missing character: There is no ═ (U+2550) in font [lmmono12-regular]:!
Missing character: There is no ═ (U+2550) in font [lmmono12-regular]:!
Missing character: There is no ═ (U+2550) in font [lmmono12-regular]:!
Missing character: There is no ═ (U+2550) in font [lmmono12-regular]:!
Missing character: There is no ═ (U+2550) in font [lmmono12-regular]:!
Missing character: There is no ═ (U+2550) in font [lmmono12-regular]:!
Missing character: There is no ═ (U+2550) in font [lmmono12-regular]:!
Missing character: There is no ═ (U+2550) in font [lmmono12-regular]:!
Missing character: There is no ═ (U+2550) in font [lmmono12-regular]:!
Missing character: There is no ═ (U+2550) in font [lmmono12-regular]:!
Missing character: There is no ═ (U+2550) in font [lmmono12-regular]:!
Missing character: There is no ═ (U+2550) in font [lmmono12-regular]:!
Missing character: There is no ═ (U+2550) in font [lmmono12-regular]:!
Missing character: There is no ═ (U+2550) in font [lmmono12-regular]:!
Missing character: There is no ═ (U+2550) in font [lmmono12-regular]:!
Missing character: There is no ═ (U+2550) in font [lmmono12-regular]:!
Missing character: There is no ═ (U+2550) in font [lmmono12-regular]:!
Missing character: There is no ═ (U+2550) in font [lmmono12-regular]:!
Missing character: There is no ═ (U+2550) in font [lmmono12-regular]:!
Missing character: There is no ═ (U+2550) in font [lmmono12-regular]:!
Missing character: There is no ═ (U+2550) in font [lmmono12-regular]:!
Missing character: There is no ═ (U+2550) in font [lmmono12-regular]:!
Missing character: There is no ═ (U+2550) in font [lmmono12-regular]:!
Missing character: There is no ═ (U+2550) in font [lmmono12-regular]:!
Missing character: There is no ═ (U+2550) in font [lmmono12-regular]:!
Missing character: There is no ═ (U+2550) in font [lmmono12-regular]:!
Missing character: There is no ═ (U+2550) in font [lmmono12-regular]:!
Missing character: There is no ═ (U+2550) in font [lmmono12-regular]:!
Missing character: There is no ═ (U+2550) in font [lmmono12-regular]:!
Missing character: There is no ═ (U+2550) in font [lmmono12-regular]:!
Missing character: There is no ═ (U+2550) in font [lmmono12-regular]:!
Missing character: There is no ═ (U+2550) in font [lmmono12-regular]:!
Missing character: There is no ═ (U+2550) in font [lmmono12-regular]:!
Missing character: There is no ═ (U+2550) in font [lmmono12-regular]:!
Missing character: There is no ═ (U+2550) in font [lmmono12-regular]:!
Missing character: There is no ═ (U+2550) in font [lmmono12-regular]:!
Missing character: There is no ═ (U+2550) in font [lmmono12-regular]:!
Missing character: There is no ═ (U+2550) in font [lmmono12-regular]:!
Missing character: There is no ═ (U+2550) in font [lmmono12-regular]:!
Missing character: There is no ═ (U+2550) in font [lmmono12-regular]:!
Missing character: There is no ═ (U+2550) in font [lmmono12-regular]:!
Missing character: There is no ═ (U+2550) in font [lmmono12-regular]:!
Missing character: There is no ═ (U+2550) in font [lmmono12-regular]:!
Missing character: There is no ═ (U+2550) in font [lmmono12-regular]:!
Missing character: There is no ═ (U+2550) in font [lmmono12-regular]:!
Missing character: There is no ═ (U+2550) in font [lmmono12-regular]:!
Missing character: There is no ═ (U+2550) in font [lmmono12-regular]:!
Missing character: There is no ═ (U+2550) in font [lmmono12-regular]:!
Missing character: There is no ═ (U+2550) in font [lmmono12-regular]:!
Missing character: There is no ═ (U+2550) in font [lmmono12-regular]:!
Missing character: There is no ═ (U+2550) in font [lmmono12-regular]:!
Missing character: There is no ═ (U+2550) in font [lmmono12-regular]:!
Missing character: There is no ═ (U+2550) in font [lmmono12-regular]:!
Missing character: There is no ═ (U+2550) in font [lmmono12-regular]:!
Missing character: There is no ═ (U+2550) in font [lmmono12-regular]:!
Missing character: There is no ═ (U+2550) in font [lmmono12-regular]:!
Missing character: There is no ═ (U+2550) in font [lmmono12-regular]:!
Missing character: There is no ═ (U+2550) in font [lmmono12-regular]:!
Missing character: There is no ═ (U+2550) in font [lmmono12-regular]:!
Missing character: There is no ═ (U+2550) in font [lmmono12-regular]:!
Missing character: There is no ═ (U+2550) in font [lmmono12-regular]:!
Missing character: There is no ═ (U+2550) in font [lmmono12-regular]:!
Missing character: There is no ═ (U+2550) in font [lmmono12-regular]:!
Missing character: There is no ═ (U+2550) in font [lmmono12-regular]:!
Missing character: There is no ═ (U+2550) in font [lmmono12-regular]:!
Missing character: There is no ═ (U+2550) in font [lmmono12-regular]:!
Missing character: There is no ═ (U+2550) in font [lmmono12-regular]:!
Missing character: There is no ═ (U+2550) in font [lmmono12-regular]:!
Missing character: There is no ═ (U+2550) in font [lmmono12-regular]:!
Missing character: There is no ═ (U+2550) in font [lmmono12-regular]:!
Missing character: There is no ═ (U+2550) in font [lmmono12-regular]:!
Missing character: There is no ═ (U+2550) in font [lmmono12-regular]:!
Missing character: There is no ═ (U+2550) in font [lmmono12-regular]:!
Missing character: There is no ═ (U+2550) in font [lmmono12-regular]:!
Missing character: There is no ═ (U+2550) in font [lmmono12-regular]:!
Missing character: There is no ═ (U+2550) in font [lmmono12-regular]:!
Missing character: There is no ═ (U+2550) in font [lmmono12-regular]:!
Missing character: There is no ═ (U+2550) in font [lmmono12-regular]:!
Missing character: There is no ═ (U+2550) in font [lmmono12-regular]:!
Missing character: There is no ═ (U+2550) in font [lmmono12-regular]:!
Missing character: There is no ═ (U+2550) in font [lmmono12-regular]:!
Missing character: There is no ═ (U+2550) in font [lmmono12-regular]:!
Missing character: There is no ═ (U+2550) in font [lmmono12-regular]:!
Missing character: There is no ═ (U+2550) in font [lmmono12-regular]:!
Missing character: There is no ═ (U+2550) in font [lmmono12-regular]:!
Missing character: There is no ═ (U+2550) in font [lmmono12-regular]:!
Missing character: There is no ═ (U+2550) in font [lmmono12-regular]:!
Missing character: There is no ═ (U+2550) in font [lmmono12-regular]:!
Missing character: There is no ═ (U+2550) in font [lmmono12-regular]:!
Missing character: There is no ═ (U+2550) in font [lmmono12-regular]:!
Missing character: There is no ═ (U+2550) in font [lmmono12-regular]:!
Missing character: There is no ═ (U+2550) in font [lmmono12-regular]:!
Missing character: There is no ═ (U+2550) in font [lmmono12-regular]:!
Missing character: There is no ═ (U+2550) in font [lmmono12-regular]:!
Missing character: There is no ═ (U+2550) in font [lmmono12-regular]:!
Missing character: There is no ═ (U+2550) in font [lmmono12-regular]:!
Missing character: There is no ═ (U+2550) in font [lmmono12-regular]:!
Missing character: There is no ═ (U+2550) in font [lmmono12-regular]:!
Missing character: There is no ═ (U+2550) in font [lmmono12-regular]:!
Missing character: There is no ═ (U+2550) in font [lmmono12-regular]:!
Missing character: There is no ═ (U+2550) in font [lmmono12-regular]:!
Missing character: There is no ═ (U+2550) in font [lmmono12-regular]:!
Missing character: There is no ═ (U+2550) in font [lmmono12-regular]:!
Missing character: There is no ═ (U+2550) in font [lmmono12-regular]:!
Missing character: There is no ═ (U+2550) in font [lmmono12-regular]:!
Missing character: There is no ═ (U+2550) in font [lmmono12-regular]:!
Missing character: There is no ═ (U+2550) in font [lmmono12-regular]:!
Missing character: There is no ═ (U+2550) in font [lmmono12-regular]:!
Missing character: There is no ═ (U+2550) in font [lmmono12-regular]:!
Missing character: There is no ═ (U+2550) in font [lmmono12-regular]:!
Missing character: There is no ═ (U+2550) in font [lmmono12-regular]:!
Missing character: There is no ═ (U+2550) in font [lmmono12-regular]:!
Missing character: There is no ═ (U+2550) in font [lmmono12-regular]:!
Missing character: There is no ═ (U+2550) in font [lmmono12-regular]:!
Missing character: There is no ═ (U+2550) in font [lmmono12-regular]:!
Missing character: There is no ═ (U+2550) in font [lmmono12-regular]:!
[441]
Missing character: There is no ═ (U+2550) in font [lmmono12-regular]:!
Missing character: There is no ═ (U+2550) in font [lmmono12-regular]:!
Missing character: There is no ═ (U+2550) in font [lmmono12-regular]:!
Missing character: There is no ═ (U+2550) in font [lmmono12-regular]:!
Missing character: There is no ═ (U+2550) in font [lmmono12-regular]:!
Missing character: There is no ═ (U+2550) in font [lmmono12-regular]:!
Missing character: There is no ═ (U+2550) in font [lmmono12-regular]:!
Missing character: There is no ═ (U+2550) in font [lmmono12-regular]:!
Missing character: There is no ═ (U+2550) in font [lmmono12-regular]:!
Missing character: There is no ═ (U+2550) in font [lmmono12-regular]:!
Missing character: There is no ═ (U+2550) in font [lmmono12-regular]:!
Missing character: There is no ═ (U+2550) in font [lmmono12-regular]:!
Missing character: There is no ═ (U+2550) in font [lmmono12-regular]:!
Missing character: There is no ═ (U+2550) in font [lmmono12-regular]:!
Missing character: There is no ═ (U+2550) in font [lmmono12-regular]:!
Missing character: There is no ═ (U+2550) in font [lmmono12-regular]:!
Missing character: There is no ═ (U+2550) in font [lmmono12-regular]:!
Missing character: There is no ═ (U+2550) in font [lmmono12-regular]:!
Missing character: There is no ═ (U+2550) in font [lmmono12-regular]:!
Missing character: There is no ═ (U+2550) in font [lmmono12-regular]:!
Missing character: There is no ═ (U+2550) in font [lmmono12-regular]:!
Missing character: There is no ═ (U+2550) in font [lmmono12-regular]:!
Missing character: There is no ═ (U+2550) in font [lmmono12-regular]:!
Missing character: There is no ═ (U+2550) in font [lmmono12-regular]:!
Missing character: There is no ═ (U+2550) in font [lmmono12-regular]:!
Missing character: There is no ═ (U+2550) in font [lmmono12-regular]:!
Missing character: There is no ═ (U+2550) in font [lmmono12-regular]:!
Missing character: There is no ═ (U+2550) in font [lmmono12-regular]:!
Missing character: There is no ═ (U+2550) in font [lmmono12-regular]:!
Missing character: There is no ═ (U+2550) in font [lmmono12-regular]:!
Missing character: There is no ═ (U+2550) in font [lmmono12-regular]:!
Missing character: There is no ═ (U+2550) in font [lmmono12-regular]:!
Missing character: There is no ═ (U+2550) in font [lmmono12-regular]:!
Missing character: There is no ═ (U+2550) in font [lmmono12-regular]:!
Missing character: There is no ═ (U+2550) in font [lmmono12-regular]:!
Missing character: There is no ═ (U+2550) in font [lmmono12-regular]:!
Missing character: There is no ═ (U+2550) in font [lmmono12-regular]:!
Missing character: There is no ═ (U+2550) in font [lmmono12-regular]:!
Missing character: There is no ═ (U+2550) in font [lmmono12-regular]:!
Missing character: There is no ═ (U+2550) in font [lmmono12-regular]:!
Missing character: There is no ═ (U+2550) in font [lmmono12-regular]:!
Missing character: There is no ═ (U+2550) in font [lmmono12-regular]:!
Missing character: There is no ═ (U+2550) in font [lmmono12-regular]:!
Missing character: There is no ═ (U+2550) in font [lmmono12-regular]:!
Missing character: There is no ═ (U+2550) in font [lmmono12-regular]:!
Missing character: There is no ═ (U+2550) in font [lmmono12-regular]:!
Missing character: There is no ═ (U+2550) in font [lmmono12-regular]:!
Missing character: There is no ═ (U+2550) in font [lmmono12-regular]:!
Missing character: There is no ═ (U+2550) in font [lmmono12-regular]:!
Missing character: There is no ═ (U+2550) in font [lmmono12-regular]:!
Missing character: There is no ═ (U+2550) in font [lmmono12-regular]:!
Missing character: There is no ═ (U+2550) in font [lmmono12-regular]:!
Missing character: There is no ═ (U+2550) in font [lmmono12-regular]:!
Missing character: There is no ═ (U+2550) in font [lmmono12-regular]:!
Missing character: There is no ═ (U+2550) in font [lmmono12-regular]:!
Missing character: There is no ═ (U+2550) in font [lmmono12-regular]:!
Missing character: There is no ═ (U+2550) in font [lmmono12-regular]:!
Missing character: There is no ═ (U+2550) in font [lmmono12-regular]:!
Missing character: There is no ═ (U+2550) in font [lmmono12-regular]:!
Missing character: There is no ═ (U+2550) in font [lmmono12-regular]:!
Missing character: There is no ═ (U+2550) in font [lmmono12-regular]:!
Missing character: There is no ═ (U+2550) in font [lmmono12-regular]:!
Missing character: There is no ═ (U+2550) in font [lmmono12-regular]:!
Missing character: There is no ═ (U+2550) in font [lmmono12-regular]:!
Missing character: There is no ═ (U+2550) in font [lmmono12-regular]:!
Missing character: There is no ═ (U+2550) in font [lmmono12-regular]:!
Missing character: There is no ═ (U+2550) in font [lmmono12-regular]:!
Missing character: There is no ═ (U+2550) in font [lmmono12-regular]:!
Missing character: There is no ═ (U+2550) in font [lmmono12-regular]:!
Missing character: There is no ═ (U+2550) in font [lmmono12-regular]:!
Missing character: There is no ═ (U+2550) in font [lmmono12-regular]:!
Missing character: There is no ═ (U+2550) in font [lmmono12-regular]:!
Missing character: There is no ═ (U+2550) in font [lmmono12-regular]:!
Missing character: There is no ═ (U+2550) in font [lmmono12-regular]:!
Missing character: There is no ═ (U+2550) in font [lmmono12-regular]:!
Missing character: There is no ═ (U+2550) in font [lmmono12-regular]:!
Missing character: There is no ═ (U+2550) in font [lmmono12-regular]:!
Missing character: There is no ═ (U+2550) in font [lmmono12-regular]:!
Missing character: There is no ═ (U+2550) in font [lmmono12-regular]:!
Missing character: There is no ═ (U+2550) in font [lmmono12-regular]:!
Missing character: There is no ═ (U+2550) in font [lmmono12-regular]:!
Missing character: There is no ═ (U+2550) in font [lmmono12-regular]:!
Missing character: There is no ═ (U+2550) in font [lmmono12-regular]:!
Missing character: There is no ═ (U+2550) in font [lmmono12-regular]:!
Missing character: There is no ═ (U+2550) in font [lmmono12-regular]:!
Missing character: There is no ═ (U+2550) in font [lmmono12-regular]:!
Missing character: There is no ═ (U+2550) in font [lmmono12-regular]:!
Missing character: There is no ═ (U+2550) in font [lmmono12-regular]:!
Missing character: There is no ═ (U+2550) in font [lmmono12-regular]:!
Missing character: There is no ═ (U+2550) in font [lmmono12-regular]:!
Missing character: There is no ═ (U+2550) in font [lmmono12-regular]:!
Missing character: There is no ═ (U+2550) in font [lmmono12-regular]:!
Missing character: There is no ═ (U+2550) in font [lmmono12-regular]:!
Missing character: There is no ═ (U+2550) in font [lmmono12-regular]:!
Missing character: There is no ═ (U+2550) in font [lmmono12-regular]:!
Missing character: There is no ═ (U+2550) in font [lmmono12-regular]:!
Missing character: There is no ═ (U+2550) in font [lmmono12-regular]:!
Missing character: There is no ═ (U+2550) in font [lmmono12-regular]:!
Missing character: There is no ═ (U+2550) in font [lmmono12-regular]:!
Missing character: There is no ═ (U+2550) in font [lmmono12-regular]:!
Missing character: There is no ═ (U+2550) in font [lmmono12-regular]:!
Missing character: There is no ═ (U+2550) in font [lmmono12-regular]:!
Missing character: There is no ═ (U+2550) in font [lmmono12-regular]:!
Missing character: There is no ═ (U+2550) in font [lmmono12-regular]:!
Missing character: There is no ═ (U+2550) in font [lmmono12-regular]:!
Missing character: There is no ═ (U+2550) in font [lmmono12-regular]:!
Missing character: There is no ═ (U+2550) in font [lmmono12-regular]:!
Missing character: There is no ═ (U+2550) in font [lmmono12-regular]:!
Missing character: There is no ═ (U+2550) in font [lmmono12-regular]:!
Missing character: There is no ═ (U+2550) in font [lmmono12-regular]:!
Missing character: There is no ═ (U+2550) in font [lmmono12-regular]:!
Missing character: There is no ═ (U+2550) in font [lmmono12-regular]:!
Missing character: There is no ═ (U+2550) in font [lmmono12-regular]:!
Missing character: There is no ═ (U+2550) in font [lmmono12-regular]:!
Missing character: There is no ═ (U+2550) in font [lmmono12-regular]:!
Missing character: There is no ═ (U+2550) in font [lmmono12-regular]:!
Missing character: There is no ═ (U+2550) in font [lmmono12-regular]:!
Missing character: There is no ═ (U+2550) in font [lmmono12-regular]:!
Missing character: There is no ═ (U+2550) in font [lmmono12-regular]:!
Missing character: There is no ═ (U+2550) in font [lmmono12-regular]:!
Missing character: There is no ═ (U+2550) in font [lmmono12-regular]:!
Missing character: There is no ═ (U+2550) in font [lmmono12-regular]:!
Missing character: There is no ═ (U+2550) in font [lmmono12-regular]:!
Missing character: There is no ═ (U+2550) in font [lmmono12-regular]:!
Missing character: There is no ═ (U+2550) in font [lmmono12-regular]:!
Missing character: There is no ═ (U+2550) in font [lmmono12-regular]:!
Missing character: There is no ═ (U+2550) in font [lmmono12-regular]:!
Missing character: There is no ═ (U+2550) in font [lmmono12-regular]:!
Missing character: There is no ═ (U+2550) in font [lmmono12-regular]:!
Missing character: There is no ═ (U+2550) in font [lmmono12-regular]:!
Missing character: There is no ═ (U+2550) in font [lmmono12-regular]:!
Missing character: There is no ═ (U+2550) in font [lmmono12-regular]:!
Missing character: There is no ═ (U+2550) in font [lmmono12-regular]:!
Missing character: There is no ═ (U+2550) in font [lmmono12-regular]:!
Missing character: There is no ═ (U+2550) in font [lmmono12-regular]:!
Missing character: There is no ═ (U+2550) in font [lmmono12-regular]:!
Missing character: There is no ═ (U+2550) in font [lmmono12-regular]:!
Missing character: There is no ═ (U+2550) in font [lmmono12-regular]:!
Missing character: There is no ═ (U+2550) in font [lmmono12-regular]:!
Missing character: There is no ═ (U+2550) in font [lmmono12-regular]:!
Missing character: There is no ═ (U+2550) in font [lmmono12-regular]:!
Missing character: There is no ═ (U+2550) in font [lmmono12-regular]:!
Missing character: There is no ═ (U+2550) in font [lmmono12-regular]:!
Missing character: There is no ═ (U+2550) in font [lmmono12-regular]:!
Missing character: There is no ═ (U+2550) in font [lmmono12-regular]:!
Missing character: There is no ═ (U+2550) in font [lmmono12-regular]:!
Missing character: There is no ═ (U+2550) in font [lmmono12-regular]:!
Missing character: There is no ═ (U+2550) in font [lmmono12-regular]:!
Missing character: There is no ═ (U+2550) in font [lmmono12-regular]:!
Missing character: There is no ═ (U+2550) in font [lmmono12-regular]:!
Missing character: There is no μ (U+03BC) in font [lmmono12-regular]:!
Missing character: There is no μ (U+03BC) in font [lmmono12-regular]:!
Missing character: There is no ═ (U+2550) in font [lmmono12-regular]:!
Missing character: There is no ═ (U+2550) in font [lmmono12-regular]:!
Missing character: There is no ═ (U+2550) in font [lmmono12-regular]:!
Missing character: There is no ═ (U+2550) in font [lmmono12-regular]:!
Missing character: There is no ═ (U+2550) in font [lmmono12-regular]:!
Missing character: There is no ═ (U+2550) in font [lmmono12-regular]:!
Missing character: There is no ═ (U+2550) in font [lmmono12-regular]:!
Missing character: There is no ═ (U+2550) in font [lmmono12-regular]:!
Missing character: There is no ═ (U+2550) in font [lmmono12-regular]:!
Missing character: There is no ═ (U+2550) in font [lmmono12-regular]:!
Missing character: There is no ═ (U+2550) in font [lmmono12-regular]:!
Missing character: There is no ═ (U+2550) in font [lmmono12-regular]:!
Missing character: There is no ═ (U+2550) in font [lmmono12-regular]:!
Missing character: There is no ═ (U+2550) in font [lmmono12-regular]:!
Missing character: There is no ═ (U+2550) in font [lmmono12-regular]:!
Missing character: There is no ═ (U+2550) in font [lmmono12-regular]:!
Missing character: There is no ═ (U+2550) in font [lmmono12-regular]:!
Missing character: There is no ═ (U+2550) in font [lmmono12-regular]:!
Missing character: There is no ═ (U+2550) in font [lmmono12-regular]:!
Missing character: There is no ═ (U+2550) in font [lmmono12-regular]:!
Missing character: There is no ═ (U+2550) in font [lmmono12-regular]:!
Missing character: There is no ═ (U+2550) in font [lmmono12-regular]:!
Missing character: There is no ═ (U+2550) in font [lmmono12-regular]:!
Missing character: There is no ═ (U+2550) in font [lmmono12-regular]:!
Missing character: There is no ═ (U+2550) in font [lmmono12-regular]:!
Missing character: There is no ═ (U+2550) in font [lmmono12-regular]:!
Missing character: There is no ═ (U+2550) in font [lmmono12-regular]:!
Missing character: There is no ═ (U+2550) in font [lmmono12-regular]:!
Missing character: There is no ═ (U+2550) in font [lmmono12-regular]:!
Missing character: There is no ═ (U+2550) in font [lmmono12-regular]:!
Missing character: There is no ═ (U+2550) in font [lmmono12-regular]:!
Missing character: There is no ═ (U+2550) in font [lmmono12-regular]:!
Missing character: There is no ═ (U+2550) in font [lmmono12-regular]:!
Missing character: There is no ═ (U+2550) in font [lmmono12-regular]:!
Missing character: There is no ═ (U+2550) in font [lmmono12-regular]:!
Missing character: There is no ═ (U+2550) in font [lmmono12-regular]:!
Missing character: There is no ═ (U+2550) in font [lmmono12-regular]:!
Missing character: There is no ═ (U+2550) in font [lmmono12-regular]:!
Missing character: There is no ═ (U+2550) in font [lmmono12-regular]:!
Missing character: There is no ═ (U+2550) in font [lmmono12-regular]:!
Missing character: There is no ═ (U+2550) in font [lmmono12-regular]:!
Missing character: There is no ═ (U+2550) in font [lmmono12-regular]:!
Missing character: There is no ═ (U+2550) in font [lmmono12-regular]:!
Missing character: There is no ═ (U+2550) in font [lmmono12-regular]:!
Missing character: There is no ═ (U+2550) in font [lmmono12-regular]:!
Missing character: There is no ═ (U+2550) in font [lmmono12-regular]:!
Missing character: There is no ═ (U+2550) in font [lmmono12-regular]:!
Missing character: There is no ═ (U+2550) in font [lmmono12-regular]:!
Missing character: There is no ═ (U+2550) in font [lmmono12-regular]:!
Missing character: There is no ═ (U+2550) in font [lmmono12-regular]:!
Missing character: There is no ═ (U+2550) in font [lmmono12-regular]:!
Missing character: There is no ═ (U+2550) in font [lmmono12-regular]:!
Missing character: There is no ═ (U+2550) in font [lmmono12-regular]:!
Missing character: There is no ═ (U+2550) in font [lmmono12-regular]:!
Missing character: There is no ═ (U+2550) in font [lmmono12-regular]:!
Missing character: There is no ═ (U+2550) in font [lmmono12-regular]:!
Missing character: There is no ═ (U+2550) in font [lmmono12-regular]:!
Missing character: There is no ═ (U+2550) in font [lmmono12-regular]:!
Missing character: There is no ═ (U+2550) in font [lmmono12-regular]:!
Missing character: There is no ═ (U+2550) in font [lmmono12-regular]:!
Missing character: There is no ═ (U+2550) in font [lmmono12-regular]:!
Missing character: There is no ═ (U+2550) in font [lmmono12-regular]:!
Missing character: There is no ═ (U+2550) in font [lmmono12-regular]:!
Missing character: There is no ═ (U+2550) in font [lmmono12-regular]:!
Missing character: There is no ═ (U+2550) in font [lmmono12-regular]:!
Missing character: There is no ═ (U+2550) in font [lmmono12-regular]:!
Missing character: There is no ═ (U+2550) in font [lmmono12-regular]:!
Missing character: There is no ═ (U+2550) in font [lmmono12-regular]:!
Missing character: There is no ═ (U+2550) in font [lmmono12-regular]:!
Missing character: There is no ═ (U+2550) in font [lmmono12-regular]:!
Missing character: There is no ═ (U+2550) in font [lmmono12-regular]:!
Missing character: There is no ═ (U+2550) in font [lmmono12-regular]:!
Missing character: There is no ═ (U+2550) in font [lmmono12-regular]:!
Missing character: There is no ═ (U+2550) in font [lmmono12-regular]:!
Missing character: There is no ═ (U+2550) in font [lmmono12-regular]:!
Missing character: There is no ═ (U+2550) in font [lmmono12-regular]:!
Missing character: There is no ═ (U+2550) in font [lmmono12-regular]:!
Missing character: There is no ═ (U+2550) in font [lmmono12-regular]:!
Missing character: There is no ═ (U+2550) in font [lmmono12-regular]:!
Missing character: There is no ═ (U+2550) in font [lmmono12-regular]:!
Missing character: There is no ═ (U+2550) in font [lmmono12-regular]:!
Missing character: There is no ═ (U+2550) in font [lmmono12-regular]:!
Missing character: There is no ═ (U+2550) in font [lmmono12-regular]:!
Missing character: There is no ═ (U+2550) in font [lmmono12-regular]:!
Missing character: There is no ═ (U+2550) in font [lmmono12-regular]:!
Missing character: There is no ═ (U+2550) in font [lmmono12-regular]:!
Missing character: There is no ═ (U+2550) in font [lmmono12-regular]:!
Missing character: There is no ═ (U+2550) in font [lmmono12-regular]:!
Missing character: There is no ═ (U+2550) in font [lmmono12-regular]:!
Missing character: There is no ═ (U+2550) in font [lmmono12-regular]:!
Missing character: There is no ═ (U+2550) in font [lmmono12-regular]:!
Missing character: There is no ═ (U+2550) in font [lmmono12-regular]:!
Missing character: There is no ═ (U+2550) in font [lmmono12-regular]:!
Missing character: There is no ═ (U+2550) in font [lmmono12-regular]:!
Missing character: There is no ═ (U+2550) in font [lmmono12-regular]:!
Missing character: There is no ═ (U+2550) in font [lmmono12-regular]:!
Missing character: There is no ═ (U+2550) in font [lmmono12-regular]:!
Missing character: There is no ═ (U+2550) in font [lmmono12-regular]:!
Missing character: There is no ═ (U+2550) in font [lmmono12-regular]:!
Missing character: There is no ═ (U+2550) in font [lmmono12-regular]:!
Missing character: There is no ═ (U+2550) in font [lmmono12-regular]:!
Missing character: There is no ═ (U+2550) in font [lmmono12-regular]:!
Missing character: There is no ═ (U+2550) in font [lmmono12-regular]:!
Missing character: There is no ═ (U+2550) in font [lmmono12-regular]:!
Missing character: There is no ═ (U+2550) in font [lmmono12-regular]:!
Missing character: There is no ═ (U+2550) in font [lmmono12-regular]:!
Missing character: There is no ═ (U+2550) in font [lmmono12-regular]:!
Missing character: There is no ═ (U+2550) in font [lmmono12-regular]:!
Missing character: There is no ═ (U+2550) in font [lmmono12-regular]:!
Missing character: There is no ═ (U+2550) in font [lmmono12-regular]:!
Missing character: There is no ═ (U+2550) in font [lmmono12-regular]:!
Missing character: There is no ═ (U+2550) in font [lmmono12-regular]:!
Missing character: There is no ═ (U+2550) in font [lmmono12-regular]:!
Missing character: There is no ═ (U+2550) in font [lmmono12-regular]:!
Missing character: There is no ═ (U+2550) in font [lmmono12-regular]:!
Missing character: There is no ═ (U+2550) in font [lmmono12-regular]:!
Missing character: There is no ═ (U+2550) in font [lmmono12-regular]:!
Missing character: There is no ═ (U+2550) in font [lmmono12-regular]:!
Missing character: There is no ═ (U+2550) in font [lmmono12-regular]:!
Missing character: There is no ═ (U+2550) in font [lmmono12-regular]:!
Missing character: There is no ═ (U+2550) in font [lmmono12-regular]:!
Missing character: There is no ═ (U+2550) in font [lmmono12-regular]:!
Missing character: There is no ═ (U+2550) in font [lmmono12-regular]:!
Missing character: There is no ═ (U+2550) in font [lmmono12-regular]:!
Missing character: There is no ═ (U+2550) in font [lmmono12-regular]:!
Missing character: There is no ═ (U+2550) in font [lmmono12-regular]:!
Missing character: There is no ═ (U+2550) in font [lmmono12-regular]:!
Missing character: There is no ═ (U+2550) in font [lmmono12-regular]:!
Missing character: There is no ═ (U+2550) in font [lmmono12-regular]:!
Missing character: There is no ═ (U+2550) in font [lmmono12-regular]:!
Missing character: There is no ═ (U+2550) in font [lmmono12-regular]:!
Missing character: There is no ═ (U+2550) in font [lmmono12-regular]:!
Missing character: There is no ═ (U+2550) in font [lmmono12-regular]:!
Missing character: There is no ═ (U+2550) in font [lmmono12-regular]:!
Missing character: There is no ═ (U+2550) in font [lmmono12-regular]:!
Missing character: There is no ═ (U+2550) in font [lmmono12-regular]:!
Missing character: There is no ═ (U+2550) in font [lmmono12-regular]:!
Missing character: There is no ═ (U+2550) in font [lmmono12-regular]:!
Missing character: There is no ═ (U+2550) in font [lmmono12-regular]:!
Missing character: There is no ═ (U+2550) in font [lmmono12-regular]:!
Missing character: There is no ═ (U+2550) in font [lmmono12-regular]:!
Missing character: There is no ═ (U+2550) in font [lmmono12-regular]:!
Missing character: There is no ═ (U+2550) in font [lmmono12-regular]:!
Missing character: There is no ═ (U+2550) in font [lmmono12-regular]:!
Missing character: There is no ═ (U+2550) in font [lmmono12-regular]:!
Missing character: There is no ═ (U+2550) in font [lmmono12-regular]:!
Missing character: There is no ═ (U+2550) in font [lmmono12-regular]:!
Missing character: There is no ═ (U+2550) in font [lmmono12-regular]:!
Missing character: There is no ═ (U+2550) in font [lmmono12-regular]:!
Missing character: There is no ═ (U+2550) in font [lmmono12-regular]:!

Overfull \hbox (51.51585pt too wide) in paragraph at lines 20277--20277
[]\TU/lmtt/m/n/12 \caption{\label{tab:unnamed-chunk-4}Número de acertos (em 100) por participante}\\[] 
 []

[442]
Missing character: There is no ═ (U+2550) in font [lmmono12-regular]:!
Missing character: There is no ═ (U+2550) in font [lmmono12-regular]:!
Missing character: There is no ═ (U+2550) in font [lmmono12-regular]:!
Missing character: There is no ═ (U+2550) in font [lmmono12-regular]:!
Missing character: There is no ═ (U+2550) in font [lmmono12-regular]:!
Missing character: There is no ═ (U+2550) in font [lmmono12-regular]:!
Missing character: There is no ═ (U+2550) in font [lmmono12-regular]:!
Missing character: There is no ═ (U+2550) in font [lmmono12-regular]:!
Missing character: There is no ═ (U+2550) in font [lmmono12-regular]:!
Missing character: There is no ═ (U+2550) in font [lmmono12-regular]:!
Missing character: There is no ═ (U+2550) in font [lmmono12-regular]:!
Missing character: There is no ═ (U+2550) in font [lmmono12-regular]:!
Missing character: There is no ═ (U+2550) in font [lmmono12-regular]:!
Missing character: There is no ═ (U+2550) in font [lmmono12-regular]:!
Missing character: There is no ═ (U+2550) in font [lmmono12-regular]:!
Missing character: There is no ═ (U+2550) in font [lmmono12-regular]:!
Missing character: There is no ═ (U+2550) in font [lmmono12-regular]:!
Missing character: There is no ═ (U+2550) in font [lmmono12-regular]:!
Missing character: There is no ═ (U+2550) in font [lmmono12-regular]:!
Missing character: There is no ═ (U+2550) in font [lmmono12-regular]:!
Missing character: There is no ═ (U+2550) in font [lmmono12-regular]:!
Missing character: There is no ═ (U+2550) in font [lmmono12-regular]:!
Missing character: There is no ═ (U+2550) in font [lmmono12-regular]:!
Missing character: There is no ═ (U+2550) in font [lmmono12-regular]:!
Missing character: There is no ═ (U+2550) in font [lmmono12-regular]:!
Missing character: There is no ═ (U+2550) in font [lmmono12-regular]:!
Missing character: There is no ═ (U+2550) in font [lmmono12-regular]:!
Missing character: There is no ═ (U+2550) in font [lmmono12-regular]:!
Missing character: There is no ═ (U+2550) in font [lmmono12-regular]:!
Missing character: There is no ═ (U+2550) in font [lmmono12-regular]:!
Missing character: There is no ═ (U+2550) in font [lmmono12-regular]:!
Missing character: There is no ═ (U+2550) in font [lmmono12-regular]:!
Missing character: There is no ═ (U+2550) in font [lmmono12-regular]:!
Missing character: There is no ═ (U+2550) in font [lmmono12-regular]:!
Missing character: There is no ═ (U+2550) in font [lmmono12-regular]:!
Missing character: There is no ═ (U+2550) in font [lmmono12-regular]:!
Missing character: There is no ═ (U+2550) in font [lmmono12-regular]:!
Missing character: There is no ═ (U+2550) in font [lmmono12-regular]:!
Missing character: There is no ═ (U+2550) in font [lmmono12-regular]:!
Missing character: There is no ═ (U+2550) in font [lmmono12-regular]:!
Missing character: There is no ═ (U+2550) in font [lmmono12-regular]:!
Missing character: There is no ═ (U+2550) in font [lmmono12-regular]:!
Missing character: There is no ═ (U+2550) in font [lmmono12-regular]:!
Missing character: There is no ═ (U+2550) in font [lmmono12-regular]:!
Missing character: There is no ═ (U+2550) in font [lmmono12-regular]:!
Missing character: There is no ═ (U+2550) in font [lmmono12-regular]:!
Missing character: There is no ═ (U+2550) in font [lmmono12-regular]:!
Missing character: There is no ═ (U+2550) in font [lmmono12-regular]:!
Missing character: There is no ═ (U+2550) in font [lmmono12-regular]:!
Missing character: There is no ═ (U+2550) in font [lmmono12-regular]:!
Missing character: There is no ═ (U+2550) in font [lmmono12-regular]:!
Missing character: There is no ═ (U+2550) in font [lmmono12-regular]:!
Missing character: There is no ═ (U+2550) in font [lmmono12-regular]:!
Missing character: There is no ═ (U+2550) in font [lmmono12-regular]:!
Missing character: There is no ═ (U+2550) in font [lmmono12-regular]:!
Missing character: There is no ═ (U+2550) in font [lmmono12-regular]:!
Missing character: There is no ═ (U+2550) in font [lmmono12-regular]:!
Missing character: There is no ═ (U+2550) in font [lmmono12-regular]:!
Missing character: There is no ═ (U+2550) in font [lmmono12-regular]:!
Missing character: There is no ═ (U+2550) in font [lmmono12-regular]:!
Missing character: There is no ═ (U+2550) in font [lmmono12-regular]:!
Missing character: There is no ═ (U+2550) in font [lmmono12-regular]:!
Missing character: There is no ═ (U+2550) in font [lmmono12-regular]:!
Missing character: There is no ═ (U+2550) in font [lmmono12-regular]:!
Missing character: There is no ═ (U+2550) in font [lmmono12-regular]:!
Missing character: There is no ═ (U+2550) in font [lmmono12-regular]:!
Missing character: There is no ═ (U+2550) in font [lmmono12-regular]:!
Missing character: There is no ═ (U+2550) in font [lmmono12-regular]:!
Missing character: There is no ═ (U+2550) in font [lmmono12-regular]:!
Missing character: There is no ═ (U+2550) in font [lmmono12-regular]:!
Missing character: There is no ═ (U+2550) in font [lmmono12-regular]:!
Missing character: There is no ═ (U+2550) in font [lmmono12-regular]:!
Missing character: There is no ═ (U+2550) in font [lmmono12-regular]:!
Missing character: There is no ═ (U+2550) in font [lmmono12-regular]:!
Missing character: There is no ═ (U+2550) in font [lmmono12-regular]:!
Missing character: There is no ═ (U+2550) in font [lmmono12-regular]:!
Missing character: There is no ═ (U+2550) in font [lmmono12-regular]:!
Missing character: There is no ═ (U+2550) in font [lmmono12-regular]:!
Missing character: There is no ═ (U+2550) in font [lmmono12-regular]:!
Missing character: There is no ═ (U+2550) in font [lmmono12-regular]:!
Missing character: There is no ═ (U+2550) in font [lmmono12-regular]:!
Missing character: There is no ═ (U+2550) in font [lmmono12-regular]:!
Missing character: There is no ═ (U+2550) in font [lmmono12-regular]:!
Missing character: There is no ═ (U+2550) in font [lmmono12-regular]:!
Missing character: There is no ═ (U+2550) in font [lmmono12-regular]:!
Missing character: There is no ═ (U+2550) in font [lmmono12-regular]:!
Missing character: There is no ═ (U+2550) in font [lmmono12-regular]:!
Missing character: There is no ═ (U+2550) in font [lmmono12-regular]:!
Missing character: There is no ═ (U+2550) in font [lmmono12-regular]:!
Missing character: There is no ═ (U+2550) in font [lmmono12-regular]:!
Missing character: There is no ═ (U+2550) in font [lmmono12-regular]:!
Missing character: There is no ═ (U+2550) in font [lmmono12-regular]:!
Missing character: There is no ═ (U+2550) in font [lmmono12-regular]:!
Missing character: There is no ═ (U+2550) in font [lmmono12-regular]:!
Missing character: There is no ═ (U+2550) in font [lmmono12-regular]:!
Missing character: There is no ═ (U+2550) in font [lmmono12-regular]:!
Missing character: There is no ═ (U+2550) in font [lmmono12-regular]:!
Missing character: There is no ═ (U+2550) in font [lmmono12-regular]:!
Missing character: There is no ═ (U+2550) in font [lmmono12-regular]:!
Missing character: There is no ═ (U+2550) in font [lmmono12-regular]:!
Missing character: There is no ═ (U+2550) in font [lmmono12-regular]:!
Missing character: There is no ═ (U+2550) in font [lmmono12-regular]:!
Missing character: There is no ═ (U+2550) in font [lmmono12-regular]:!
Missing character: There is no ═ (U+2550) in font [lmmono12-regular]:!
Missing character: There is no ═ (U+2550) in font [lmmono12-regular]:!
Missing character: There is no ═ (U+2550) in font [lmmono12-regular]:!
Missing character: There is no ═ (U+2550) in font [lmmono12-regular]:!
Missing character: There is no ═ (U+2550) in font [lmmono12-regular]:!
Missing character: There is no ═ (U+2550) in font [lmmono12-regular]:!
Missing character: There is no ═ (U+2550) in font [lmmono12-regular]:!
Missing character: There is no ═ (U+2550) in font [lmmono12-regular]:!
Missing character: There is no ═ (U+2550) in font [lmmono12-regular]:!
Missing character: There is no ═ (U+2550) in font [lmmono12-regular]:!
Missing character: There is no ═ (U+2550) in font [lmmono12-regular]:!
Missing character: There is no ═ (U+2550) in font [lmmono12-regular]:!
Missing character: There is no ═ (U+2550) in font [lmmono12-regular]:!
Missing character: There is no ═ (U+2550) in font [lmmono12-regular]:!
Missing character: There is no ═ (U+2550) in font [lmmono12-regular]:!
Missing character: There is no ═ (U+2550) in font [lmmono12-regular]:!
Missing character: There is no ═ (U+2550) in font [lmmono12-regular]:!
Missing character: There is no ═ (U+2550) in font [lmmono12-regular]:!
Missing character: There is no ═ (U+2550) in font [lmmono12-regular]:!
Missing character: There is no ═ (U+2550) in font [lmmono12-regular]:!
Missing character: There is no ═ (U+2550) in font [lmmono12-regular]:!
Missing character: There is no ═ (U+2550) in font [lmmono12-regular]:!
Missing character: There is no ═ (U+2550) in font [lmmono12-regular]:!
Missing character: There is no ═ (U+2550) in font [lmmono12-regular]:!
Missing character: There is no ═ (U+2550) in font [lmmono12-regular]:!
Missing character: There is no ═ (U+2550) in font [lmmono12-regular]:!
Missing character: There is no ═ (U+2550) in font [lmmono12-regular]:!
Missing character: There is no ═ (U+2550) in font [lmmono12-regular]:!
Missing character: There is no ═ (U+2550) in font [lmmono12-regular]:!
Missing character: There is no ═ (U+2550) in font [lmmono12-regular]:!
Missing character: There is no ═ (U+2550) in font [lmmono12-regular]:!
Missing character: There is no ═ (U+2550) in font [lmmono12-regular]:!
Missing character: There is no ═ (U+2550) in font [lmmono12-regular]:!
Missing character: There is no ═ (U+2550) in font [lmmono12-regular]:!
Missing character: There is no ═ (U+2550) in font [lmmono12-regular]:!
Missing character: There is no ═ (U+2550) in font [lmmono12-regular]:!
Missing character: There is no ═ (U+2550) in font [lmmono12-regular]:!
Missing character: There is no ═ (U+2550) in font [lmmono12-regular]:!
Missing character: There is no ═ (U+2550) in font [lmmono12-regular]:!
Missing character: There is no ═ (U+2550) in font [lmmono12-regular]:!
Missing character: There is no ═ (U+2550) in font [lmmono12-regular]:!
Missing character: There is no ═ (U+2550) in font [lmmono12-regular]:!
Missing character: There is no ═ (U+2550) in font [lmmono12-regular]:!
Missing character: There is no ═ (U+2550) in font [lmmono12-regular]:!
Missing character: There is no ═ (U+2550) in font [lmmono12-regular]:!
Missing character: There is no ═ (U+2550) in font [lmmono12-regular]:!
Missing character: There is no ═ (U+2550) in font [lmmono12-regular]:!
Missing character: There is no ✓ (U+2713) in font [lmmono12-regular]:!
Missing character: There is no ✓ (U+2713) in font [lmmono12-regular]:!
Missing character: There is no ✓ (U+2713) in font [lmmono12-regular]:!
Missing character: There is no ✓ (U+2713) in font [lmmono12-regular]:!
Missing character: There is no ₀ (U+2080) in font [lmmono12-regular]:!
[443]
Missing character: There is no α (U+03B1) in font [lmmono12-regular]:!
Missing character: There is no α (U+03B1) in font [lmmono12-regular]:!
Missing character: There is no ₀ (U+2080) in font [lmmono12-regular]:!
Missing character: There is no ₀ (U+2080) in font [lmmono12-regular]:!
Missing character: There is no ₂ (U+2082) in font [lmmono12-regular]:!
Missing character: There is no ₅ (U+2085) in font [lmmono12-regular]:!
Missing character: There is no ₂ (U+2082) in font [lmmono12-regular]:!
Missing character: There is no ₃ (U+2083) in font [lmmono12-regular]:!
Missing character: There is no ═ (U+2550) in font [lmmono12-regular]:!
Missing character: There is no ═ (U+2550) in font [lmmono12-regular]:!
Missing character: There is no ═ (U+2550) in font [lmmono12-regular]:!
Missing character: There is no ═ (U+2550) in font [lmmono12-regular]:!
Missing character: There is no ═ (U+2550) in font [lmmono12-regular]:!
Missing character: There is no ═ (U+2550) in font [lmmono12-regular]:!
Missing character: There is no ═ (U+2550) in font [lmmono12-regular]:!
Missing character: There is no ═ (U+2550) in font [lmmono12-regular]:!
Missing character: There is no ═ (U+2550) in font [lmmono12-regular]:!
Missing character: There is no ═ (U+2550) in font [lmmono12-regular]:!
Missing character: There is no ═ (U+2550) in font [lmmono12-regular]:!
Missing character: There is no ═ (U+2550) in font [lmmono12-regular]:!
Missing character: There is no ═ (U+2550) in font [lmmono12-regular]:!
Missing character: There is no ═ (U+2550) in font [lmmono12-regular]:!
Missing character: There is no ═ (U+2550) in font [lmmono12-regular]:!
Missing character: There is no ═ (U+2550) in font [lmmono12-regular]:!
Missing character: There is no ═ (U+2550) in font [lmmono12-regular]:!
Missing character: There is no ═ (U+2550) in font [lmmono12-regular]:!
Missing character: There is no ═ (U+2550) in font [lmmono12-regular]:!
Missing character: There is no ═ (U+2550) in font [lmmono12-regular]:!
Missing character: There is no ═ (U+2550) in font [lmmono12-regular]:!
Missing character: There is no ═ (U+2550) in font [lmmono12-regular]:!
Missing character: There is no ═ (U+2550) in font [lmmono12-regular]:!
Missing character: There is no ═ (U+2550) in font [lmmono12-regular]:!
Missing character: There is no ═ (U+2550) in font [lmmono12-regular]:!
Missing character: There is no ═ (U+2550) in font [lmmono12-regular]:!
Missing character: There is no ═ (U+2550) in font [lmmono12-regular]:!
Missing character: There is no ═ (U+2550) in font [lmmono12-regular]:!
Missing character: There is no ═ (U+2550) in font [lmmono12-regular]:!
Missing character: There is no ═ (U+2550) in font [lmmono12-regular]:!
Missing character: There is no ═ (U+2550) in font [lmmono12-regular]:!
Missing character: There is no ═ (U+2550) in font [lmmono12-regular]:!
Missing character: There is no ═ (U+2550) in font [lmmono12-regular]:!
Missing character: There is no ═ (U+2550) in font [lmmono12-regular]:!
Missing character: There is no ═ (U+2550) in font [lmmono12-regular]:!
Missing character: There is no ═ (U+2550) in font [lmmono12-regular]:!
Missing character: There is no ═ (U+2550) in font [lmmono12-regular]:!
Missing character: There is no ═ (U+2550) in font [lmmono12-regular]:!
Missing character: There is no ═ (U+2550) in font [lmmono12-regular]:!
Missing character: There is no ═ (U+2550) in font [lmmono12-regular]:!
Missing character: There is no ═ (U+2550) in font [lmmono12-regular]:!
Missing character: There is no ═ (U+2550) in font [lmmono12-regular]:!
Missing character: There is no ═ (U+2550) in font [lmmono12-regular]:!
Missing character: There is no ═ (U+2550) in font [lmmono12-regular]:!
Missing character: There is no ═ (U+2550) in font [lmmono12-regular]:!
Missing character: There is no ═ (U+2550) in font [lmmono12-regular]:!
Missing character: There is no ═ (U+2550) in font [lmmono12-regular]:!
Missing character: There is no ═ (U+2550) in font [lmmono12-regular]:!
Missing character: There is no ═ (U+2550) in font [lmmono12-regular]:!
Missing character: There is no ═ (U+2550) in font [lmmono12-regular]:!
Missing character: There is no ═ (U+2550) in font [lmmono12-regular]:!
Missing character: There is no ═ (U+2550) in font [lmmono12-regular]:!
Missing character: There is no ═ (U+2550) in font [lmmono12-regular]:!
Missing character: There is no ═ (U+2550) in font [lmmono12-regular]:!
Missing character: There is no ═ (U+2550) in font [lmmono12-regular]:!
Missing character: There is no ═ (U+2550) in font [lmmono12-regular]:!
Missing character: There is no ═ (U+2550) in font [lmmono12-regular]:!
Missing character: There is no ═ (U+2550) in font [lmmono12-regular]:!
Missing character: There is no ═ (U+2550) in font [lmmono12-regular]:!
Missing character: There is no ═ (U+2550) in font [lmmono12-regular]:!
Missing character: There is no ═ (U+2550) in font [lmmono12-regular]:!
Missing character: There is no ═ (U+2550) in font [lmmono12-regular]:!
Missing character: There is no ═ (U+2550) in font [lmmono12-regular]:!
Missing character: There is no ═ (U+2550) in font [lmmono12-regular]:!
Missing character: There is no ═ (U+2550) in font [lmmono12-regular]:!
Missing character: There is no ═ (U+2550) in font [lmmono12-regular]:!
Missing character: There is no ═ (U+2550) in font [lmmono12-regular]:!
Missing character: There is no ═ (U+2550) in font [lmmono12-regular]:!
Missing character: There is no ═ (U+2550) in font [lmmono12-regular]:!
Missing character: There is no ═ (U+2550) in font [lmmono12-regular]:!
Missing character: There is no ═ (U+2550) in font [lmmono12-regular]:!
Missing character: There is no ═ (U+2550) in font [lmmono12-regular]:!
Missing character: There is no ═ (U+2550) in font [lmmono12-regular]:!
Missing character: There is no ═ (U+2550) in font [lmmono12-regular]:!
Missing character: There is no ═ (U+2550) in font [lmmono12-regular]:!
Missing character: There is no ═ (U+2550) in font [lmmono12-regular]:!
Missing character: There is no ═ (U+2550) in font [lmmono12-regular]:!
Missing character: There is no ═ (U+2550) in font [lmmono12-regular]:!
Missing character: There is no ═ (U+2550) in font [lmmono12-regular]:!
Missing character: There is no ═ (U+2550) in font [lmmono12-regular]:!
Missing character: There is no ═ (U+2550) in font [lmmono12-regular]:!
Missing character: There is no ═ (U+2550) in font [lmmono12-regular]:!
Missing character: There is no ═ (U+2550) in font [lmmono12-regular]:!
Missing character: There is no ═ (U+2550) in font [lmmono12-regular]:!
Missing character: There is no ═ (U+2550) in font [lmmono12-regular]:!
Missing character: There is no ═ (U+2550) in font [lmmono12-regular]:!
Missing character: There is no ═ (U+2550) in font [lmmono12-regular]:!
Missing character: There is no ═ (U+2550) in font [lmmono12-regular]:!
Missing character: There is no ═ (U+2550) in font [lmmono12-regular]:!
Missing character: There is no ═ (U+2550) in font [lmmono12-regular]:!
Missing character: There is no ═ (U+2550) in font [lmmono12-regular]:!
Missing character: There is no ═ (U+2550) in font [lmmono12-regular]:!
Missing character: There is no ═ (U+2550) in font [lmmono12-regular]:!
Missing character: There is no ═ (U+2550) in font [lmmono12-regular]:!
Missing character: There is no ═ (U+2550) in font [lmmono12-regular]:!
Missing character: There is no ═ (U+2550) in font [lmmono12-regular]:!
Missing character: There is no ═ (U+2550) in font [lmmono12-regular]:!
Missing character: There is no ═ (U+2550) in font [lmmono12-regular]:!
Missing character: There is no ═ (U+2550) in font [lmmono12-regular]:!
Missing character: There is no ═ (U+2550) in font [lmmono12-regular]:!
Missing character: There is no ═ (U+2550) in font [lmmono12-regular]:!
Missing character: There is no ═ (U+2550) in font [lmmono12-regular]:!
Missing character: There is no ═ (U+2550) in font [lmmono12-regular]:!
Missing character: There is no ═ (U+2550) in font [lmmono12-regular]:!
Missing character: There is no ═ (U+2550) in font [lmmono12-regular]:!
Missing character: There is no ═ (U+2550) in font [lmmono12-regular]:!
Missing character: There is no ═ (U+2550) in font [lmmono12-regular]:!
Missing character: There is no ═ (U+2550) in font [lmmono12-regular]:!
Missing character: There is no ═ (U+2550) in font [lmmono12-regular]:!
Missing character: There is no ═ (U+2550) in font [lmmono12-regular]:!
Missing character: There is no ═ (U+2550) in font [lmmono12-regular]:!
Missing character: There is no ═ (U+2550) in font [lmmono12-regular]:!
Missing character: There is no ═ (U+2550) in font [lmmono12-regular]:!
Missing character: There is no ═ (U+2550) in font [lmmono12-regular]:!
Missing character: There is no ═ (U+2550) in font [lmmono12-regular]:!
Missing character: There is no ═ (U+2550) in font [lmmono12-regular]:!
Missing character: There is no ═ (U+2550) in font [lmmono12-regular]:!
Missing character: There is no ═ (U+2550) in font [lmmono12-regular]:!
Missing character: There is no ═ (U+2550) in font [lmmono12-regular]:!
Missing character: There is no ═ (U+2550) in font [lmmono12-regular]:!
Missing character: There is no ═ (U+2550) in font [lmmono12-regular]:!
Missing character: There is no ═ (U+2550) in font [lmmono12-regular]:!
Missing character: There is no ═ (U+2550) in font [lmmono12-regular]:!
Missing character: There is no ═ (U+2550) in font [lmmono12-regular]:!
Missing character: There is no ═ (U+2550) in font [lmmono12-regular]:!
Missing character: There is no ═ (U+2550) in font [lmmono12-regular]:!
Missing character: There is no ═ (U+2550) in font [lmmono12-regular]:!
Missing character: There is no ═ (U+2550) in font [lmmono12-regular]:!
Missing character: There is no ═ (U+2550) in font [lmmono12-regular]:!
Missing character: There is no ═ (U+2550) in font [lmmono12-regular]:!
Missing character: There is no ═ (U+2550) in font [lmmono12-regular]:!
Missing character: There is no ═ (U+2550) in font [lmmono12-regular]:!
Missing character: There is no ═ (U+2550) in font [lmmono12-regular]:!
Missing character: There is no ═ (U+2550) in font [lmmono12-regular]:!
Missing character: There is no ═ (U+2550) in font [lmmono12-regular]:!
Missing character: There is no ═ (U+2550) in font [lmmono12-regular]:!
Missing character: There is no ═ (U+2550) in font [lmmono12-regular]:!
Missing character: There is no ═ (U+2550) in font [lmmono12-regular]:!
Missing character: There is no ═ (U+2550) in font [lmmono12-regular]:!
Missing character: There is no ═ (U+2550) in font [lmmono12-regular]:!
Missing character: There is no ═ (U+2550) in font [lmmono12-regular]:!
Missing character: There is no ═ (U+2550) in font [lmmono12-regular]:!
Missing character: There is no ═ (U+2550) in font [lmmono12-regular]:!
Missing character: There is no ═ (U+2550) in font [lmmono12-regular]:!
Missing character: There is no ═ (U+2550) in font [lmmono12-regular]:!
Missing character: There is no ═ (U+2550) in font [lmmono12-regular]:!
Missing character: There is no ═ (U+2550) in font [lmmono12-regular]:!
Missing character: There is no ═ (U+2550) in font [lmmono12-regular]:!
Missing character: There is no ═ (U+2550) in font [lmmono12-regular]:!
Missing character: There is no ═ (U+2550) in font [lmmono12-regular]:!
[444]
Missing character: There is no ✓ (U+2713) in font [lmmono12-regular]:!
Missing character: There is no ✓ (U+2713) in font [lmmono12-regular]:!
Missing character: There is no ✓ (U+2713) in font [lmmono12-regular]:!

Overfull \hbox (5.43579pt too wide) in paragraph at lines 20397--20397
[]   \TU/lmtt/m/n/12 ✓ A diferença é tanto ESTATISTICAMENTE quanto PRATICAMENTE significativa[] 
 []

Missing character: There is no ✓ (U+2713) in font [lmmono12-regular]:!
Missing character: There is no μ (U+03BC) in font [lmmono12-regular]:!

Overfull \hbox (20.6158pt too wide) in paragraph at lines 20418--20418
[]   \TU/lmtt/m/n/12 • Adultos jovens podem ter habilidades diferentes de outras faixas etárias[] 
 []


Overfull \hbox (8.2558pt too wide) in paragraph at lines 20419--20419
[]   \TU/lmtt/m/n/12 • O desempenho pode variar com treinamento ou familiaridade com as vozes[] 
 []

Missing character: There is no ═ (U+2550) in font [lmmono12-regular]:!
Missing character: There is no ═ (U+2550) in font [lmmono12-regular]:!
Missing character: There is no ═ (U+2550) in font [lmmono12-regular]:!
Missing character: There is no ═ (U+2550) in font [lmmono12-regular]:!
Missing character: There is no ═ (U+2550) in font [lmmono12-regular]:!
Missing character: There is no ═ (U+2550) in font [lmmono12-regular]:!
Missing character: There is no ═ (U+2550) in font [lmmono12-regular]:!
Missing character: There is no ═ (U+2550) in font [lmmono12-regular]:!
Missing character: There is no ═ (U+2550) in font [lmmono12-regular]:!
Missing character: There is no ═ (U+2550) in font [lmmono12-regular]:!
Missing character: There is no ═ (U+2550) in font [lmmono12-regular]:!
Missing character: There is no ═ (U+2550) in font [lmmono12-regular]:!
Missing character: There is no ═ (U+2550) in font [lmmono12-regular]:!
Missing character: There is no ═ (U+2550) in font [lmmono12-regular]:!
Missing character: There is no ═ (U+2550) in font [lmmono12-regular]:!
Missing character: There is no ═ (U+2550) in font [lmmono12-regular]:!
Missing character: There is no ═ (U+2550) in font [lmmono12-regular]:!
Missing character: There is no ═ (U+2550) in font [lmmono12-regular]:!
Missing character: There is no ═ (U+2550) in font [lmmono12-regular]:!
Missing character: There is no ═ (U+2550) in font [lmmono12-regular]:!
Missing character: There is no ═ (U+2550) in font [lmmono12-regular]:!
Missing character: There is no ═ (U+2550) in font [lmmono12-regular]:!
Missing character: There is no ═ (U+2550) in font [lmmono12-regular]:!
Missing character: There is no ═ (U+2550) in font [lmmono12-regular]:!
Missing character: There is no ═ (U+2550) in font [lmmono12-regular]:!
Missing character: There is no ═ (U+2550) in font [lmmono12-regular]:!
Missing character: There is no ═ (U+2550) in font [lmmono12-regular]:!
Missing character: There is no ═ (U+2550) in font [lmmono12-regular]:!
Missing character: There is no ═ (U+2550) in font [lmmono12-regular]:!
Missing character: There is no ═ (U+2550) in font [lmmono12-regular]:!
Missing character: There is no ═ (U+2550) in font [lmmono12-regular]:!
Missing character: There is no ═ (U+2550) in font [lmmono12-regular]:!
Missing character: There is no ═ (U+2550) in font [lmmono12-regular]:!
Missing character: There is no ═ (U+2550) in font [lmmono12-regular]:!
Missing character: There is no ═ (U+2550) in font [lmmono12-regular]:!
Missing character: There is no ═ (U+2550) in font [lmmono12-regular]:!
Missing character: There is no ═ (U+2550) in font [lmmono12-regular]:!
Missing character: There is no ═ (U+2550) in font [lmmono12-regular]:!
Missing character: There is no ═ (U+2550) in font [lmmono12-regular]:!
Missing character: There is no ═ (U+2550) in font [lmmono12-regular]:!
Missing character: There is no ═ (U+2550) in font [lmmono12-regular]:!
Missing character: There is no ═ (U+2550) in font [lmmono12-regular]:!
Missing character: There is no ═ (U+2550) in font [lmmono12-regular]:!
Missing character: There is no ═ (U+2550) in font [lmmono12-regular]:!
Missing character: There is no ═ (U+2550) in font [lmmono12-regular]:!
Missing character: There is no ═ (U+2550) in font [lmmono12-regular]:!
Missing character: There is no ═ (U+2550) in font [lmmono12-regular]:!
Missing character: There is no ═ (U+2550) in font [lmmono12-regular]:!
Missing character: There is no ═ (U+2550) in font [lmmono12-regular]:!
Missing character: There is no ═ (U+2550) in font [lmmono12-regular]:!
Missing character: There is no ═ (U+2550) in font [lmmono12-regular]:!
Missing character: There is no ═ (U+2550) in font [lmmono12-regular]:!
Missing character: There is no ═ (U+2550) in font [lmmono12-regular]:!
Missing character: There is no ═ (U+2550) in font [lmmono12-regular]:!
Missing character: There is no ═ (U+2550) in font [lmmono12-regular]:!
Missing character: There is no ═ (U+2550) in font [lmmono12-regular]:!
Missing character: There is no ═ (U+2550) in font [lmmono12-regular]:!
Missing character: There is no ═ (U+2550) in font [lmmono12-regular]:!
Missing character: There is no ═ (U+2550) in font [lmmono12-regular]:!
Missing character: There is no ═ (U+2550) in font [lmmono12-regular]:!
Missing character: There is no ═ (U+2550) in font [lmmono12-regular]:!
Missing character: There is no ═ (U+2550) in font [lmmono12-regular]:!
Missing character: There is no ═ (U+2550) in font [lmmono12-regular]:!
Missing character: There is no ═ (U+2550) in font [lmmono12-regular]:!
Missing character: There is no ═ (U+2550) in font [lmmono12-regular]:!
Missing character: There is no ═ (U+2550) in font [lmmono12-regular]:!
Missing character: There is no ═ (U+2550) in font [lmmono12-regular]:!
Missing character: There is no ═ (U+2550) in font [lmmono12-regular]:!
Missing character: There is no ═ (U+2550) in font [lmmono12-regular]:!
Missing character: There is no ═ (U+2550) in font [lmmono12-regular]:!
Missing character: There is no ═ (U+2550) in font [lmmono12-regular]:!
Missing character: There is no ═ (U+2550) in font [lmmono12-regular]:!
Missing character: There is no ═ (U+2550) in font [lmmono12-regular]:!
Missing character: There is no ═ (U+2550) in font [lmmono12-regular]:!
Missing character: There is no ═ (U+2550) in font [lmmono12-regular]:!
Missing character: There is no ═ (U+2550) in font [lmmono12-regular]:!
Missing character: There is no ═ (U+2550) in font [lmmono12-regular]:!
Missing character: There is no ═ (U+2550) in font [lmmono12-regular]:!
Missing character: There is no ═ (U+2550) in font [lmmono12-regular]:!
Missing character: There is no ═ (U+2550) in font [lmmono12-regular]:!
Missing character: There is no ═ (U+2550) in font [lmmono12-regular]:!
Missing character: There is no ═ (U+2550) in font [lmmono12-regular]:!
Missing character: There is no ═ (U+2550) in font [lmmono12-regular]:!
Missing character: There is no ═ (U+2550) in font [lmmono12-regular]:!
Missing character: There is no ═ (U+2550) in font [lmmono12-regular]:!
Missing character: There is no ═ (U+2550) in font [lmmono12-regular]:!
Missing character: There is no ═ (U+2550) in font [lmmono12-regular]:!
Missing character: There is no ═ (U+2550) in font [lmmono12-regular]:!
Missing character: There is no ═ (U+2550) in font [lmmono12-regular]:!
Missing character: There is no ═ (U+2550) in font [lmmono12-regular]:!
Missing character: There is no ═ (U+2550) in font [lmmono12-regular]:!
Missing character: There is no ═ (U+2550) in font [lmmono12-regular]:!
Missing character: There is no ═ (U+2550) in font [lmmono12-regular]:!
Missing character: There is no ═ (U+2550) in font [lmmono12-regular]:!
Missing character: There is no ═ (U+2550) in font [lmmono12-regular]:!
Missing character: There is no ═ (U+2550) in font [lmmono12-regular]:!
Missing character: There is no ═ (U+2550) in font [lmmono12-regular]:!
Missing character: There is no ═ (U+2550) in font [lmmono12-regular]:!
Missing character: There is no ═ (U+2550) in font [lmmono12-regular]:!
Missing character: There is no ═ (U+2550) in font [lmmono12-regular]:!
Missing character: There is no ═ (U+2550) in font [lmmono12-regular]:!
Missing character: There is no ═ (U+2550) in font [lmmono12-regular]:!
Missing character: There is no ═ (U+2550) in font [lmmono12-regular]:!
Missing character: There is no ═ (U+2550) in font [lmmono12-regular]:!
Missing character: There is no ═ (U+2550) in font [lmmono12-regular]:!
Missing character: There is no ═ (U+2550) in font [lmmono12-regular]:!
Missing character: There is no ═ (U+2550) in font [lmmono12-regular]:!
Missing character: There is no ═ (U+2550) in font [lmmono12-regular]:!
Missing character: There is no ═ (U+2550) in font [lmmono12-regular]:!
Missing character: There is no ═ (U+2550) in font [lmmono12-regular]:!
Missing character: There is no ═ (U+2550) in font [lmmono12-regular]:!
Missing character: There is no ═ (U+2550) in font [lmmono12-regular]:!
Missing character: There is no ═ (U+2550) in font [lmmono12-regular]:!
Missing character: There is no ═ (U+2550) in font [lmmono12-regular]:!
Missing character: There is no ═ (U+2550) in font [lmmono12-regular]:!
Missing character: There is no ═ (U+2550) in font [lmmono12-regular]:!
Missing character: There is no ═ (U+2550) in font [lmmono12-regular]:!
Missing character: There is no ═ (U+2550) in font [lmmono12-regular]:!
Missing character: There is no ═ (U+2550) in font [lmmono12-regular]:!
Missing character: There is no ═ (U+2550) in font [lmmono12-regular]:!
Missing character: There is no ═ (U+2550) in font [lmmono12-regular]:!
Missing character: There is no ═ (U+2550) in font [lmmono12-regular]:!
Missing character: There is no ═ (U+2550) in font [lmmono12-regular]:!
Missing character: There is no ═ (U+2550) in font [lmmono12-regular]:!
Missing character: There is no ═ (U+2550) in font [lmmono12-regular]:!
Missing character: There is no ═ (U+2550) in font [lmmono12-regular]:!
Missing character: There is no ═ (U+2550) in font [lmmono12-regular]:!
Missing character: There is no ═ (U+2550) in font [lmmono12-regular]:!
Missing character: There is no ═ (U+2550) in font [lmmono12-regular]:!
Missing character: There is no ═ (U+2550) in font [lmmono12-regular]:!
Missing character: There is no ═ (U+2550) in font [lmmono12-regular]:!
Missing character: There is no ═ (U+2550) in font [lmmono12-regular]:!
Missing character: There is no ═ (U+2550) in font [lmmono12-regular]:!
Missing character: There is no ═ (U+2550) in font [lmmono12-regular]:!
Missing character: There is no ═ (U+2550) in font [lmmono12-regular]:!
Missing character: There is no ═ (U+2550) in font [lmmono12-regular]:!
Missing character: There is no ═ (U+2550) in font [lmmono12-regular]:!
Missing character: There is no ═ (U+2550) in font [lmmono12-regular]:!
Missing character: There is no ═ (U+2550) in font [lmmono12-regular]:!
Missing character: There is no ═ (U+2550) in font [lmmono12-regular]:!
Missing character: There is no ═ (U+2550) in font [lmmono12-regular]:!
Missing character: There is no ═ (U+2550) in font [lmmono12-regular]:!
Missing character: There is no ═ (U+2550) in font [lmmono12-regular]:!
Missing character: There is no ═ (U+2550) in font [lmmono12-regular]:!
Missing character: There is no ═ (U+2550) in font [lmmono12-regular]:!
Missing character: There is no ═ (U+2550) in font [lmmono12-regular]:!
Missing character: There is no ═ (U+2550) in font [lmmono12-regular]:!
Missing character: There is no ═ (U+2550) in font [lmmono12-regular]:!
Missing character: There is no ═ (U+2550) in font [lmmono12-regular]:!
Missing character: There is no ═ (U+2550) in font [lmmono12-regular]:!
[445]
Missing character: There is no μ (U+03BC) in font [lmmono12-regular]:!
Missing character: There is no ∈ (U+2208) in font [lmmono12-regular]:!
Missing character: There is no ═ (U+2550) in font [lmmono12-regular]:!
Missing character: There is no ═ (U+2550) in font [lmmono12-regular]:!
Missing character: There is no ═ (U+2550) in font [lmmono12-regular]:!
Missing character: There is no ═ (U+2550) in font [lmmono12-regular]:!
Missing character: There is no ═ (U+2550) in font [lmmono12-regular]:!
Missing character: There is no ═ (U+2550) in font [lmmono12-regular]:!
Missing character: There is no ═ (U+2550) in font [lmmono12-regular]:!
Missing character: There is no ═ (U+2550) in font [lmmono12-regular]:!
Missing character: There is no ═ (U+2550) in font [lmmono12-regular]:!
Missing character: There is no ═ (U+2550) in font [lmmono12-regular]:!
Missing character: There is no ═ (U+2550) in font [lmmono12-regular]:!
Missing character: There is no ═ (U+2550) in font [lmmono12-regular]:!
Missing character: There is no ═ (U+2550) in font [lmmono12-regular]:!
Missing character: There is no ═ (U+2550) in font [lmmono12-regular]:!
Missing character: There is no ═ (U+2550) in font [lmmono12-regular]:!
Missing character: There is no ═ (U+2550) in font [lmmono12-regular]:!
Missing character: There is no ═ (U+2550) in font [lmmono12-regular]:!
Missing character: There is no ═ (U+2550) in font [lmmono12-regular]:!
Missing character: There is no ═ (U+2550) in font [lmmono12-regular]:!
Missing character: There is no ═ (U+2550) in font [lmmono12-regular]:!
Missing character: There is no ═ (U+2550) in font [lmmono12-regular]:!
Missing character: There is no ═ (U+2550) in font [lmmono12-regular]:!
Missing character: There is no ═ (U+2550) in font [lmmono12-regular]:!
Missing character: There is no ═ (U+2550) in font [lmmono12-regular]:!
Missing character: There is no ═ (U+2550) in font [lmmono12-regular]:!
Missing character: There is no ═ (U+2550) in font [lmmono12-regular]:!
Missing character: There is no ═ (U+2550) in font [lmmono12-regular]:!
Missing character: There is no ═ (U+2550) in font [lmmono12-regular]:!
Missing character: There is no ═ (U+2550) in font [lmmono12-regular]:!
Missing character: There is no ═ (U+2550) in font [lmmono12-regular]:!
Missing character: There is no ═ (U+2550) in font [lmmono12-regular]:!
Missing character: There is no ═ (U+2550) in font [lmmono12-regular]:!
Missing character: There is no ═ (U+2550) in font [lmmono12-regular]:!
Missing character: There is no ═ (U+2550) in font [lmmono12-regular]:!
Missing character: There is no ═ (U+2550) in font [lmmono12-regular]:!
Missing character: There is no ═ (U+2550) in font [lmmono12-regular]:!
Missing character: There is no ═ (U+2550) in font [lmmono12-regular]:!
Missing character: There is no ═ (U+2550) in font [lmmono12-regular]:!
Missing character: There is no ═ (U+2550) in font [lmmono12-regular]:!
Missing character: There is no ═ (U+2550) in font [lmmono12-regular]:!
Missing character: There is no ═ (U+2550) in font [lmmono12-regular]:!
Missing character: There is no ═ (U+2550) in font [lmmono12-regular]:!
Missing character: There is no ═ (U+2550) in font [lmmono12-regular]:!
Missing character: There is no ═ (U+2550) in font [lmmono12-regular]:!
Missing character: There is no ═ (U+2550) in font [lmmono12-regular]:!
Missing character: There is no ═ (U+2550) in font [lmmono12-regular]:!
Missing character: There is no ═ (U+2550) in font [lmmono12-regular]:!
Missing character: There is no ═ (U+2550) in font [lmmono12-regular]:!
Missing character: There is no ═ (U+2550) in font [lmmono12-regular]:!
Missing character: There is no ═ (U+2550) in font [lmmono12-regular]:!
Missing character: There is no ═ (U+2550) in font [lmmono12-regular]:!
Missing character: There is no ═ (U+2550) in font [lmmono12-regular]:!
Missing character: There is no ═ (U+2550) in font [lmmono12-regular]:!
Missing character: There is no ═ (U+2550) in font [lmmono12-regular]:!
Missing character: There is no ═ (U+2550) in font [lmmono12-regular]:!
Missing character: There is no ═ (U+2550) in font [lmmono12-regular]:!
Missing character: There is no ═ (U+2550) in font [lmmono12-regular]:!
Missing character: There is no ═ (U+2550) in font [lmmono12-regular]:!
Missing character: There is no ═ (U+2550) in font [lmmono12-regular]:!
Missing character: There is no ═ (U+2550) in font [lmmono12-regular]:!
Missing character: There is no ═ (U+2550) in font [lmmono12-regular]:!
Missing character: There is no ═ (U+2550) in font [lmmono12-regular]:!
Missing character: There is no ═ (U+2550) in font [lmmono12-regular]:!
Missing character: There is no ═ (U+2550) in font [lmmono12-regular]:!
Missing character: There is no ═ (U+2550) in font [lmmono12-regular]:!
Missing character: There is no ═ (U+2550) in font [lmmono12-regular]:!
Missing character: There is no ═ (U+2550) in font [lmmono12-regular]:!
Missing character: There is no ═ (U+2550) in font [lmmono12-regular]:!
Missing character: There is no ═ (U+2550) in font [lmmono12-regular]:!
Missing character: There is no ═ (U+2550) in font [lmmono12-regular]:!
Missing character: There is no ═ (U+2550) in font [lmmono12-regular]:!
Missing character: There is no ═ (U+2550) in font [lmmono12-regular]:!
Missing character: There is no ═ (U+2550) in font [lmmono12-regular]:!
Missing character: There is no ═ (U+2550) in font [lmmono12-regular]:!
Missing character: There is no ═ (U+2550) in font [lmmono12-regular]:!
Missing character: There is no ═ (U+2550) in font [lmmono12-regular]:!
Missing character: There is no ═ (U+2550) in font [lmmono12-regular]:!
Missing character: There is no ═ (U+2550) in font [lmmono12-regular]:!
Missing character: There is no ═ (U+2550) in font [lmmono12-regular]:!
Missing character: There is no ═ (U+2550) in font [lmmono12-regular]:!
Missing character: There is no ═ (U+2550) in font [lmmono12-regular]:!
Missing character: There is no ═ (U+2550) in font [lmmono12-regular]:!
Missing character: There is no ═ (U+2550) in font [lmmono12-regular]:!
Missing character: There is no ═ (U+2550) in font [lmmono12-regular]:!
Missing character: There is no ═ (U+2550) in font [lmmono12-regular]:!
Missing character: There is no ═ (U+2550) in font [lmmono12-regular]:!
Missing character: There is no ═ (U+2550) in font [lmmono12-regular]:!
Missing character: There is no ═ (U+2550) in font [lmmono12-regular]:!
Missing character: There is no ═ (U+2550) in font [lmmono12-regular]:!
Missing character: There is no ═ (U+2550) in font [lmmono12-regular]:!
Missing character: There is no ═ (U+2550) in font [lmmono12-regular]:!
Missing character: There is no ═ (U+2550) in font [lmmono12-regular]:!
Missing character: There is no ═ (U+2550) in font [lmmono12-regular]:!
Missing character: There is no ═ (U+2550) in font [lmmono12-regular]:!
Missing character: There is no ═ (U+2550) in font [lmmono12-regular]:!
Missing character: There is no ═ (U+2550) in font [lmmono12-regular]:!
Missing character: There is no ═ (U+2550) in font [lmmono12-regular]:!
Missing character: There is no ═ (U+2550) in font [lmmono12-regular]:!
Missing character: There is no ═ (U+2550) in font [lmmono12-regular]:!
Missing character: There is no ═ (U+2550) in font [lmmono12-regular]:!
Missing character: There is no ═ (U+2550) in font [lmmono12-regular]:!
Missing character: There is no ═ (U+2550) in font [lmmono12-regular]:!
Missing character: There is no ═ (U+2550) in font [lmmono12-regular]:!
Missing character: There is no ═ (U+2550) in font [lmmono12-regular]:!
Missing character: There is no ═ (U+2550) in font [lmmono12-regular]:!
Missing character: There is no ═ (U+2550) in font [lmmono12-regular]:!
Missing character: There is no ═ (U+2550) in font [lmmono12-regular]:!
Missing character: There is no ═ (U+2550) in font [lmmono12-regular]:!
Missing character: There is no ═ (U+2550) in font [lmmono12-regular]:!
Missing character: There is no ═ (U+2550) in font [lmmono12-regular]:!
Missing character: There is no ═ (U+2550) in font [lmmono12-regular]:!
Missing character: There is no ═ (U+2550) in font [lmmono12-regular]:!
Missing character: There is no ═ (U+2550) in font [lmmono12-regular]:!
Missing character: There is no ═ (U+2550) in font [lmmono12-regular]:!
Missing character: There is no ═ (U+2550) in font [lmmono12-regular]:!
Missing character: There is no ═ (U+2550) in font [lmmono12-regular]:!
Missing character: There is no ═ (U+2550) in font [lmmono12-regular]:!
Missing character: There is no ═ (U+2550) in font [lmmono12-regular]:!
Missing character: There is no ═ (U+2550) in font [lmmono12-regular]:!
Missing character: There is no ═ (U+2550) in font [lmmono12-regular]:!
Missing character: There is no ═ (U+2550) in font [lmmono12-regular]:!
Missing character: There is no ═ (U+2550) in font [lmmono12-regular]:!
Missing character: There is no ═ (U+2550) in font [lmmono12-regular]:!
Missing character: There is no ═ (U+2550) in font [lmmono12-regular]:!
Missing character: There is no ═ (U+2550) in font [lmmono12-regular]:!
Missing character: There is no ═ (U+2550) in font [lmmono12-regular]:!
Missing character: There is no ═ (U+2550) in font [lmmono12-regular]:!
Missing character: There is no ═ (U+2550) in font [lmmono12-regular]:!
Missing character: There is no ═ (U+2550) in font [lmmono12-regular]:!
Missing character: There is no ═ (U+2550) in font [lmmono12-regular]:!
Missing character: There is no ═ (U+2550) in font [lmmono12-regular]:!
Missing character: There is no ═ (U+2550) in font [lmmono12-regular]:!
Missing character: There is no ═ (U+2550) in font [lmmono12-regular]:!
Missing character: There is no ═ (U+2550) in font [lmmono12-regular]:!
Missing character: There is no ═ (U+2550) in font [lmmono12-regular]:!
Missing character: There is no ═ (U+2550) in font [lmmono12-regular]:!
Missing character: There is no ═ (U+2550) in font [lmmono12-regular]:!
Missing character: There is no ═ (U+2550) in font [lmmono12-regular]:!
Missing character: There is no ═ (U+2550) in font [lmmono12-regular]:!
Missing character: There is no ═ (U+2550) in font [lmmono12-regular]:!
Missing character: There is no ═ (U+2550) in font [lmmono12-regular]:!
Missing character: There is no ═ (U+2550) in font [lmmono12-regular]:!
Missing character: There is no ═ (U+2550) in font [lmmono12-regular]:!
Missing character: There is no ═ (U+2550) in font [lmmono12-regular]:!
Missing character: There is no ═ (U+2550) in font [lmmono12-regular]:!
Missing character: There is no ═ (U+2550) in font [lmmono12-regular]:!
Missing character: There is no ═ (U+2550) in font [lmmono12-regular]:!
Missing character: There is no ═ (U+2550) in font [lmmono12-regular]:!
Missing character: There is no ═ (U+2550) in font [lmmono12-regular]:!
Missing character: There is no ═ (U+2550) in font [lmmono12-regular]:!
Missing character: There is no ═ (U+2550) in font [lmmono12-regular]:!
Missing character: There is no ═ (U+2550) in font [lmmono12-regular]:!
Missing character: There is no ═ (U+2550) in font [lmmono12-regular]:!
Missing character: There is no ═ (U+2550) in font [lmmono12-regular]:!
Missing character: There is no ═ (U+2550) in font [lmmono12-regular]:!
Missing character: There is no ═ (U+2550) in font [lmmono12-regular]:!
Missing character: There is no ═ (U+2550) in font [lmmono12-regular]:!
Missing character: There is no ═ (U+2550) in font [lmmono12-regular]:!
Missing character: There is no ═ (U+2550) in font [lmmono12-regular]:!
Missing character: There is no ═ (U+2550) in font [lmmono12-regular]:!
Missing character: There is no ═ (U+2550) in font [lmmono12-regular]:!
Missing character: There is no ═ (U+2550) in font [lmmono12-regular]:!
Missing character: There is no ═ (U+2550) in font [lmmono12-regular]:!
Missing character: There is no ═ (U+2550) in font [lmmono12-regular]:!
Missing character: There is no ═ (U+2550) in font [lmmono12-regular]:!
Missing character: There is no ═ (U+2550) in font [lmmono12-regular]:!
Missing character: There is no ═ (U+2550) in font [lmmono12-regular]:!
Missing character: There is no ═ (U+2550) in font [lmmono12-regular]:!
Missing character: There is no ═ (U+2550) in font [lmmono12-regular]:!
Missing character: There is no ═ (U+2550) in font [lmmono12-regular]:!
Missing character: There is no ═ (U+2550) in font [lmmono12-regular]:!
Missing character: There is no ═ (U+2550) in font [lmmono12-regular]:!
Missing character: There is no ═ (U+2550) in font [lmmono12-regular]:!
Missing character: There is no ═ (U+2550) in font [lmmono12-regular]:!
Missing character: There is no ═ (U+2550) in font [lmmono12-regular]:!
Missing character: There is no ═ (U+2550) in font [lmmono12-regular]:!
Missing character: There is no ═ (U+2550) in font [lmmono12-regular]:!
Missing character: There is no ═ (U+2550) in font [lmmono12-regular]:!
Missing character: There is no ═ (U+2550) in font [lmmono12-regular]:!
Missing character: There is no ═ (U+2550) in font [lmmono12-regular]:!
Missing character: There is no ═ (U+2550) in font [lmmono12-regular]:!
Missing character: There is no ═ (U+2550) in font [lmmono12-regular]:!
Missing character: There is no ═ (U+2550) in font [lmmono12-regular]:!
Missing character: There is no ═ (U+2550) in font [lmmono12-regular]:!
Missing character: There is no ═ (U+2550) in font [lmmono12-regular]:!
Missing character: There is no ═ (U+2550) in font [lmmono12-regular]:!
Missing character: There is no ═ (U+2550) in font [lmmono12-regular]:!
Missing character: There is no ═ (U+2550) in font [lmmono12-regular]:!
Missing character: There is no ═ (U+2550) in font [lmmono12-regular]:!
Missing character: There is no ═ (U+2550) in font [lmmono12-regular]:!
Missing character: There is no ═ (U+2550) in font [lmmono12-regular]:!
Missing character: There is no ═ (U+2550) in font [lmmono12-regular]:!
Missing character: There is no ═ (U+2550) in font [lmmono12-regular]:!
Missing character: There is no ═ (U+2550) in font [lmmono12-regular]:!
Missing character: There is no ═ (U+2550) in font [lmmono12-regular]:!
Missing character: There is no ═ (U+2550) in font [lmmono12-regular]:!
Missing character: There is no ═ (U+2550) in font [lmmono12-regular]:!
Missing character: There is no ═ (U+2550) in font [lmmono12-regular]:!
Missing character: There is no ═ (U+2550) in font [lmmono12-regular]:!
Missing character: There is no ═ (U+2550) in font [lmmono12-regular]:!
Missing character: There is no ═ (U+2550) in font [lmmono12-regular]:!
Missing character: There is no ═ (U+2550) in font [lmmono12-regular]:!
Missing character: There is no ═ (U+2550) in font [lmmono12-regular]:!
Missing character: There is no ═ (U+2550) in font [lmmono12-regular]:!
Missing character: There is no ═ (U+2550) in font [lmmono12-regular]:!
Missing character: There is no ═ (U+2550) in font [lmmono12-regular]:!
Missing character: There is no ═ (U+2550) in font [lmmono12-regular]:!
Missing character: There is no ═ (U+2550) in font [lmmono12-regular]:!
Missing character: There is no ═ (U+2550) in font [lmmono12-regular]:!
Missing character: There is no ═ (U+2550) in font [lmmono12-regular]:!
Missing character: There is no ═ (U+2550) in font [lmmono12-regular]:!
Missing character: There is no ═ (U+2550) in font [lmmono12-regular]:!
Missing character: There is no ═ (U+2550) in font [lmmono12-regular]:!
Missing character: There is no ═ (U+2550) in font [lmmono12-regular]:!
Missing character: There is no ═ (U+2550) in font [lmmono12-regular]:!
Missing character: There is no ═ (U+2550) in font [lmmono12-regular]:!
Missing character: There is no ═ (U+2550) in font [lmmono12-regular]:!
Missing character: There is no ═ (U+2550) in font [lmmono12-regular]:!
Missing character: There is no ═ (U+2550) in font [lmmono12-regular]:!
Missing character: There is no ═ (U+2550) in font [lmmono12-regular]:!
Missing character: There is no ═ (U+2550) in font [lmmono12-regular]:!
Missing character: There is no ═ (U+2550) in font [lmmono12-regular]:!
Missing character: There is no ═ (U+2550) in font [lmmono12-regular]:!
Missing character: There is no ═ (U+2550) in font [lmmono12-regular]:!
Missing character: There is no ═ (U+2550) in font [lmmono12-regular]:!
Missing character: There is no ═ (U+2550) in font [lmmono12-regular]:!
Missing character: There is no ═ (U+2550) in font [lmmono12-regular]:!
Missing character: There is no ═ (U+2550) in font [lmmono12-regular]:!
Missing character: There is no ═ (U+2550) in font [lmmono12-regular]:!
Missing character: There is no ═ (U+2550) in font [lmmono12-regular]:!
Missing character: There is no ═ (U+2550) in font [lmmono12-regular]:!
Missing character: There is no ═ (U+2550) in font [lmmono12-regular]:!
Missing character: There is no ═ (U+2550) in font [lmmono12-regular]:!
Missing character: There is no ═ (U+2550) in font [lmmono12-regular]:!
Missing character: There is no ═ (U+2550) in font [lmmono12-regular]:!
Missing character: There is no ═ (U+2550) in font [lmmono12-regular]:!
Missing character: There is no ═ (U+2550) in font [lmmono12-regular]:!
Missing character: There is no ═ (U+2550) in font [lmmono12-regular]:!
Missing character: There is no ═ (U+2550) in font [lmmono12-regular]:!
Missing character: There is no ═ (U+2550) in font [lmmono12-regular]:!
Missing character: There is no ═ (U+2550) in font [lmmono12-regular]:!
Missing character: There is no ═ (U+2550) in font [lmmono12-regular]:!
Missing character: There is no ═ (U+2550) in font [lmmono12-regular]:!
Missing character: There is no ═ (U+2550) in font [lmmono12-regular]:!
Missing character: There is no ═ (U+2550) in font [lmmono12-regular]:!
Missing character: There is no ═ (U+2550) in font [lmmono12-regular]:!
Missing character: There is no ═ (U+2550) in font [lmmono12-regular]:!
Missing character: There is no ═ (U+2550) in font [lmmono12-regular]:!
Missing character: There is no ═ (U+2550) in font [lmmono12-regular]:!
Missing character: There is no ═ (U+2550) in font [lmmono12-regular]:!
Missing character: There is no ═ (U+2550) in font [lmmono12-regular]:!
Missing character: There is no ═ (U+2550) in font [lmmono12-regular]:!
Missing character: There is no ═ (U+2550) in font [lmmono12-regular]:!
Missing character: There is no ═ (U+2550) in font [lmmono12-regular]:!
Missing character: There is no ═ (U+2550) in font [lmmono12-regular]:!
Missing character: There is no ═ (U+2550) in font [lmmono12-regular]:!
Missing character: There is no ═ (U+2550) in font [lmmono12-regular]:!
Missing character: There is no ═ (U+2550) in font [lmmono12-regular]:!
Missing character: There is no ═ (U+2550) in font [lmmono12-regular]:!
Missing character: There is no ═ (U+2550) in font [lmmono12-regular]:!
Missing character: There is no ═ (U+2550) in font [lmmono12-regular]:!
Missing character: There is no ═ (U+2550) in font [lmmono12-regular]:!
Missing character: There is no ═ (U+2550) in font [lmmono12-regular]:!
Missing character: There is no ═ (U+2550) in font [lmmono12-regular]:!
Missing character: There is no ═ (U+2550) in font [lmmono12-regular]:!
Missing character: There is no ═ (U+2550) in font [lmmono12-regular]:!
Missing character: There is no ═ (U+2550) in font [lmmono12-regular]:!
Missing character: There is no ═ (U+2550) in font [lmmono12-regular]:!
Missing character: There is no ═ (U+2550) in font [lmmono12-regular]:!
Missing character: There is no ═ (U+2550) in font [lmmono12-regular]:!
Missing character: There is no ═ (U+2550) in font [lmmono12-regular]:!
Missing character: There is no ═ (U+2550) in font [lmmono12-regular]:!
Missing character: There is no ═ (U+2550) in font [lmmono12-regular]:!
Missing character: There is no ═ (U+2550) in font [lmmono12-regular]:!
Missing character: There is no ═ (U+2550) in font [lmmono12-regular]:!
Missing character: There is no ═ (U+2550) in font [lmmono12-regular]:!
Missing character: There is no ═ (U+2550) in font [lmmono12-regular]:!
Missing character: There is no ═ (U+2550) in font [lmmono12-regular]:!
Missing character: There is no ═ (U+2550) in font [lmmono12-regular]:!
Missing character: There is no ═ (U+2550) in font [lmmono12-regular]:!
Missing character: There is no ═ (U+2550) in font [lmmono12-regular]:!
Missing character: There is no ═ (U+2550) in font [lmmono12-regular]:!
Missing character: There is no ═ (U+2550) in font [lmmono12-regular]:!
Missing character: There is no ═ (U+2550) in font [lmmono12-regular]:!
Missing character: There is no ═ (U+2550) in font [lmmono12-regular]:!
Missing character: There is no ═ (U+2550) in font [lmmono12-regular]:!
Missing character: There is no ═ (U+2550) in font [lmmono12-regular]:!
Missing character: There is no ═ (U+2550) in font [lmmono12-regular]:!
Missing character: There is no ═ (U+2550) in font [lmmono12-regular]:!
Missing character: There is no ═ (U+2550) in font [lmmono12-regular]:!
Missing character: There is no ═ (U+2550) in font [lmmono12-regular]:!
Missing character: There is no ═ (U+2550) in font [lmmono12-regular]:!
Missing character: There is no ═ (U+2550) in font [lmmono12-regular]:!
Missing character: There is no ═ (U+2550) in font [lmmono12-regular]:!
Missing character: There is no ═ (U+2550) in font [lmmono12-regular]:!
Missing character: There is no ═ (U+2550) in font [lmmono12-regular]:!
Missing character: There is no ═ (U+2550) in font [lmmono12-regular]:!
Missing character: There is no ═ (U+2550) in font [lmmono12-regular]:!
Missing character: There is no ═ (U+2550) in font [lmmono12-regular]:!
Missing character: There is no ═ (U+2550) in font [lmmono12-regular]:!
Missing character: There is no ₀ (U+2080) in font [lmmono12-regular]:!
Missing character: There is no ₀ (U+2080) in font [lmmono12-regular]:!
Missing character: There is no ₀ (U+2080) in font [lmmono12-regular]:!
Missing character: There is no μ (U+03BC) in font [lmmono12-regular]:!
Missing character: There is no ₁ (U+2081) in font [lmmono12-regular]:!
Missing character: There is no ₁ (U+2081) in font [lmmono12-regular]:!
Missing character: There is no ₁ (U+2081) in font [lmmono12-regular]:!
Missing character: There is no μ (U+03BC) in font [lmmono12-regular]:!
Missing character: There is no α (U+03B1) in font [lmmono12-regular]:!
Missing character: There is no α (U+03B1) in font [lmmono12-regular]:!
Missing character: There is no ✓ (U+2713) in font [lmmono12-regular]:!
Missing character: There is no ₀ (U+2080) in font [lmmono12-regular]:!
Missing character: There is no ✓ (U+2713) in font [lmmono12-regular]:!
Missing character: There is no ✓ (U+2713) in font [lmmono12-regular]:!
File: cap20-InferenciaSobreUmaMediaPop_files/figure-pdf/unnamed-chunk-4-1.pdf Graphic file (type pdf)
<use cap20-InferenciaSobreUmaMediaPop_files/figure-pdf/unnamed-chunk-4-1.pdf>
File: cap20-InferenciaSobreUmaMediaPop_files/figure-pdf/unnamed-chunk-4-2.pdf Graphic file (type pdf)
<use cap20-InferenciaSobreUmaMediaPop_files/figure-pdf/unnamed-chunk-4-2.pdf>
[446]
Missing character: There is no 📊 (U+1F4CA) in font [lmsans10-bold]:mapping=tex-text;!
Missing character: There is no 🎯 (U+1F3AF) in font [lmsans10-bold]:mapping=tex-text;!
Missing character: There is no μ (U+03BC) in font [lmsans10-bold]:mapping=tex-text;!
Missing character: There is no ∈ (U+2208) in font [lmsans10-bold]:mapping=tex-text;!
Missing character: There is no ✅ (U+2705) in font [lmsans10-bold]:mapping=tex-text;!
Missing character: There is no 📊 (U+1F4CA) in font Liberation Serif Bold/OT:script=latn;language=dflt;mapping=tex-text;!

Package fancyhdr Warning: \headheight is too small (18.125pt): 
(fancyhdr)                Make it at least 27.29926pt, for example:
(fancyhdr)                \setlength{\headheight}{27.29926pt}.
(fancyhdr)                You might also make \topmargin smaller:
(fancyhdr)                \addtolength{\topmargin}{-9.17426pt}.

[447]
Missing character: There is no 📈 (U+1F4C8) in font [lmsans10-bold]:mapping=tex-text;!
Missing character: There is no ₀ (U+2080) in font [lmmono12-regular]:!
Missing character: There is no μ (U+03BC) in font [lmmono12-regular]:!
Missing character: There is no ≤ (U+2264) in font [lmmono12-regular]:!
Missing character: There is no ₀ (U+2080) in font [lmmono12-regular]:!
Missing character: There is no μ (U+03BC) in font [lmmono12-regular]:!
Missing character: There is no ≤ (U+2264) in font [lmmono12-regular]:!
Missing character: There is no ₁ (U+2081) in font [lmmono12-regular]:!
Missing character: There is no μ (U+03BC) in font [lmmono12-regular]:!
Missing character: There is no ₁ (U+2081) in font [lmmono12-regular]:!
Missing character: There is no μ (U+03BC) in font [lmmono12-regular]:!
Missing character: There is no ₀ (U+2080) in font [lmmono12-regular]:!
Missing character: There is no ₀ (U+2080) in font [lmmono12-regular]:!
Missing character: There is no ₀ (U+2080) in font [lmmono12-regular]:!
Missing character: There is no ₀ (U+2080) in font [lmmono12-regular]:!
Missing character: There is no 📊 (U+1F4CA) in font Liberation Serif Bold/OT:script=latn;language=dflt;mapping=tex-text;!

Package fancyhdr Warning: \headheight is too small (18.125pt): 
(fancyhdr)                Make it at least 27.29926pt, for example:
(fancyhdr)                \setlength{\headheight}{27.29926pt}.
(fancyhdr)                You might also make \topmargin smaller:
(fancyhdr)                \addtolength{\topmargin}{-9.17426pt}.

[448]
Overfull \hbox (181.1877pt too wide) in paragraph at lines 20569--20569
[]\TU/lmtt/m/n/12 Amostra: 7.2, 8.1, 6.5, 7.8, 8.3, 7, 6.8, 7.9, 8, 7.3, 6.9, 7.7, 8.2, 7.4, 6.7, 7.6, 8.1, 7.5, 6.6, 7.8[] 
 []

Missing character: There is no ₀ (U+2080) in font [lmmono12-regular]:!
Missing character: There is no ₀ (U+2080) in font [lmmono12-regular]:!
Missing character: There is no ₀ (U+2080) in font [lmmono12-regular]:!
Missing character: There is no μ (U+03BC) in font [lmmono12-regular]:!
Missing character: There is no ≤ (U+2264) in font [lmmono12-regular]:!
Missing character: There is no ₁ (U+2081) in font [lmmono12-regular]:!
Missing character: There is no ₁ (U+2081) in font [lmmono12-regular]:!
Missing character: There is no ₁ (U+2081) in font [lmmono12-regular]:!
Missing character: There is no μ (U+03BC) in font [lmmono12-regular]:!
Missing character: There is no ₀ (U+2080) in font [lmmono12-regular]:!

Underfull \hbox (badness 7522) in paragraph at lines 20593--20594
\TU/LiberationSerif(0)/m/sc/12 FÓRMULA BÁSICA PARA TAMANHO AMOSTRAL (TESTE t BILATERAL ou
 []

Missing character: There is no 📊 (U+1F4CA) in font Liberation Serif Bold/OT:script=latn;language=dflt;mapping=tex-text;!

Package fancyhdr Warning: \headheight is too small (18.125pt): 
(fancyhdr)                Make it at least 27.29926pt, for example:
(fancyhdr)                \setlength{\headheight}{27.29926pt}.
(fancyhdr)                You might also make \topmargin smaller:
(fancyhdr)                \addtolength{\topmargin}{-9.17426pt}.

[449]
File: fig/TesteHipotese_H0xH1_EstatisticaTesteForaDaRegiaoRejeicaoH0_ErroTipoII-Beta_DuasCaldas_AlphaPorDois.PNG Graphic file (type bmp)
<fig/TesteHipotese_H0xH1_EstatisticaTesteForaDaRegiaoRejeicaoH0_ErroTipoII-Beta_DuasCaldas_AlphaPorDois.PNG>
Missing character: There is no 📊 (U+1F4CA) in font Liberation Serif Bold/OT:script=latn;language=dflt;mapping=tex-text;!

Package fancyhdr Warning: \headheight is too small (18.125pt): 
(fancyhdr)                Make it at least 27.29926pt, for example:
(fancyhdr)                \setlength{\headheight}{27.29926pt}.
(fancyhdr)                You might also make \topmargin smaller:
(fancyhdr)                \addtolength{\topmargin}{-9.17426pt}.

[450]
Underfull \hbox (badness 1024) in paragraph at lines 20633--20636
[]\TU/LiberationSerif(0)/m/sc/12 O link a seguir apresenta um excelente simulador para cálculo do tamanho da amostra
 []

Missing character: There is no 𝚫 (U+1D6AB) in font Liberation Serif/OT:script=latn;language=dflt;mapping=tex-text;!
File: fig/d-Cohen-pldrck-10-1.png Graphic file (type bmp)
<fig/d-Cohen-pldrck-10-1.png>
Missing character: There is no 📊 (U+1F4CA) in font Liberation Serif Bold/OT:script=latn;language=dflt;mapping=tex-text;!

Package fancyhdr Warning: \headheight is too small (18.125pt): 
(fancyhdr)                Make it at least 27.29926pt, for example:
(fancyhdr)                \setlength{\headheight}{27.29926pt}.
(fancyhdr)                You might also make \topmargin smaller:
(fancyhdr)                \addtolength{\topmargin}{-9.17426pt}.

[451]
File: cap20-InferenciaSobreUmaMediaPop_files/figure-pdf/unnamed-chunk-5-1.pdf Graphic file (type pdf)
<use cap20-InferenciaSobreUmaMediaPop_files/figure-pdf/unnamed-chunk-5-1.pdf>
Missing character: There is no 📊 (U+1F4CA) in font Liberation Serif Bold/OT:script=latn;language=dflt;mapping=tex-text;!

Package fancyhdr Warning: \headheight is too small (18.125pt): 
(fancyhdr)                Make it at least 27.29926pt, for example:
(fancyhdr)                \setlength{\headheight}{27.29926pt}.
(fancyhdr)                You might also make \topmargin smaller:
(fancyhdr)                \addtolength{\topmargin}{-9.17426pt}.

[452]
Missing character: There is no σ (U+03C3) in font [lmmono12-regular]:!
Missing character: There is no σ (U+03C3) in font [lmmono12-regular]:!
Missing character: There is no α (U+03B1) in font [lmmono12-regular]:!
Missing character: There is no α (U+03B1) in font [lmmono12-regular]:!
Missing character: There is no 📊 (U+1F4CA) in font Liberation Serif Bold/OT:script=latn;language=dflt;mapping=tex-text;!

Package fancyhdr Warning: \headheight is too small (18.125pt): 
(fancyhdr)                Make it at least 27.29926pt, for example:
(fancyhdr)                \setlength{\headheight}{27.29926pt}.
(fancyhdr)                You might also make \topmargin smaller:
(fancyhdr)                \addtolength{\topmargin}{-9.17426pt}.

[453]
Missing character: There is no σ (U+03C3) in font [lmmono12-regular]:!
Missing character: There is no α (U+03B1) in font [lmmono12-regular]:!
Missing character: There is no ₀ (U+2080) in font [lmmono12-regular]:!
Missing character: There is no μ (U+03BC) in font [lmmono12-regular]:!
Missing character: There is no ₁ (U+2081) in font [lmmono12-regular]:!
Missing character: There is no μ (U+03BC) in font [lmmono12-regular]:!
Missing character: There is no ≠ (U+2260) in font [lmmono12-regular]:!
Missing character: There is no ₀ (U+2080) in font [lmmono12-regular]:!
Missing character: There is no μ (U+03BC) in font [lmmono12-regular]:!
Missing character: There is no ₁ (U+2081) in font [lmmono12-regular]:!
Missing character: There is no μ (U+03BC) in font [lmmono12-regular]:!
Missing character: There is no ≠ (U+2260) in font [lmmono12-regular]:!
[454]
Missing character: There is no ₀ (U+2080) in font [lmmono12-regular]:!
Missing character: There is no μ (U+03BC) in font [lmmono12-regular]:!
Missing character: There is no ₁ (U+2081) in font [lmmono12-regular]:!
Missing character: There is no μ (U+03BC) in font [lmmono12-regular]:!
Missing character: There is no ≠ (U+2260) in font [lmmono12-regular]:!
[455]
Missing character: There is no ≅ (U+2245) in font Liberation Serif/OT:script=latn;language=dflt;mapping=tex-text;!
Missing character: There is no ≅ (U+2245) in font Liberation Serif/OT:script=latn;language=dflt;mapping=tex-text;!
Missing character: There is no 𝛼 (U+1D6FC) in font Liberation Serif/OT:script=latn;language=dflt;mapping=tex-text;!
[456] [457]
chapter 16.

Underfull \hbox (badness 3872) in paragraph at lines 21055--21058
[]\TU/LiberationSerif(0)/b/n/12 Estudos antes-- depois\TU/LiberationSerif(0)/m/sc/12 : Medições na mesma pessoa/unidade em momentos
 []

[458

]
ignored error: Infinite glue shrinkage found in box being split

Package fancyhdr Warning: \headheight is too small (18.125pt): 
(fancyhdr)                Make it at least 27.29926pt, for example:
(fancyhdr)                \setlength{\headheight}{27.29926pt}.
(fancyhdr)                You might also make \topmargin smaller:
(fancyhdr)                \addtolength{\topmargin}{-9.17426pt}.

[459]

Package fancyhdr Warning: \headheight is too small (18.125pt): 
(fancyhdr)                Make it at least 27.19379pt, for example:
(fancyhdr)                \setlength{\headheight}{27.19379pt}.
(fancyhdr)                You might also make \topmargin smaller:
(fancyhdr)                \addtolength{\topmargin}{-9.06879pt}.

[460]

Package fancyhdr Warning: \headheight is too small (18.125pt): 
(fancyhdr)                Make it at least 27.19379pt, for example:
(fancyhdr)                \setlength{\headheight}{27.19379pt}.
(fancyhdr)                You might also make \topmargin smaller:
(fancyhdr)                \addtolength{\topmargin}{-9.06879pt}.

[461]
File: teste-t-pareado_files/figure-pdf/exploracao-emparelhados-1.pdf Graphic file (type pdf)
<use teste-t-pareado_files/figure-pdf/exploracao-emparelhados-1.pdf>

Overfull \hbox (11.99754pt too wide) in paragraph at lines 21213--21214
[][] 
 []

Missing character: There is no ₀ (U+2080) in font [lmmono12-regular]:!
Missing character: There is no μ (U+03BC) in font [lmmono12-regular]:!
Missing character: There is no ₀ (U+2080) in font [lmmono12-regular]:!
Missing character: There is no μ (U+03BC) in font [lmmono12-regular]:!
Missing character: There is no ₁ (U+2081) in font [lmmono12-regular]:!
Missing character: There is no μ (U+03BC) in font [lmmono12-regular]:!
Missing character: There is no ₁ (U+2081) in font [lmmono12-regular]:!
Missing character: There is no μ (U+03BC) in font [lmmono12-regular]:!
Missing character: There is no ₀ (U+2080) in font [lmmono12-regular]:!
Missing character: There is no μ (U+03BC) in font [lmmono12-regular]:!
Missing character: There is no ₀ (U+2080) in font [lmmono12-regular]:!
Missing character: There is no μ (U+03BC) in font [lmmono12-regular]:!
Missing character: There is no ₁ (U+2081) in font [lmmono12-regular]:!
Missing character: There is no μ (U+03BC) in font [lmmono12-regular]:!
Missing character: There is no ₁ (U+2081) in font [lmmono12-regular]:!
Missing character: There is no μ (U+03BC) in font [lmmono12-regular]:!
Missing character: There is no α (U+03B1) in font [lmmono12-regular]:!
Missing character: There is no α (U+03B1) in font [lmmono12-regular]:!
Missing character: There is no μ (U+03BC) in font [lmmono12-regular]:!
Missing character: There is no μ (U+03BC) in font [lmmono12-regular]:!
Missing character: There is no ₀ (U+2080) in font [lmmono12-regular]:!
Missing character: There is no ₀ (U+2080) in font [lmmono12-regular]:!
Missing character: There is no ₀ (U+2080) in font [lmmono12-regular]:!
Missing character: There is no ≥ (U+2265) in font [lmmono12-regular]:!
Missing character: There is no ₀ (U+2080) in font [lmmono12-regular]:!
Missing character: There is no ≥ (U+2265) in font [lmmono12-regular]:!
Missing character: There is no ₀ (U+2080) in font [lmmono12-regular]:!
Missing character: There is no ₀ (U+2080) in font [lmmono12-regular]:!
Missing character: There is no ₅ (U+2085) in font [lmmono12-regular]:!
Missing character: There is no ₁ (U+2081) in font [lmmono12-regular]:!
Missing character: There is no ₁ (U+2081) in font [lmmono12-regular]:!
Missing character: There is no ₀ (U+2080) in font [lmmono12-regular]:!
Missing character: There is no ₀ (U+2080) in font [lmmono12-regular]:!
Missing character: There is no ₅ (U+2085) in font [lmmono12-regular]:!
Missing character: There is no ₁ (U+2081) in font [lmmono12-regular]:!
Missing character: There is no ₁ (U+2081) in font [lmmono12-regular]:!
Missing character: There is no ₀ (U+2080) in font [lmmono12-regular]:!
Missing character: There is no ₀ (U+2080) in font [lmmono12-regular]:!
Missing character: There is no ≤ (U+2264) in font [lmmono12-regular]:!
Missing character: There is no ₀ (U+2080) in font [lmmono12-regular]:!
Missing character: There is no ≤ (U+2264) in font [lmmono12-regular]:!
Missing character: There is no ₀ (U+2080) in font [lmmono12-regular]:!

Package fancyhdr Warning: \headheight is too small (18.125pt): 
(fancyhdr)                Make it at least 27.19379pt, for example:
(fancyhdr)                \setlength{\headheight}{27.19379pt}.
(fancyhdr)                You might also make \topmargin smaller:
(fancyhdr)                \addtolength{\topmargin}{-9.06879pt}.

[462]

Package fancyhdr Warning: \headheight is too small (18.125pt): 
(fancyhdr)                Make it at least 27.19379pt, for example:
(fancyhdr)                \setlength{\headheight}{27.19379pt}.
(fancyhdr)                You might also make \topmargin smaller:
(fancyhdr)                \addtolength{\topmargin}{-9.06879pt}.

[463]
Missing character: There is no ₀ (U+2080) in font [lmmono12-regular]:!
Missing character: There is no ₀ (U+2080) in font [lmmono12-regular]:!
Missing character: There is no ₀ (U+2080) in font [lmmono12-regular]:!
Missing character: There is no μ (U+03BC) in font [lmmono12-regular]:!
Missing character: There is no ₁ (U+2081) in font [lmmono12-regular]:!
Missing character: There is no ₁ (U+2081) in font [lmmono12-regular]:!
Missing character: There is no ₁ (U+2081) in font [lmmono12-regular]:!
Missing character: There is no μ (U+03BC) in font [lmmono12-regular]:!
Missing character: There is no α (U+03B1) in font [lmmono12-regular]:!
Missing character: There is no α (U+03B1) in font [lmmono12-regular]:!
Missing character: There is no μ (U+03BC) in font [lmmono12-regular]:!
Missing character: There is no ₀ (U+2080) in font [lmmono12-regular]:!
Missing character: There is no ₀ (U+2080) in font [lmmono12-regular]:!
Missing character: There is no ₀ (U+2080) in font [lmmono12-regular]:!
Missing character: There is no ₅ (U+2085) in font [lmmono12-regular]:!
Missing character: There is no ₁ (U+2081) in font [lmmono12-regular]:!
Missing character: There is no ₁ (U+2081) in font [lmmono12-regular]:!
Missing character: There is no ₀ (U+2080) in font [lmmono12-regular]:!
Missing character: There is no μ (U+03BC) in font [lmmono12-regular]:!
Missing character: There is no μ (U+03BC) in font [lmmono12-regular]:!
Missing character: There is no μ (U+03BC) in font [lmmono12-regular]:!
Missing character: There is no μ (U+03BC) in font [lmmono12-regular]:!
Missing character: There is no μ (U+03BC) in font [lmmono12-regular]:!
Missing character: There is no μ (U+03BC) in font [lmmono12-regular]:!

Package fancyhdr Warning: \headheight is too small (18.125pt): 
(fancyhdr)                Make it at least 27.19379pt, for example:
(fancyhdr)                \setlength{\headheight}{27.19379pt}.
(fancyhdr)                You might also make \topmargin smaller:
(fancyhdr)                \addtolength{\topmargin}{-9.06879pt}.

[464]

Package fancyhdr Warning: \headheight is too small (18.125pt): 
(fancyhdr)                Make it at least 27.29926pt, for example:
(fancyhdr)                \setlength{\headheight}{27.29926pt}.
(fancyhdr)                You might also make \topmargin smaller:
(fancyhdr)                \addtolength{\topmargin}{-9.17426pt}.

[465]
Missing character: There is no μ (U+03BC) in font [lmmono12-regular]:!
! Missing $ inserted.
<inserted text> 
                $
l.21412 ...media}Intervalos de confiança para μ_d}
                                                  \\
I've inserted a begin-math/end-math symbol since I think
you left one out. Proceed, with fingers crossed.

 
Here is how much of TeX's memory you used:
 45681 strings out of 470134
 984542 string characters out of 5474823
 1860314 words of memory out of 5000000
 73505 multiletter control sequences out of 15000+600000
 636745 words of font info for 136 fonts, out of 8000000 for 9000
 36 hyphenation exceptions out of 8191
 108i,16n,116p,11227b,1331s stack positions out of 10000i,1000n,20000p,200000b,200000s
Output written on index.pdf (465 pages).
